"location id","location name",description,lat,lon,icon_color,"icon name"
31464839,Hydrant,Hydrant,34.88594644,-90.00244586,red,Hydrant
31464840,Hydrant,Hydrant,34.88272644,-90.00840586,red,Hydrant
31464841,Hydrant,Hydrant,34.90015645,-90.00325586,red,Hydrant
31464842,Hydrant,Hydrant,34.90433645,-90.00758586,red,Hydrant
31464843,Hydrant,Hydrant,34.90427645,-90.00537586,red,Hydrant
31464844,Hydrant,Hydrant,34.90424645,-90.00342586,red,Hydrant
31464845,Hydrant,Hydrant,34.90424645,-89.99852586,red,Hydrant
31464846,Hydrant,Hydrant,34.90033645,-89.99778586,red,Hydrant
31464847,Hydrant,Hydrant,34.89406644,-89.99656585,red,Hydrant
31464848,Hydrant,Hydrant,34.89531373,-89.99602482,red,Hydrant
31464849,Hydrant,Hydrant,34.88211644,-90.00153586,red,Hydrant
31464850,Hydrant,Hydrant,34.88348644,-89.99543585,red,Hydrant
31464851,Hydrant,Hydrant,34.88221644,-89.97389585,red,Hydrant
31464852,Hydrant,Hydrant,34.88792644,-89.99040585,red,Hydrant
31464853,Hydrant,Hydrant,34.87497644,-89.93724584,red,Hydrant
31464854,Hydrant,Hydrant,34.86774644,-89.93707584,red,Hydrant
31464855,Hydrant,Hydrant,34.85267644,-89.97079585,red,Hydrant
31464856,Hydrant,Hydrant,34.85414644,-89.97055585,red,Hydrant
31464857,Hydrant,Hydrant,34.85412644,-89.96951585,red,Hydrant
31464858,Hydrant,Hydrant,34.85294644,-89.96952584,red,Hydrant
31464859,Hydrant,Hydrant,34.85368644,-89.97206585,red,Hydrant
31464860,Hydrant,Hydrant,34.86033644,-89.98092585,red,Hydrant
31464861,Hydrant,Hydrant,34.86031644,-89.98249585,red,Hydrant
31464862,Hydrant,Hydrant,34.85800644,-89.99684585,red,Hydrant
31464863,Hydrant,Hydrant,34.85526132,-89.99752404,red,Hydrant
31464864,Hydrant,Hydrant,34.85065644,-89.99817585,red,Hydrant
31464865,Hydrant,Hydrant,34.84939643,-89.99827585,red,Hydrant
31464866,Hydrant,Hydrant,34.84786643,-89.99843585,red,Hydrant
31464867,Hydrant,Hydrant,34.84444643,-89.99648585,red,Hydrant
31464868,Hydrant,Hydrant,34.84170643,-89.99757585,red,Hydrant
31464869,Hydrant,Hydrant,34.83952643,-89.99686585,red,Hydrant
31464870,Hydrant,Hydrant,34.83501643,-89.99539585,red,Hydrant
31464871,Hydrant,Hydrant,34.84555643,-89.99634585,red,Hydrant
31464872,Hydrant,Hydrant,34.86447644,-89.99517585,red,Hydrant
31464873,Hydrant,Hydrant,34.88527544,-89.98541585,red,Hydrant
31464874,Hydrant,Hydrant,34.88451144,-89.98149585,red,Hydrant
31464875,Hydrant,Hydrant,34.85078644,-89.97660585,red,Hydrant
31464876,Hydrant,Hydrant,34.85183644,-89.97635585,red,Hydrant
31464877,Hydrant,Hydrant,34.85729644,-89.97744585,red,Hydrant
31464878,Hydrant,Hydrant,34.85916844,-89.97312585,red,Hydrant
31464879,Hydrant,Hydrant,34.84128643,-89.98159585,red,Hydrant
31464880,Hydrant,Hydrant,34.83842643,-89.98328585,red,Hydrant
31464881,Hydrant,Hydrant,34.83678643,-89.98358585,red,Hydrant
31464882,Hydrant,Hydrant,34.83550643,-89.98400585,red,Hydrant
31464883,Hydrant,Hydrant,34.83417643,-89.98494585,red,Hydrant
31464884,Hydrant,Hydrant,34.83354643,-89.99436585,red,Hydrant
31464885,Hydrant,Hydrant,34.83921643,-89.99513585,red,Hydrant
31464886,Hydrant,Hydrant,34.83820643,-89.99508585,red,Hydrant
31464887,Hydrant,Hydrant,34.83895643,-89.99348585,red,Hydrant
31464888,Hydrant,Hydrant,34.83553643,-89.98815585,red,Hydrant
31464889,Hydrant,Hydrant,34.84113643,-89.97208585,red,Hydrant
31464890,Hydrant,Hydrant,34.84671644,-89.96467584,red,Hydrant
31464891,Hydrant,Hydrant,34.83167643,-89.96507584,red,Hydrant
31464892,Hydrant,Hydrant,34.83002643,-89.97118584,red,Hydrant
31464893,Hydrant,Hydrant,34.82544643,-89.97017584,red,Hydrant
31464894,Hydrant,Hydrant,34.81645643,-89.96911584,red,Hydrant
31464895,Hydrant,Hydrant,34.81647643,-89.96844584,red,Hydrant
31464896,Hydrant,Hydrant,34.82179643,-89.96391584,red,Hydrant
31464897,Hydrant,Hydrant,34.81993643,-89.96862584,red,Hydrant
31464898,Hydrant,Hydrant,34.81972643,-89.97176584,red,Hydrant
31464899,Hydrant,Hydrant,34.81731643,-89.97219584,red,Hydrant
31464900,Hydrant,Hydrant,34.81650643,-89.96383584,red,Hydrant
31464901,Hydrant,Hydrant,34.81126643,-89.97010584,red,Hydrant
31464902,Hydrant,Hydrant,34.81279643,-89.97071584,red,Hydrant
31464903,Hydrant,Hydrant,34.82884643,-89.99489585,red,Hydrant
31464904,Hydrant,Hydrant,34.82776643,-89.99468585,red,Hydrant
31464905,Hydrant,Hydrant,34.82778643,-89.99642585,red,Hydrant
31464906,Hydrant,Hydrant,34.82772643,-89.99808585,red,Hydrant
31464907,Hydrant,Hydrant,34.82790871,-90.00001193,red,Hydrant
31464908,Hydrant,Hydrant,34.82937053,-90.00135371,red,Hydrant
31464909,Hydrant,Hydrant,34.83111597,-90.00325102,red,Hydrant
31464910,Hydrant,Hydrant,34.83242643,-90.00468585,red,Hydrant
31464911,Hydrant,Hydrant,34.82609643,-89.99951585,red,Hydrant
31464912,Hydrant,Hydrant,34.82607643,-89.99824585,red,Hydrant
31464913,Hydrant,Hydrant,34.82524643,-89.99651585,red,Hydrant
31464914,Hydrant,Hydrant,34.82652643,-89.99485585,red,Hydrant
31464915,Hydrant,Hydrant,34.82429643,-89.99543585,red,Hydrant
31464916,Hydrant,Hydrant,34.82529643,-89.99485585,red,Hydrant
31464917,Hydrant,Hydrant,34.82409643,-89.99469585,red,Hydrant
31464918,Hydrant,Hydrant,34.82351643,-89.99555585,red,Hydrant
31464919,Hydrant,Hydrant,34.82444643,-89.99734585,red,Hydrant
31464920,Hydrant,Hydrant,34.82347643,-90.00002585,red,Hydrant
31464921,Hydrant,Hydrant,34.82331643,-90.00266585,red,Hydrant
31464922,Hydrant,Hydrant,34.81608643,-90.02340586,red,Hydrant
31464923,Hydrant,Hydrant,34.82006643,-90.00111585,red,Hydrant
31464924,Hydrant,Hydrant,34.81609643,-90.00926585,red,Hydrant
31464925,Hydrant,Hydrant,34.81612643,-90.00681585,red,Hydrant
31464926,Hydrant,Hydrant,34.81562643,-90.00631585,red,Hydrant
31464927,Hydrant,Hydrant,34.81615643,-90.00525585,red,Hydrant
31464928,Hydrant,Hydrant,34.81616643,-90.00529585,red,Hydrant
31464929,Hydrant,Hydrant,34.81628643,-90.00392585,red,Hydrant
31464930,Hydrant,Hydrant,34.81601643,-90.00093585,red,Hydrant
31464931,Hydrant,Hydrant,34.82257643,-89.99402585,red,Hydrant
31464932,Hydrant,Hydrant,34.82171643,-89.99397585,red,Hydrant
31464933,Hydrant,Hydrant,34.82161643,-89.99426585,red,Hydrant
31464934,Hydrant,Hydrant,34.82102643,-89.99424585,red,Hydrant
31464935,Hydrant,Hydrant,34.81606643,-89.99391585,red,Hydrant
31464936,Hydrant,Hydrant,34.81382643,-89.99313585,red,Hydrant
31464937,Hydrant,Hydrant,34.80906643,-89.99018585,red,Hydrant
31464938,Hydrant,Hydrant,34.80884643,-89.99134585,red,Hydrant
31464939,Hydrant,Hydrant,34.81525643,-89.99667585,red,Hydrant
31464940,Hydrant,Hydrant,34.81555643,-89.99956585,red,Hydrant
31464941,Hydrant,Hydrant,34.81071643,-89.99933585,red,Hydrant
31464942,Hydrant,Hydrant,34.81173643,-89.99867585,red,Hydrant
31464943,Hydrant,Hydrant,34.80961643,-89.99974585,red,Hydrant
31464944,Hydrant,Hydrant,34.81033643,-90.00118585,red,Hydrant
31464945,Hydrant,Hydrant,34.81091643,-90.00206585,red,Hydrant
31464946,Hydrant,Hydrant,34.80957643,-90.00164585,red,Hydrant
31464947,Hydrant,Hydrant,34.80995643,-90.00250585,red,Hydrant
31464948,Hydrant,Hydrant,34.80922643,-90.00332585,red,Hydrant
31464949,Hydrant,Hydrant,34.81710643,-90.00042585,red,Hydrant
31464950,Hydrant,Hydrant,34.81839643,-90.00045585,red,Hydrant
31464951,Hydrant,Hydrant,34.81835643,-90.00185585,red,Hydrant
31464952,Hydrant,Hydrant,34.81824643,-90.00276585,red,Hydrant
31464953,Hydrant,Hydrant,34.81827643,-90.00438585,red,Hydrant
31464954,Hydrant,Hydrant,34.81823643,-90.00590585,red,Hydrant
31464955,Hydrant,Hydrant,34.81815643,-90.00733585,red,Hydrant
31464956,Hydrant,Hydrant,34.81844643,-89.99822585,red,Hydrant
31464957,Hydrant,Hydrant,34.81838643,-89.99580585,red,Hydrant
31464958,Hydrant,Hydrant,34.81846643,-89.99424585,red,Hydrant
31464959,Hydrant,Hydrant,34.81983643,-89.99475585,red,Hydrant
31464960,Hydrant,Hydrant,34.82092643,-89.99528585,red,Hydrant
31464961,Hydrant,Hydrant,34.81952643,-89.99539585,red,Hydrant
31464962,Hydrant,Hydrant,34.82010643,-89.99816585,red,Hydrant
31464963,Hydrant,Hydrant,34.82016643,-89.99746585,red,Hydrant
31464964,Hydrant,Hydrant,34.82015643,-89.99677585,red,Hydrant
31464965,Hydrant,Hydrant,34.82090643,-89.99677585,red,Hydrant
31464966,Hydrant,Hydrant,34.82166643,-89.99826585,red,Hydrant
31464967,Hydrant,Hydrant,34.82164643,-89.99921585,red,Hydrant
31464968,Hydrant,Hydrant,34.82156643,-90.00019585,red,Hydrant
31464969,Hydrant,Hydrant,34.82152643,-90.00042585,red,Hydrant
31464970,Hydrant,Hydrant,34.82174643,-90.00301585,red,Hydrant
31464971,Hydrant,Hydrant,34.82035643,-90.00026585,red,Hydrant
31464972,Hydrant,Hydrant,34.81915643,-89.99954585,red,Hydrant
31464973,Hydrant,Hydrant,34.81962643,-89.99967585,red,Hydrant
31464974,Hydrant,Hydrant,34.82249643,-89.99812585,red,Hydrant
31464975,Hydrant,Hydrant,34.82238643,-89.99741585,red,Hydrant
31464976,Hydrant,Hydrant,34.82246643,-89.99650585,red,Hydrant
31464977,Hydrant,Hydrant,34.82246643,-89.99531585,red,Hydrant
31464978,Hydrant,Hydrant,34.82166643,-89.99468585,red,Hydrant
31464979,Hydrant,Hydrant,34.82167643,-89.99551585,red,Hydrant
31464980,Hydrant,Hydrant,34.82344643,-89.99804585,red,Hydrant
31464981,Hydrant,Hydrant,34.84549644,-89.97322585,red,Hydrant
31464982,Hydrant,Hydrant,34.84215643,-89.97370585,red,Hydrant
31464983,Hydrant,Hydrant,34.84111643,-89.97462585,red,Hydrant
31464984,Hydrant,Hydrant,34.84305643,-89.97432585,red,Hydrant
31464985,Hydrant,Hydrant,34.83843643,-89.97227584,red,Hydrant
31464986,Hydrant,Hydrant,34.83151643,-89.97656585,red,Hydrant
31464987,Hydrant,Hydrant,34.83246643,-89.97660585,red,Hydrant
31464988,Hydrant,Hydrant,34.83316643,-89.97728585,red,Hydrant
31464989,Hydrant,Hydrant,34.83307374,-89.97819582,red,Hydrant
31464990,Hydrant,Hydrant,34.83226643,-89.97870585,red,Hydrant
31464991,Hydrant,Hydrant,34.83198643,-89.97725585,red,Hydrant
31464992,Hydrant,Hydrant,34.83069643,-89.97815585,red,Hydrant
31464993,Hydrant,Hydrant,34.82925643,-89.97455584,red,Hydrant
31464994,Hydrant,Hydrant,34.82970643,-89.97558585,red,Hydrant
31464995,Hydrant,Hydrant,34.83048643,-89.97545585,red,Hydrant
31464996,Hydrant,Hydrant,34.83050643,-89.97413585,red,Hydrant
31464997,Hydrant,Hydrant,34.83361643,-89.97231585,red,Hydrant
31464998,Hydrant,Hydrant,34.82747643,-89.97196584,red,Hydrant
31464999,Hydrant,Hydrant,34.82635643,-89.97193584,red,Hydrant
31465000,Hydrant,Hydrant,34.82373643,-89.97007584,red,Hydrant
31465001,Hydrant,Hydrant,34.82374643,-89.96840584,red,Hydrant
31465002,Hydrant,Hydrant,34.82481643,-89.98040585,red,Hydrant
31465003,Hydrant,Hydrant,34.82490643,-89.98056585,red,Hydrant
31465004,Hydrant,Hydrant,34.82531643,-89.97801585,red,Hydrant
31465005,Hydrant,Hydrant,34.82622643,-89.98038585,red,Hydrant
31465006,Hydrant,Hydrant,34.83112643,-89.98194585,red,Hydrant
31465007,Hydrant,Hydrant,34.83024643,-89.98095585,red,Hydrant
31465008,Hydrant,Hydrant,34.82941643,-89.98168585,red,Hydrant
31465009,Hydrant,Hydrant,34.83109643,-89.98316585,red,Hydrant
31465010,Hydrant,Hydrant,34.82365643,-89.99405585,red,Hydrant
31465011,Hydrant,Hydrant,34.82362643,-89.99294585,red,Hydrant
31465012,Hydrant,Hydrant,34.82363643,-89.99109585,red,Hydrant
31465013,Hydrant,Hydrant,34.82369643,-89.98911585,red,Hydrant
31465014,Hydrant,Hydrant,34.82354643,-89.98882585,red,Hydrant
31465015,Hydrant,Hydrant,34.82365643,-89.98678585,red,Hydrant
31465016,Hydrant,Hydrant,34.82369643,-89.98529585,red,Hydrant
31465017,Hydrant,Hydrant,34.82396643,-89.98411585,red,Hydrant
31465018,Hydrant,Hydrant,34.82357643,-89.98325585,red,Hydrant
31465019,Hydrant,Hydrant,34.82211643,-89.98087585,red,Hydrant
31465020,Hydrant,Hydrant,34.82074643,-89.98052585,red,Hydrant
31465021,Hydrant,Hydrant,34.82372643,-89.98085585,red,Hydrant
31465022,Hydrant,Hydrant,34.82317643,-89.98052585,red,Hydrant
31465023,Hydrant,Hydrant,34.82275643,-89.97999585,red,Hydrant
31465024,Hydrant,Hydrant,34.82372643,-89.97353584,red,Hydrant
31465025,Hydrant,Hydrant,34.82455643,-89.97235584,red,Hydrant
31465026,Hydrant,Hydrant,34.82393643,-89.97277584,red,Hydrant
31465027,Hydrant,Hydrant,34.82395643,-89.97411584,red,Hydrant
31465028,Hydrant,Hydrant,34.82580643,-89.98514585,red,Hydrant
31465029,Hydrant,Hydrant,34.83061643,-89.98537585,red,Hydrant
31465030,Hydrant,Hydrant,34.83286643,-89.98414585,red,Hydrant
31465031,Hydrant,Hydrant,34.83305643,-89.98524585,red,Hydrant
31465032,Hydrant,Hydrant,34.82791643,-89.98548585,red,Hydrant
31465033,Hydrant,Hydrant,34.82788643,-89.98893585,red,Hydrant
31465034,Hydrant,Hydrant,34.82772643,-89.99131585,red,Hydrant
31465035,Hydrant,Hydrant,34.82773643,-89.99438585,red,Hydrant
31465036,Hydrant,Hydrant,34.82692643,-89.99118585,red,Hydrant
31465037,Hydrant,Hydrant,34.82522643,-89.99109585,red,Hydrant
31465038,Hydrant,Hydrant,34.82655643,-89.99300585,red,Hydrant
31465039,Hydrant,Hydrant,34.82525643,-89.99349585,red,Hydrant
31465040,Hydrant,Hydrant,34.82523999,-89.98818005,red,Hydrant
31465041,Hydrant,Hydrant,34.81229643,-89.99120585,red,Hydrant
31465042,Hydrant,Hydrant,34.81284643,-89.99037585,red,Hydrant
31465043,Hydrant,Hydrant,34.81341643,-89.99046585,red,Hydrant
31465044,Hydrant,Hydrant,34.81312643,-89.99117585,red,Hydrant
31465045,Hydrant,Hydrant,34.81345643,-89.98951585,red,Hydrant
31465046,Hydrant,Hydrant,34.81519643,-89.98930585,red,Hydrant
31465047,Hydrant,Hydrant,34.81664643,-89.98964585,red,Hydrant
31465048,Hydrant,Hydrant,34.81612643,-89.99312585,red,Hydrant
31465049,Hydrant,Hydrant,34.82026643,-89.99203585,red,Hydrant
31465050,Hydrant,Hydrant,34.82100643,-89.98966585,red,Hydrant
31465051,Hydrant,Hydrant,34.81912643,-89.98950585,red,Hydrant
31465052,Hydrant,Hydrant,34.81979643,-89.98469585,red,Hydrant
31465053,Hydrant,Hydrant,34.81540643,-89.97349584,red,Hydrant
31465054,Hydrant,Hydrant,34.81069643,-89.97180584,red,Hydrant
31465055,Hydrant,Hydrant,34.81377643,-89.97262584,red,Hydrant
31465056,Hydrant,Hydrant,34.81589643,-89.97378584,red,Hydrant
31465057,Hydrant,Hydrant,34.81611643,-89.97409584,red,Hydrant
31465058,Hydrant,Hydrant,34.82081643,-89.97577584,red,Hydrant
31465059,Hydrant,Hydrant,34.82185643,-89.98514585,red,Hydrant
31465060,Hydrant,Hydrant,34.82148643,-89.98245585,red,Hydrant
31465061,Hydrant,Hydrant,34.82309643,-89.98505585,red,Hydrant
31465062,Hydrant,Hydrant,34.82305643,-89.98827585,red,Hydrant
31465063,Hydrant,Hydrant,34.82304643,-89.98969585,red,Hydrant
31465064,Hydrant,Hydrant,34.82301643,-89.99046585,red,Hydrant
31465065,Hydrant,Hydrant,34.82296643,-89.99228585,red,Hydrant
31465066,Hydrant,Hydrant,34.82297643,-89.99319585,red,Hydrant
31465067,Hydrant,Hydrant,34.82259643,-89.99406585,red,Hydrant
31465068,Hydrant,Hydrant,34.82250643,-89.99099585,red,Hydrant
31465069,Hydrant,Hydrant,34.82154643,-89.99042585,red,Hydrant
31465070,Hydrant,Hydrant,34.82171643,-89.99397585,red,Hydrant
31465071,Hydrant,Hydrant,34.82178643,-89.99211585,red,Hydrant
31465072,Hydrant,Hydrant,34.82171643,-89.99200585,red,Hydrant
31465073,Hydrant,Hydrant,34.82176643,-89.98893585,red,Hydrant
31465074,Hydrant,Hydrant,34.82180643,-89.98718585,red,Hydrant
31465075,Hydrant,Hydrant,34.82297643,-89.98672585,red,Hydrant
31465076,Hydrant,Hydrant,34.82061643,-89.97892585,red,Hydrant
31465077,Hydrant,Hydrant,34.81754643,-89.97440584,red,Hydrant
31465078,Hydrant,Hydrant,34.81686643,-89.97550584,red,Hydrant
31465079,Hydrant,Hydrant,34.81718643,-89.97697585,red,Hydrant
31465080,Hydrant,Hydrant,34.81757643,-89.97733585,red,Hydrant
31465081,Hydrant,Hydrant,34.81807643,-89.97701584,red,Hydrant
31465082,Hydrant,Hydrant,34.81681643,-89.97637584,red,Hydrant
31465083,Hydrant,Hydrant,34.87649644,-90.00213586,red,Hydrant
31465084,Hydrant,Hydrant,34.87854644,-90.00218586,red,Hydrant
31465085,Hydrant,Hydrant,34.87886644,-89.99979586,red,Hydrant
31465086,Hydrant,Hydrant,34.87794644,-89.99978585,red,Hydrant
31465087,Hydrant,Hydrant,34.87865644,-90.00136586,red,Hydrant
31465088,Hydrant,Hydrant,34.87711644,-90.00137586,red,Hydrant
31465089,Hydrant,Hydrant,34.96384750,-89.99329632,red,Hydrant
31465090,Hydrant,Hydrant,34.81731643,-89.99373585,red,Hydrant
31465091,Hydrant,Hydrant,34.81745643,-89.98751585,red,Hydrant
31465092,Hydrant,Hydrant,34.81788643,-89.98885585,red,Hydrant
31465093,Hydrant,Hydrant,34.81656643,-89.98679585,red,Hydrant
31465094,Hydrant,Hydrant,34.81578643,-89.98538585,red,Hydrant
31465095,Hydrant,Hydrant,34.98252583,-89.99478385,red,Hydrant
31465096,Hydrant,Hydrant,34.98291137,-89.99610191,red,Hydrant
31465097,Hydrant,Hydrant,34.98648629,-89.99531764,red,Hydrant
31465098,Hydrant,Hydrant,34.98847774,-89.99453371,red,Hydrant
31465099,Hydrant,Hydrant,34.98751484,-89.99335796,red,Hydrant
31465100,Hydrant,Hydrant,34.98751823,-89.99167422,red,Hydrant
31465101,Hydrant,Hydrant,34.98779938,-89.99610184,red,Hydrant
31465102,Hydrant,Hydrant,34.96809648,-89.98840584,red,Hydrant
31465103,Hydrant,Hydrant,34.96687063,-89.98879918,red,Hydrant
31465104,Hydrant,Hydrant,34.96683876,-89.98797677,red,Hydrant
31465105,Hydrant,Hydrant,34.96803251,-89.98949092,red,Hydrant
31465106,Hydrant,Hydrant,34.97236175,-89.98772963,red,Hydrant
31465107,Hydrant,Hydrant,34.97207516,-89.98868779,red,Hydrant
31465108,Hydrant,Hydrant,34.97189703,-89.98839631,red,Hydrant
31465109,Hydrant,Hydrant,34.97055554,-89.98818806,red,Hydrant
31465110,Hydrant,Hydrant,34.97036476,-89.98963690,red,Hydrant
31465111,Hydrant,Hydrant,34.97202045,-89.98960538,red,Hydrant
31465112,Hydrant,Hydrant,34.99027364,-89.96246330,red,Hydrant
31465113,Hydrant,Hydrant,34.98884282,-89.96255106,red,Hydrant
31465114,Hydrant,Hydrant,34.98739379,-89.96269799,red,Hydrant
31465115,Hydrant,Hydrant,34.98958109,-89.95495818,red,Hydrant
31465116,Hydrant,Hydrant,34.99109448,-90.02388895,red,Hydrant
31465117,Hydrant,Hydrant,34.97887388,-89.97542877,red,Hydrant
31465118,Hydrant,Hydrant,34.97964723,-89.97480927,red,Hydrant
31465119,Hydrant,Hydrant,34.98020221,-89.97399234,red,Hydrant
31465120,Hydrant,Hydrant,34.98019756,-89.97242548,red,Hydrant
31465121,Hydrant,Hydrant,34.97929485,-89.97299921,red,Hydrant
31465122,Hydrant,Hydrant,34.97839902,-89.97454136,red,Hydrant
31465123,Hydrant,Hydrant,34.81825643,-90.00646585,red,Hydrant
31465124,Hydrant,Hydrant,34.84488644,-89.97242585,red,Hydrant
31465125,Hydrant,Hydrant,34.84359643,-89.99814585,red,Hydrant
31465126,Hydrant,Hydrant,34.84353643,-89.99630585,red,Hydrant
31465127,Hydrant,Hydrant,34.99278719,-90.07253919,red,Hydrant
31465128,Hydrant,Hydrant,34.99395866,-90.07395174,red,Hydrant
31465129,Hydrant,Hydrant,34.99390080,-90.07232220,red,Hydrant
31465130,Hydrant,Hydrant,34.99355649,-90.07020866,red,Hydrant
31465131,Hydrant,Hydrant,34.99026538,-90.03358190,red,Hydrant
31465132,Hydrant,Hydrant,34.99011304,-90.03326657,red,Hydrant
31465133,Hydrant,Hydrant,34.99021936,-90.03238123,red,Hydrant
31465134,Hydrant,Hydrant,34.96784595,-89.96334438,red,Hydrant
31465135,Hydrant,Hydrant,34.96743895,-89.96053733,red,Hydrant
31465136,Hydrant,Hydrant,34.96735907,-89.95884744,red,Hydrant
31465137,Hydrant,Hydrant,34.96756748,-89.95715561,red,Hydrant
31465138,Hydrant,Hydrant,34.96842029,-89.96085676,red,Hydrant
31465139,Hydrant,Hydrant,34.96827636,-89.95796290,red,Hydrant
31465140,Hydrant,Hydrant,34.96797251,-89.95930698,red,Hydrant
31465141,Hydrant,Hydrant,34.96671273,-89.95919401,red,Hydrant
31465142,Hydrant,Hydrant,34.96660140,-89.96091828,red,Hydrant
31465143,Hydrant,Hydrant,34.96739171,-89.96174467,red,Hydrant
31465144,Hydrant,Hydrant,34.96868371,-89.96178002,red,Hydrant
31465145,Hydrant,Hydrant,34.96659152,-89.96281123,red,Hydrant
31465146,Hydrant,Hydrant,34.96925118,-89.96277773,red,Hydrant
31465147,Hydrant,Hydrant,34.96935735,-89.96119623,red,Hydrant
31465148,Hydrant,Hydrant,34.96934626,-89.95965052,red,Hydrant
31465149,Hydrant,Hydrant,34.96924982,-89.95812649,red,Hydrant
31465150,Hydrant,Hydrant,34.96876039,-89.95561655,red,Hydrant
31465151,Hydrant,Hydrant,34.96834497,-89.95677841,red,Hydrant
31465152,Hydrant,Hydrant,34.96802663,-89.95552523,red,Hydrant
31465153,Hydrant,Hydrant,34.96651525,-89.95608026,red,Hydrant
31465154,Hydrant,Hydrant,34.97914437,-89.99813115,red,Hydrant
31465155,Hydrant,Hydrant,34.98133073,-89.99739796,red,Hydrant
31465156,Hydrant,Hydrant,34.97934575,-89.99709768,red,Hydrant
31465157,Hydrant,Hydrant,34.97939736,-89.99608369,red,Hydrant
31465158,Hydrant,Hydrant,34.98089058,-89.99502091,red,Hydrant
31465159,Hydrant,Hydrant,34.97827370,-89.99508705,red,Hydrant
31465160,Hydrant,Hydrant,34.97932422,-89.99404061,red,Hydrant
31465161,Hydrant,Hydrant,34.97834559,-89.99304352,red,Hydrant
31465162,Hydrant,Hydrant,34.98103516,-89.99209861,red,Hydrant
31465163,Hydrant,Hydrant,34.97888961,-89.99201302,red,Hydrant
31465164,Hydrant,Hydrant,34.98140987,-89.99985009,red,Hydrant
31465165,Hydrant,Hydrant,34.98107654,-90.00062146,red,Hydrant
31465166,Hydrant,Hydrant,34.98063781,-89.99987198,red,Hydrant
31465167,Hydrant,Hydrant,34.97987347,-89.99989384,red,Hydrant
31465168,Hydrant,Hydrant,34.97953473,-90.00066145,red,Hydrant
31465169,Hydrant,Hydrant,34.97909369,-89.99991577,red,Hydrant
31465170,Hydrant,Hydrant,34.99269726,-89.99453243,red,Hydrant
31465171,Hydrant,Hydrant,34.84628644,-89.98309585,red,Hydrant
31465172,Hydrant,Hydrant,34.98457727,-90.01148472,red,Hydrant
31465173,Hydrant,Hydrant,34.98459092,-90.00996476,red,Hydrant
31465174,Hydrant,Hydrant,34.98649522,-90.00935116,red,Hydrant
31465175,Hydrant,Hydrant,34.98646667,-90.01231758,red,Hydrant
31465176,Hydrant,Hydrant,34.98820552,-90.00710480,red,Hydrant
31465177,Hydrant,Hydrant,34.99093750,-90.00712247,red,Hydrant
31465178,Hydrant,Hydrant,34.97775896,-90.00695250,red,Hydrant
31465179,Hydrant,Hydrant,34.97924444,-90.00637465,red,Hydrant
31465180,Hydrant,Hydrant,34.98059479,-90.00457179,red,Hydrant
31465181,Hydrant,Hydrant,34.98238254,-90.00389168,red,Hydrant
31465182,Hydrant,Hydrant,34.98326784,-90.00340140,red,Hydrant
31465183,Hydrant,Hydrant,34.97914827,-90.01067586,red,Hydrant
31465184,Hydrant,Hydrant,34.97801198,-90.01231710,red,Hydrant
31465185,Hydrant,Hydrant,34.97915628,-90.00905642,red,Hydrant
31465186,Hydrant,Hydrant,34.98030835,-90.00734385,red,Hydrant
31465187,Hydrant,Hydrant,34.98319789,-90.00704026,red,Hydrant
31465188,Hydrant,Hydrant,34.98252186,-90.00930899,red,Hydrant
31465189,Hydrant,Hydrant,34.97833281,-90.00508898,red,Hydrant
31465190,Hydrant,Hydrant,34.97961968,-90.00341218,red,Hydrant
31465191,Hydrant,Hydrant,34.98412139,-90.00616607,red,Hydrant
31465192,Hydrant,Hydrant,34.98013451,-90.01002720,red,Hydrant
31465193,Hydrant,Hydrant,34.98194899,-90.00658114,red,Hydrant
31465194,Hydrant,Hydrant,34.98629610,-90.00703771,red,Hydrant
31465195,Hydrant,Hydrant,34.98883267,-90.00992857,red,Hydrant
31465196,Hydrant,Hydrant,34.98758433,-90.01163506,red,Hydrant
31465197,Hydrant,Hydrant,34.98846705,-90.01229842,red,Hydrant
31465198,Hydrant,Hydrant,34.98963859,-90.01139878,red,Hydrant
31465199,Hydrant,Hydrant,34.98758584,-90.00949660,red,Hydrant
31465200,Hydrant,Hydrant,34.91792412,-89.96896455,red,Hydrant
31465201,Hydrant,Hydrant,34.97234971,-89.95579591,red,Hydrant
31465202,Hydrant,Hydrant,34.97179244,-89.95685586,red,Hydrant
31465203,Hydrant,Hydrant,34.97097340,-89.95611346,red,Hydrant
31465204,Hydrant,Hydrant,34.97024159,-89.95669546,red,Hydrant
31465205,Hydrant,Hydrant,34.97153157,-89.95540737,red,Hydrant
31465206,Hydrant,Hydrant,34.96980303,-89.95733768,red,Hydrant
31465207,Hydrant,Hydrant,34.98280287,-89.95521167,red,Hydrant
31465208,Hydrant,Hydrant,34.98225930,-89.95596735,red,Hydrant
31465209,Hydrant,Hydrant,34.98140394,-89.95520377,red,Hydrant
31465210,Hydrant,Hydrant,34.98070043,-89.95574867,red,Hydrant
31465211,Hydrant,Hydrant,34.98034598,-89.95710002,red,Hydrant
31465212,Hydrant,Hydrant,34.97977619,-89.95796292,red,Hydrant
31465213,Hydrant,Hydrant,34.97855590,-89.95795533,red,Hydrant
31465214,Hydrant,Hydrant,34.97904845,-89.95678161,red,Hydrant
31465215,Hydrant,Hydrant,34.97792180,-89.95611255,red,Hydrant
31465216,Hydrant,Hydrant,34.97912911,-89.95518633,red,Hydrant
31465217,Hydrant,Hydrant,34.97646920,-89.95580587,red,Hydrant
31465218,Hydrant,Hydrant,34.97612599,-89.95711484,red,Hydrant
31465219,Hydrant,Hydrant,34.97519515,-89.95532163,red,Hydrant
31465220,Hydrant,Hydrant,34.97524146,-89.95662779,red,Hydrant
31465221,Hydrant,Hydrant,34.97509945,-89.95816782,red,Hydrant
31465222,Hydrant,Hydrant,34.97648351,-89.95818498,red,Hydrant
31465223,Hydrant,Hydrant,34.97874001,-89.95890749,red,Hydrant
31465224,Hydrant,Hydrant,34.97855876,-89.95987270,red,Hydrant
31465225,Hydrant,Hydrant,34.97754540,-89.95790191,red,Hydrant
31465226,Hydrant,Hydrant,34.97755742,-89.95983435,red,Hydrant
31465227,Hydrant,Hydrant,34.97859579,-89.96141176,red,Hydrant
31465228,Hydrant,Hydrant,34.97768024,-89.96135840,red,Hydrant
31465229,Hydrant,Hydrant,34.97649337,-89.96135768,red,Hydrant
31465230,Hydrant,Hydrant,34.97648928,-89.95976689,red,Hydrant
31465231,Hydrant,Hydrant,34.97428683,-89.95640256,red,Hydrant
31465232,Hydrant,Hydrant,34.97357413,-89.95861499,red,Hydrant
31465233,Hydrant,Hydrant,34.97422338,-89.95771757,red,Hydrant
31465234,Hydrant,Hydrant,34.97409578,-89.95933816,red,Hydrant
31465235,Hydrant,Hydrant,34.97304373,-89.95994745,red,Hydrant
31465236,Hydrant,Hydrant,34.97553175,-89.95930708,red,Hydrant
31465237,Hydrant,Hydrant,34.97568278,-89.96109606,red,Hydrant
31465238,Hydrant,Hydrant,34.97329150,-89.96941943,red,Hydrant
31465239,Hydrant,Hydrant,34.97381166,-89.97052669,red,Hydrant
31465240,Hydrant,Hydrant,34.97311629,-89.97116978,red,Hydrant
31465241,Hydrant,Hydrant,34.97434407,-89.96982593,red,Hydrant
31465242,Hydrant,Hydrant,34.97439976,-89.97135477,red,Hydrant
31465243,Hydrant,Hydrant,34.97036254,-89.95525211,red,Hydrant
31465244,Hydrant,Hydrant,34.97088169,-89.95770937,red,Hydrant
31465245,Hydrant,Hydrant,34.84663643,-89.99659585,red,Hydrant
31465246,Hydrant,Hydrant,34.84656643,-89.99764585,red,Hydrant
31465247,Hydrant,Hydrant,34.91621079,-89.95298663,red,Hydrant
31465248,Hydrant,Hydrant,34.91742319,-89.95390735,red,Hydrant
31465249,Hydrant,Hydrant,34.90872202,-89.94253180,red,Hydrant
31465250,Hydrant,Hydrant,34.90960015,-89.94117186,red,Hydrant
31465251,Hydrant,Hydrant,34.91104172,-89.94211452,red,Hydrant
31465252,Hydrant,Hydrant,34.91335594,-89.93862317,red,Hydrant
31465253,Hydrant,Hydrant,34.91339830,-89.93976761,red,Hydrant
31465254,Hydrant,Hydrant,34.91211231,-89.94001768,red,Hydrant
31465255,Hydrant,Hydrant,34.91201396,-89.93875588,red,Hydrant
31465256,Hydrant,Hydrant,34.91241363,-89.93760971,red,Hydrant
31465257,Hydrant,Hydrant,34.91079254,-89.93942064,red,Hydrant
31465258,Hydrant,Hydrant,34.91047003,-89.93766570,red,Hydrant
31465259,Hydrant,Hydrant,34.90901747,-89.93762450,red,Hydrant
31465260,Hydrant,Hydrant,34.90856793,-89.93915334,red,Hydrant
31465261,Hydrant,Hydrant,34.90950562,-89.93980425,red,Hydrant
31465262,Hydrant,Hydrant,34.97692491,-89.98910901,red,Hydrant
31465263,Hydrant,Hydrant,34.97673037,-89.98746002,red,Hydrant
31465264,Hydrant,Hydrant,34.97633014,-89.98706804,red,Hydrant
31465265,Hydrant,Hydrant,34.97626355,-89.98624868,red,Hydrant
31465266,Hydrant,Hydrant,34.83602643,-89.98605585,red,Hydrant
31465267,Hydrant,Hydrant,34.83604643,-89.98737585,red,Hydrant
31465268,Hydrant,Hydrant,34.83713643,-89.98719585,red,Hydrant
31465269,Hydrant,Hydrant,34.83767643,-89.98594585,red,Hydrant
31465270,Hydrant,Hydrant,34.83810643,-89.98765585,red,Hydrant
31465271,Hydrant,Hydrant,34.83703643,-89.98819585,red,Hydrant
31465272,Hydrant,Hydrant,34.83813643,-89.98925585,red,Hydrant
31465273,Hydrant,Hydrant,34.81143643,-89.99029585,red,Hydrant
31465274,Hydrant,Hydrant,34.81177643,-89.99137585,red,Hydrant
31465275,Hydrant,Hydrant,34.82070643,-90.00010585,red,Hydrant
31465276,Hydrant,Hydrant,34.82354643,-89.98190585,red,Hydrant
31465277,Hydrant,Hydrant,34.82325643,-89.98225585,red,Hydrant
31465278,Hydrant,Hydrant,34.81392643,-89.98953585,red,Hydrant
31465279,Hydrant,Hydrant,34.81477643,-89.99036585,red,Hydrant
31465280,Hydrant,Hydrant,34.81588643,-89.98958585,red,Hydrant
31465281,Hydrant,Hydrant,34.97260013,-90.01975186,red,Hydrant
31465282,Hydrant,Hydrant,34.82534643,-89.96860584,red,Hydrant
31465283,Hydrant,Hydrant,34.82485643,-89.96878584,red,Hydrant
31465284,Hydrant,Hydrant,34.82493643,-89.96727584,red,Hydrant
31465285,Hydrant,Hydrant,34.82451643,-89.96643584,red,Hydrant
31465286,Hydrant,Hydrant,34.82450643,-89.96534584,red,Hydrant
31465287,Hydrant,Hydrant,34.82515643,-89.96478584,red,Hydrant
31465288,Hydrant,Hydrant,34.82585643,-89.96608584,red,Hydrant
31465289,Hydrant,Hydrant,34.82431643,-89.96367584,red,Hydrant
31465290,Hydrant,Hydrant,34.82549643,-89.96367584,red,Hydrant
31465291,Hydrant,Hydrant,34.97807039,-89.97964285,red,Hydrant
31465292,Hydrant,Hydrant,34.97758821,-89.98051840,red,Hydrant
31465293,Hydrant,Hydrant,34.97673700,-89.98494462,red,Hydrant
31465294,Hydrant,Hydrant,34.97663119,-89.98390976,red,Hydrant
31465295,Hydrant,Hydrant,34.97697208,-89.98254520,red,Hydrant
31465296,Hydrant,Hydrant,34.82769643,-89.98345585,red,Hydrant
31465297,Hydrant,Hydrant,34.82727643,-89.98223585,red,Hydrant
31465298,Hydrant,Hydrant,34.84119643,-89.99418585,red,Hydrant
31465299,Hydrant,Hydrant,34.84112643,-89.99235585,red,Hydrant
31465300,Hydrant,Hydrant,34.84251643,-89.99006585,red,Hydrant
31465301,Hydrant,Hydrant,34.84380643,-89.98981585,red,Hydrant
31465302,Hydrant,Hydrant,34.84132643,-89.99063585,red,Hydrant
31465303,Hydrant,Hydrant,34.84157643,-89.99146585,red,Hydrant
31465304,Hydrant,Hydrant,34.84196643,-89.99267585,red,Hydrant
31465305,Hydrant,Hydrant,34.84425643,-89.99149585,red,Hydrant
31465306,Hydrant,Hydrant,34.84319643,-89.99245585,red,Hydrant
31465307,Hydrant,Hydrant,34.84205643,-89.99360585,red,Hydrant
31465308,Hydrant,Hydrant,34.84338643,-89.99448585,red,Hydrant
31465309,Hydrant,Hydrant,34.84543643,-89.99380585,red,Hydrant
31465310,Hydrant,Hydrant,34.84078643,-89.98792585,red,Hydrant
31465311,Hydrant,Hydrant,34.84235643,-89.98903585,red,Hydrant
31465312,Hydrant,Hydrant,34.84253643,-89.98708585,red,Hydrant
31465313,Hydrant,Hydrant,34.84333643,-89.98805585,red,Hydrant
31465314,Hydrant,Hydrant,34.84452643,-89.98902585,red,Hydrant
31465315,Hydrant,Hydrant,34.84620643,-89.98909585,red,Hydrant
31465316,Hydrant,Hydrant,34.84424643,-89.98795585,red,Hydrant
31465317,Hydrant,Hydrant,34.84519643,-89.98689585,red,Hydrant
31465318,Hydrant,Hydrant,34.84420643,-89.98588585,red,Hydrant
31465319,Hydrant,Hydrant,34.84334643,-89.98628585,red,Hydrant
31465320,Hydrant,Hydrant,34.84261643,-89.98588585,red,Hydrant
31465321,Hydrant,Hydrant,34.84574643,-89.98798585,red,Hydrant
31465322,Hydrant,Hydrant,34.84719643,-89.98775585,red,Hydrant
31465323,Hydrant,Hydrant,34.84679643,-89.98663585,red,Hydrant
31465324,Hydrant,Hydrant,34.84730643,-89.98894585,red,Hydrant
31465325,Hydrant,Hydrant,34.84788644,-89.98812585,red,Hydrant
31465326,Hydrant,Hydrant,34.84806643,-89.98906585,red,Hydrant
31465327,Hydrant,Hydrant,34.84908643,-89.98894585,red,Hydrant
31465328,Hydrant,Hydrant,34.85055644,-89.98850585,red,Hydrant
31465329,Hydrant,Hydrant,34.85084644,-89.98974585,red,Hydrant
31465330,Hydrant,Hydrant,34.85082644,-89.99150585,red,Hydrant
31465331,Hydrant,Hydrant,34.84973644,-89.99014585,red,Hydrant
31465332,Hydrant,Hydrant,34.84969644,-89.99176585,red,Hydrant
31465333,Hydrant,Hydrant,34.84970643,-89.99332585,red,Hydrant
31465334,Hydrant,Hydrant,34.85083644,-89.99358585,red,Hydrant
31465335,Hydrant,Hydrant,34.85236644,-89.99169585,red,Hydrant
31465336,Hydrant,Hydrant,34.85218644,-89.98920585,red,Hydrant
31465337,Hydrant,Hydrant,34.85224644,-89.99402585,red,Hydrant
31465338,Hydrant,Hydrant,34.81308643,-90.00854585,red,Hydrant
31465339,Hydrant,Hydrant,34.81343643,-90.01043585,red,Hydrant
31465340,Hydrant,Hydrant,34.95363978,-90.15407257,red,Hydrant
31465341,Hydrant,Hydrant,34.95813978,-90.15450590,red,Hydrant
31465342,Hydrant,Hydrant,34.95607312,-90.15445590,red,Hydrant
31465343,Hydrant,Hydrant,34.95467312,-90.15457257,red,Hydrant
31465344,Hydrant,Hydrant,34.95385645,-90.15492257,red,Hydrant
31465345,Hydrant,Hydrant,34.98201481,-90.01542224,red,Hydrant
31465346,Hydrant,Hydrant,34.97102975,-89.99120619,red,Hydrant
31465347,Hydrant,Hydrant,34.97096090,-89.99176119,red,Hydrant
31465348,Hydrant,Hydrant,34.96920061,-89.99011409,red,Hydrant
31465349,Hydrant,Hydrant,34.96826461,-89.99032520,red,Hydrant
31465350,Hydrant,Hydrant,34.96826983,-89.99134249,red,Hydrant
31465351,Hydrant,Hydrant,34.96934916,-89.99247522,red,Hydrant
31465352,Hydrant,Hydrant,34.96762054,-89.99012911,red,Hydrant
31465353,Hydrant,Hydrant,34.99274520,-89.99275418,red,Hydrant
31465354,Hydrant,Hydrant,34.99201165,-89.99402529,red,Hydrant
31465355,Hydrant,Hydrant,34.96319491,-89.98704284,red,Hydrant
31465356,Hydrant,Hydrant,34.96387196,-89.98707552,red,Hydrant
31465357,Hydrant,Hydrant,34.96513227,-89.98708248,red,Hydrant
31465358,Hydrant,Hydrant,34.96375194,-89.98749321,red,Hydrant
31465359,Hydrant,Hydrant,34.96291903,-89.98776010,red,Hydrant
31465360,Hydrant,Hydrant,34.96294261,-89.98844843,red,Hydrant
31465361,Hydrant,Hydrant,34.94760279,-90.00048999,red,Hydrant
31465362,Hydrant,Hydrant,34.94685229,-89.99966381,red,Hydrant
31465363,Hydrant,Hydrant,34.94579349,-90.00036978,red,Hydrant
31465364,Hydrant,Hydrant,34.94399195,-90.00412823,red,Hydrant
31465365,Hydrant,Hydrant,34.94502275,-90.00380943,red,Hydrant
31465366,Hydrant,Hydrant,34.94595887,-90.00406663,red,Hydrant
31465367,Hydrant,Hydrant,34.94661848,-90.00708903,red,Hydrant
31465368,Hydrant,Hydrant,34.94496343,-90.00709065,red,Hydrant
31465369,Hydrant,Hydrant,34.94736088,-90.00282147,red,Hydrant
31465370,Hydrant,Hydrant,34.94369315,-90.00791240,red,Hydrant
31465371,Hydrant,Hydrant,34.94346367,-90.01067056,red,Hydrant
31465372,Hydrant,Hydrant,34.94345129,-90.01344253,red,Hydrant
31465373,Hydrant,Hydrant,34.94504971,-90.00159492,red,Hydrant
31465374,Hydrant,Hydrant,34.94490473,-89.99895085,red,Hydrant
31465375,Hydrant,Hydrant,34.94692279,-90.00382214,red,Hydrant
31465376,Hydrant,Hydrant,34.92768157,-89.95379695,red,Hydrant
31465377,Hydrant,Hydrant,34.88196644,-89.98026585,red,Hydrant
31465378,Hydrant,Hydrant,34.87934644,-89.98025585,red,Hydrant
31465379,Hydrant,Hydrant,34.87803644,-89.98024585,red,Hydrant
31465380,Hydrant,Hydrant,34.87665644,-89.98027585,red,Hydrant
31465381,Hydrant,Hydrant,34.94237879,-90.00793783,red,Hydrant
31465382,Hydrant,Hydrant,34.94207897,-90.01131434,red,Hydrant
31465383,Hydrant,Hydrant,34.94164110,-90.01625426,red,Hydrant
31465384,Hydrant,Hydrant,34.94177754,-90.01468961,red,Hydrant
31465385,Hydrant,Hydrant,34.81643643,-89.96646584,red,Hydrant
31465386,Hydrant,Hydrant,34.81327643,-89.96690584,red,Hydrant
31465387,Hydrant,Hydrant,34.81643643,-89.96445584,red,Hydrant
31465388,Hydrant,Hydrant,34.81569643,-89.96544584,red,Hydrant
31465389,Hydrant,Hydrant,34.81462643,-89.96391584,red,Hydrant
31465390,Hydrant,Hydrant,34.81481643,-89.96606584,red,Hydrant
31465391,Hydrant,Hydrant,34.81570643,-89.96711584,red,Hydrant
31465392,Hydrant,Hydrant,34.81448643,-89.96706584,red,Hydrant
31465393,Hydrant,Hydrant,34.81350643,-89.96803584,red,Hydrant
31465394,Hydrant,Hydrant,34.81163643,-89.96575584,red,Hydrant
31465395,Hydrant,Hydrant,34.81280643,-89.96385584,red,Hydrant
31465396,Hydrant,Hydrant,34.81391643,-89.96386584,red,Hydrant
31465397,Hydrant,Hydrant,34.81079643,-89.96649584,red,Hydrant
31465398,Hydrant,Hydrant,34.81067643,-89.96418584,red,Hydrant
31465399,Hydrant,Hydrant,34.80990643,-89.96498584,red,Hydrant
31465400,Hydrant,Hydrant,34.80986643,-89.96723584,red,Hydrant
31465401,Hydrant,Hydrant,34.81126643,-89.96886584,red,Hydrant
31465402,Hydrant,Hydrant,34.80976643,-89.96946584,red,Hydrant
31465403,Hydrant,Hydrant,34.81408643,-89.97122584,red,Hydrant
31465404,Hydrant,Hydrant,34.81496643,-89.97067584,red,Hydrant
31465405,Hydrant,Hydrant,34.81404643,-89.97006584,red,Hydrant
31465406,Hydrant,Hydrant,34.81440643,-89.96899584,red,Hydrant
31465407,Hydrant,Hydrant,34.81565643,-89.96937584,red,Hydrant
31465408,Hydrant,Hydrant,34.80674643,-89.95550584,red,Hydrant
31465409,Hydrant,Hydrant,34.80657643,-89.95742584,red,Hydrant
31465410,Hydrant,Hydrant,34.80681643,-89.95911584,red,Hydrant
31465411,Hydrant,Hydrant,34.80827643,-89.96026584,red,Hydrant
31465412,Hydrant,Hydrant,34.80833643,-89.96200584,red,Hydrant
31465413,Hydrant,Hydrant,34.80652643,-89.96229584,red,Hydrant
31465414,Hydrant,Hydrant,34.80872643,-89.95761584,red,Hydrant
31465415,Hydrant,Hydrant,34.93075644,-90.17992258,red,Hydrant
31465416,Hydrant,Hydrant,34.93010644,-90.17907257,red,Hydrant
31465417,Hydrant,Hydrant,34.93063978,-90.17682257,red,Hydrant
31465418,Hydrant,Hydrant,34.93170644,-90.17565591,red,Hydrant
31465419,Hydrant,Hydrant,34.93272311,-90.17498924,red,Hydrant
31465420,Hydrant,Hydrant,34.93227311,-90.17708924,red,Hydrant
31465421,Hydrant,Hydrant,34.93253978,-90.17578924,red,Hydrant
31465422,Hydrant,Hydrant,34.93075644,-90.17775591,red,Hydrant
31465423,Hydrant,Hydrant,34.93155644,-90.17852257,red,Hydrant
31465424,Hydrant,Hydrant,34.95603978,-90.14952257,red,Hydrant
31465425,Hydrant,Hydrant,34.82709643,-89.99949585,red,Hydrant
31465426,Hydrant,Hydrant,34.85556144,-89.97703585,red,Hydrant
31465427,Hydrant,Hydrant,34.85470644,-89.97723585,red,Hydrant
31465428,Hydrant,Hydrant,34.85629644,-89.97600585,red,Hydrant
31465429,Hydrant,Hydrant,34.85732644,-89.97624585,red,Hydrant
31465430,Hydrant,Hydrant,34.85364644,-89.97494585,red,Hydrant
31465431,Hydrant,Hydrant,34.85489644,-89.97425585,red,Hydrant
31465432,Hydrant,Hydrant,34.86004644,-89.97437585,red,Hydrant
31465433,Hydrant,Hydrant,34.86025644,-89.97293585,red,Hydrant
31465434,Hydrant,Hydrant,34.86011644,-89.97588585,red,Hydrant
31465435,Hydrant,Hydrant,34.85639644,-89.97251585,red,Hydrant
31465436,Hydrant,Hydrant,34.85743644,-89.97309585,red,Hydrant
31465437,Hydrant,Hydrant,34.85830644,-89.97252585,red,Hydrant
31465438,Hydrant,Hydrant,34.85327644,-89.97267585,red,Hydrant
31465439,Hydrant,Hydrant,34.85047644,-89.97398585,red,Hydrant
31465440,Hydrant,Hydrant,34.85015644,-89.97274585,red,Hydrant
31465441,Hydrant,Hydrant,34.84923644,-89.97283585,red,Hydrant
31465442,Hydrant,Hydrant,34.98900355,-90.02529789,red,Hydrant
31465443,Hydrant,Hydrant,34.99057752,-90.02170881,red,Hydrant
31465444,Hydrant,Hydrant,34.98956258,-90.02317959,red,Hydrant
31465445,Hydrant,Hydrant,34.98825814,-90.02250700,red,Hydrant
31465446,Hydrant,Hydrant,34.98832861,-90.01983591,red,Hydrant
31465447,Hydrant,Hydrant,34.96685363,-89.97641058,red,Hydrant
31465448,Hydrant,Hydrant,34.96572666,-89.97687043,red,Hydrant
31465449,Hydrant,Hydrant,34.96576818,-89.97538425,red,Hydrant
31465450,Hydrant,Hydrant,34.96488586,-89.97563724,red,Hydrant
31465451,Hydrant,Hydrant,34.96380544,-89.97600751,red,Hydrant
31465452,Hydrant,Hydrant,34.96282646,-89.97533836,red,Hydrant
31465453,Hydrant,Hydrant,34.96315246,-89.97533942,red,Hydrant
31465454,Hydrant,Hydrant,34.83403643,-89.95596584,red,Hydrant
31465455,Hydrant,Hydrant,34.83580643,-89.95680584,red,Hydrant
31465456,Hydrant,Hydrant,34.83173643,-89.95735584,red,Hydrant
31465457,Hydrant,Hydrant,34.83278643,-89.95840584,red,Hydrant
31465458,Hydrant,Hydrant,34.83522643,-89.96085584,red,Hydrant
31465459,Hydrant,Hydrant,34.83505643,-89.95931584,red,Hydrant
31465460,Hydrant,Hydrant,34.83379643,-89.95872584,red,Hydrant
31465461,Hydrant,Hydrant,34.83336643,-89.96189584,red,Hydrant
31465462,Hydrant,Hydrant,34.83481643,-89.96192584,red,Hydrant
31465463,Hydrant,Hydrant,34.83202643,-89.96208584,red,Hydrant
31465464,Hydrant,Hydrant,34.84887644,-89.99062585,red,Hydrant
31465465,Hydrant,Hydrant,34.84885644,-89.99287585,red,Hydrant
31465466,Hydrant,Hydrant,34.84825644,-89.99105585,red,Hydrant
31465467,Hydrant,Hydrant,34.84717643,-89.99014585,red,Hydrant
31465468,Hydrant,Hydrant,34.84614643,-89.99298585,red,Hydrant
31465469,Hydrant,Hydrant,34.84710643,-89.99208585,red,Hydrant
31465470,Hydrant,Hydrant,34.84606643,-89.99122585,red,Hydrant
31465471,Hydrant,Hydrant,34.84760643,-89.99333585,red,Hydrant
31465472,Hydrant,Hydrant,34.84884644,-89.99446585,red,Hydrant
31465473,Hydrant,Hydrant,34.84647643,-89.99440585,red,Hydrant
31465474,Hydrant,Hydrant,34.92842667,-89.95563832,red,Hydrant
31465475,Hydrant,Hydrant,34.82086643,-89.98435585,red,Hydrant
31465476,Hydrant,Hydrant,34.97673350,-90.01615229,red,Hydrant
31465477,Hydrant,Hydrant,34.99088540,-90.04291299,red,Hydrant
31465478,Hydrant,Hydrant,34.98973523,-90.04292444,red,Hydrant
31465479,Hydrant,Hydrant,34.98828059,-90.04291306,red,Hydrant
31465480,Hydrant,Hydrant,34.98723915,-90.04290477,red,Hydrant
31465481,Hydrant,Hydrant,34.98626530,-90.04311582,red,Hydrant
31465482,Hydrant,Hydrant,34.98539802,-90.04312380,red,Hydrant
31465483,Hydrant,Hydrant,34.98670901,-90.04020183,red,Hydrant
31465484,Hydrant,Hydrant,34.98845603,-90.03437558,red,Hydrant
31465485,Hydrant,Hydrant,34.99066905,-90.03436420,red,Hydrant
31465486,Hydrant,Hydrant,34.99064796,-90.03885263,red,Hydrant
31465487,Hydrant,Hydrant,34.98984416,-90.03885334,red,Hydrant
31465488,Hydrant,Hydrant,34.98842540,-90.03885247,red,Hydrant
31465489,Hydrant,Hydrant,34.98728803,-90.03884379,red,Hydrant
31465490,Hydrant,Hydrant,34.98630687,-90.03884178,red,Hydrant
31465491,Hydrant,Hydrant,34.98541979,-90.03884062,red,Hydrant
31465492,Hydrant,Hydrant,34.97017646,-89.98700586,red,Hydrant
31465493,Hydrant,Hydrant,34.97280049,-89.98590991,red,Hydrant
31465494,Hydrant,Hydrant,34.97301336,-89.98684066,red,Hydrant
31465495,Hydrant,Hydrant,34.97144863,-89.98683876,red,Hydrant
31465496,Hydrant,Hydrant,34.97127010,-89.98590667,red,Hydrant
31465497,Hydrant,Hydrant,34.83950643,-89.99290585,red,Hydrant
31465498,Hydrant,Hydrant,34.83002643,-89.97172584,red,Hydrant
31465499,Hydrant,Hydrant,34.82943643,-89.97185584,red,Hydrant
31465500,Hydrant,Hydrant,34.91098966,-89.97212380,red,Hydrant
31465501,Hydrant,Hydrant,34.96272869,-89.96047278,red,Hydrant
31465502,Hydrant,Hydrant,34.96387009,-89.96051165,red,Hydrant
31465503,Hydrant,Hydrant,34.96273523,-89.96255793,red,Hydrant
31465504,Hydrant,Hydrant,34.96532943,-89.96265023,red,Hydrant
31465505,Hydrant,Hydrant,34.96573649,-89.96171929,red,Hydrant
31465506,Hydrant,Hydrant,34.96524198,-89.96056448,red,Hydrant
31465507,Hydrant,Hydrant,34.96488287,-89.96181173,red,Hydrant
31465508,Hydrant,Hydrant,34.96409907,-89.96261927,red,Hydrant
31465509,Hydrant,Hydrant,34.96293410,-89.98546555,red,Hydrant
31465510,Hydrant,Hydrant,34.96383806,-89.99641913,red,Hydrant
31465511,Hydrant,Hydrant,34.96327257,-89.99653584,red,Hydrant
31465512,Hydrant,Hydrant,34.84170643,-89.99529585,red,Hydrant
31465513,Hydrant,Hydrant,34.98460034,-90.01619016,red,Hydrant
31465514,Hydrant,Hydrant,34.86015644,-89.98403585,red,Hydrant
31465515,Hydrant,Hydrant,34.85912644,-89.98590585,red,Hydrant
31465516,Hydrant,Hydrant,34.85817644,-89.98586585,red,Hydrant
31465517,Hydrant,Hydrant,34.85669644,-89.98603585,red,Hydrant
31465518,Hydrant,Hydrant,34.85513644,-89.98568585,red,Hydrant
31465519,Hydrant,Hydrant,34.85404644,-89.98481585,red,Hydrant
31465520,Hydrant,Hydrant,34.85310644,-89.98366585,red,Hydrant
31465521,Hydrant,Hydrant,34.85142644,-89.98585585,red,Hydrant
31465522,Hydrant,Hydrant,34.85256644,-89.98272585,red,Hydrant
31465523,Hydrant,Hydrant,34.85159644,-89.98151585,red,Hydrant
31465524,Hydrant,Hydrant,34.84975644,-89.98196585,red,Hydrant
31465525,Hydrant,Hydrant,34.85273644,-89.97836585,red,Hydrant
31465526,Hydrant,Hydrant,34.85296644,-89.98012585,red,Hydrant
31465527,Hydrant,Hydrant,34.85698644,-89.97883585,red,Hydrant
31465528,Hydrant,Hydrant,34.85562644,-89.97893585,red,Hydrant
31465529,Hydrant,Hydrant,34.85419644,-89.97841585,red,Hydrant
31465530,Hydrant,Hydrant,34.85781644,-89.97822585,red,Hydrant
31465531,Hydrant,Hydrant,34.85935644,-89.98082585,red,Hydrant
31465532,Hydrant,Hydrant,34.85794644,-89.98041585,red,Hydrant
31465533,Hydrant,Hydrant,34.85695644,-89.98129585,red,Hydrant
31465534,Hydrant,Hydrant,34.85556544,-89.98111585,red,Hydrant
31465535,Hydrant,Hydrant,34.85433644,-89.98079585,red,Hydrant
31465536,Hydrant,Hydrant,34.96918384,-89.98551824,red,Hydrant
31465537,Hydrant,Hydrant,34.96807701,-89.98631389,red,Hydrant
31465538,Hydrant,Hydrant,34.96689110,-89.98684582,red,Hydrant
31465539,Hydrant,Hydrant,34.96690012,-89.98586715,red,Hydrant
31465540,Hydrant,Hydrant,34.96734673,-89.98507581,red,Hydrant
31465541,Hydrant,Hydrant,34.96695777,-89.98372326,red,Hydrant
31465542,Hydrant,Hydrant,34.96619114,-89.98279134,red,Hydrant
31465543,Hydrant,Hydrant,34.96608040,-89.98191619,red,Hydrant
31465544,Hydrant,Hydrant,34.96731738,-89.98249944,red,Hydrant
31465545,Hydrant,Hydrant,34.96822502,-89.98411907,red,Hydrant
31465546,Hydrant,Hydrant,34.96962230,-89.98362852,red,Hydrant
31465547,Hydrant,Hydrant,34.96964615,-89.98249472,red,Hydrant
31465548,Hydrant,Hydrant,34.96923680,-89.98147330,red,Hydrant
31465549,Hydrant,Hydrant,34.96793261,-89.98145717,red,Hydrant
31465550,Hydrant,Hydrant,34.96491369,-89.98259374,red,Hydrant
31465551,Hydrant,Hydrant,34.96463111,-89.98335369,red,Hydrant
31465552,Hydrant,Hydrant,34.96385389,-89.98345894,red,Hydrant
31465553,Hydrant,Hydrant,34.96354230,-89.98247386,red,Hydrant
31465554,Hydrant,Hydrant,34.96291973,-89.98120870,red,Hydrant
31465555,Hydrant,Hydrant,34.98731645,-89.98043751,red,Hydrant
31465556,Hydrant,Hydrant,34.98821769,-89.98018940,red,Hydrant
31465557,Hydrant,Hydrant,34.98873200,-89.97899118,red,Hydrant
31465558,Hydrant,Hydrant,34.98631564,-89.97663815,red,Hydrant
31465559,Hydrant,Hydrant,34.98919303,-89.98145999,red,Hydrant
31465560,Hydrant,Hydrant,34.98439114,-89.97326689,red,Hydrant
31465561,Hydrant,Hydrant,34.98345114,-89.97551352,red,Hydrant
31465562,Hydrant,Hydrant,34.98272546,-89.97484182,red,Hydrant
31465563,Hydrant,Hydrant,34.98176882,-89.97584539,red,Hydrant
31465564,Hydrant,Hydrant,34.98198015,-89.97431225,red,Hydrant
31465565,Hydrant,Hydrant,34.98229753,-89.97300998,red,Hydrant
31465566,Hydrant,Hydrant,34.98311334,-89.97334200,red,Hydrant
31465567,Hydrant,Hydrant,34.98427716,-89.97577177,red,Hydrant
31465568,Hydrant,Hydrant,34.98362450,-89.97712349,red,Hydrant
31465569,Hydrant,Hydrant,34.98203751,-89.97757761,red,Hydrant
31465570,Hydrant,Hydrant,34.98276318,-89.97822402,red,Hydrant
31465571,Hydrant,Hydrant,34.98113073,-89.97762660,red,Hydrant
31465572,Hydrant,Hydrant,34.98973127,-89.98025851,red,Hydrant
31465573,Hydrant,Hydrant,34.98717450,-89.97968439,red,Hydrant
31465574,Hydrant,Hydrant,34.98583999,-89.98077985,red,Hydrant
31465575,Hydrant,Hydrant,34.98655547,-89.98214504,red,Hydrant
31465576,Hydrant,Hydrant,34.98683417,-89.98318242,red,Hydrant
31465577,Hydrant,Hydrant,34.98605204,-89.98297878,red,Hydrant
31465578,Hydrant,Hydrant,34.98540248,-89.98201231,red,Hydrant
31465579,Hydrant,Hydrant,34.98481330,-89.98090259,red,Hydrant
31465580,Hydrant,Hydrant,34.98444152,-89.98295512,red,Hydrant
31465581,Hydrant,Hydrant,34.98326036,-89.98053784,red,Hydrant
31465582,Hydrant,Hydrant,34.98354546,-89.98264054,red,Hydrant
31465583,Hydrant,Hydrant,34.98376014,-89.98163587,red,Hydrant
31465584,Hydrant,Hydrant,34.98376398,-89.98422804,red,Hydrant
31465585,Hydrant,Hydrant,34.98233581,-89.98236338,red,Hydrant
31465586,Hydrant,Hydrant,34.98281563,-89.98146667,red,Hydrant
31465587,Hydrant,Hydrant,34.98164666,-89.98130456,red,Hydrant
31465588,Hydrant,Hydrant,34.98082920,-89.98240258,red,Hydrant
31465589,Hydrant,Hydrant,34.98097751,-89.98397814,red,Hydrant
31465590,Hydrant,Hydrant,34.98069545,-89.98566613,red,Hydrant
31465591,Hydrant,Hydrant,34.98056103,-89.97993383,red,Hydrant
31465592,Hydrant,Hydrant,34.98183253,-89.98001352,red,Hydrant
31465593,Hydrant,Hydrant,34.97969043,-89.97860724,red,Hydrant
31465594,Hydrant,Hydrant,34.98086511,-89.97866146,red,Hydrant
31465595,Hydrant,Hydrant,34.98192848,-89.97893752,red,Hydrant
31465596,Hydrant,Hydrant,34.98322438,-89.97935535,red,Hydrant
31465597,Hydrant,Hydrant,34.98527663,-89.97937342,red,Hydrant
31465598,Hydrant,Hydrant,34.98472809,-89.97839052,red,Hydrant
31465599,Hydrant,Hydrant,34.98609373,-89.97890045,red,Hydrant
31465600,Hydrant,Hydrant,34.98577156,-89.97811655,red,Hydrant
31465601,Hydrant,Hydrant,34.98505989,-89.97731803,red,Hydrant
31465602,Hydrant,Hydrant,34.98748783,-89.97672187,red,Hydrant
31465603,Hydrant,Hydrant,34.98700744,-89.97737431,red,Hydrant
31465604,Hydrant,Hydrant,34.98793488,-89.97784685,red,Hydrant
31465605,Hydrant,Hydrant,34.98719605,-89.97841267,red,Hydrant
31465606,Hydrant,Hydrant,34.98901255,-89.97744236,red,Hydrant
31465607,Hydrant,Hydrant,34.98692972,-89.97533735,red,Hydrant
31465608,Hydrant,Hydrant,34.98656756,-89.97442391,red,Hydrant
31465609,Hydrant,Hydrant,34.98621054,-89.97283291,red,Hydrant
31465610,Hydrant,Hydrant,34.98554769,-89.97551888,red,Hydrant
31465611,Hydrant,Hydrant,34.98507737,-89.97393833,red,Hydrant
31465612,Hydrant,Hydrant,34.98449865,-89.97492801,red,Hydrant
31465613,Hydrant,Hydrant,34.98380360,-89.97400942,red,Hydrant
31465614,Hydrant,Hydrant,34.98413115,-89.97996403,red,Hydrant
31465615,Hydrant,Hydrant,34.97870204,-89.97854030,red,Hydrant
31465616,Hydrant,Hydrant,34.97403250,-89.98295155,red,Hydrant
31465617,Hydrant,Hydrant,34.97403892,-89.98196316,red,Hydrant
31465618,Hydrant,Hydrant,34.97403509,-89.98101872,red,Hydrant
31465619,Hydrant,Hydrant,34.97491275,-89.98267565,red,Hydrant
31465620,Hydrant,Hydrant,34.97490026,-89.98154867,red,Hydrant
31465621,Hydrant,Hydrant,34.97472898,-89.98035778,red,Hydrant
31465622,Hydrant,Hydrant,34.97534542,-89.97875338,red,Hydrant
31465623,Hydrant,Hydrant,34.97736112,-89.97848507,red,Hydrant
31465624,Hydrant,Hydrant,34.97421062,-89.97912566,red,Hydrant
31465625,Hydrant,Hydrant,34.97281684,-89.97955829,red,Hydrant
31465626,Hydrant,Hydrant,34.97208859,-89.98088867,red,Hydrant
31465627,Hydrant,Hydrant,34.97221139,-89.98192999,red,Hydrant
31465628,Hydrant,Hydrant,34.97236690,-89.98373024,red,Hydrant
31465629,Hydrant,Hydrant,34.97051394,-89.98300936,red,Hydrant
31465630,Hydrant,Hydrant,34.97150736,-89.98238581,red,Hydrant
31465631,Hydrant,Hydrant,34.97085195,-89.98120510,red,Hydrant
31465632,Hydrant,Hydrant,34.96302784,-89.98012853,red,Hydrant
31465633,Hydrant,Hydrant,34.96499588,-89.98033659,red,Hydrant
31465634,Hydrant,Hydrant,34.96672717,-89.98033975,red,Hydrant
31465635,Hydrant,Hydrant,34.96810818,-89.98034442,red,Hydrant
31465636,Hydrant,Hydrant,34.96952650,-89.98013407,red,Hydrant
31465637,Hydrant,Hydrant,34.97105950,-89.97966521,red,Hydrant
31465638,Hydrant,Hydrant,34.97490412,-89.97765708,red,Hydrant
31465639,Hydrant,Hydrant,34.97384730,-89.97627264,red,Hydrant
31465640,Hydrant,Hydrant,34.97460031,-89.97625497,red,Hydrant
31465641,Hydrant,Hydrant,34.97443446,-89.97342236,red,Hydrant
31465642,Hydrant,Hydrant,34.97433977,-89.97463244,red,Hydrant
31465643,Hydrant,Hydrant,34.97376995,-89.97463605,red,Hydrant
31465644,Hydrant,Hydrant,34.97359309,-89.97343260,red,Hydrant
31465645,Hydrant,Hydrant,34.97293453,-89.97463288,red,Hydrant
31465646,Hydrant,Hydrant,34.97274304,-89.97351259,red,Hydrant
31465647,Hydrant,Hydrant,34.97298869,-89.97675351,red,Hydrant
31465648,Hydrant,Hydrant,34.97386616,-89.97765232,red,Hydrant
31465649,Hydrant,Hydrant,34.97256661,-89.97846742,red,Hydrant
31465650,Hydrant,Hydrant,34.97203426,-89.97605555,red,Hydrant
31465651,Hydrant,Hydrant,34.97172263,-89.97792086,red,Hydrant
31465652,Hydrant,Hydrant,34.97085753,-89.97845805,red,Hydrant
31465653,Hydrant,Hydrant,34.96943219,-89.97844371,red,Hydrant
31465654,Hydrant,Hydrant,34.96815640,-89.97882058,red,Hydrant
31465655,Hydrant,Hydrant,34.96780780,-89.97734295,red,Hydrant
31465656,Hydrant,Hydrant,34.96936273,-89.97707713,red,Hydrant
31465657,Hydrant,Hydrant,34.97086057,-89.97694073,red,Hydrant
31465658,Hydrant,Hydrant,34.97112327,-89.97605530,red,Hydrant
31465659,Hydrant,Hydrant,34.97072914,-89.97504173,red,Hydrant
31465660,Hydrant,Hydrant,34.97156096,-89.97443101,red,Hydrant
31465661,Hydrant,Hydrant,34.97088585,-89.97389562,red,Hydrant
31465662,Hydrant,Hydrant,34.97086718,-89.97285547,red,Hydrant
31465663,Hydrant,Hydrant,34.97187129,-89.97272488,red,Hydrant
31465664,Hydrant,Hydrant,34.96938587,-89.97604974,red,Hydrant
31465665,Hydrant,Hydrant,34.96777364,-89.97624736,red,Hydrant
31465666,Hydrant,Hydrant,34.96842315,-89.97484847,red,Hydrant
31465667,Hydrant,Hydrant,34.96773184,-89.97454924,red,Hydrant
31465668,Hydrant,Hydrant,34.96695921,-89.97373626,red,Hydrant
31465669,Hydrant,Hydrant,34.96645388,-89.97292607,red,Hydrant
31465670,Hydrant,Hydrant,34.96769400,-89.97286199,red,Hydrant
31465671,Hydrant,Hydrant,34.97866991,-89.97692818,red,Hydrant
31465672,Hydrant,Hydrant,34.97711562,-89.97264757,red,Hydrant
31465673,Hydrant,Hydrant,34.99060122,-89.98739843,red,Hydrant
31465674,Hydrant,Hydrant,34.97576226,-89.98408426,red,Hydrant
31465675,Hydrant,Hydrant,34.97490008,-89.98416083,red,Hydrant
31465676,Hydrant,Hydrant,34.97370759,-89.98485991,red,Hydrant
31465677,Hydrant,Hydrant,34.97232169,-89.98486429,red,Hydrant
31465678,Hydrant,Hydrant,34.97123795,-89.98486148,red,Hydrant
31465679,Hydrant,Hydrant,34.84158643,-89.98022585,red,Hydrant
31465680,Hydrant,Hydrant,34.84026643,-89.97989585,red,Hydrant
31465681,Hydrant,Hydrant,34.83898643,-89.97918585,red,Hydrant
31465682,Hydrant,Hydrant,34.83907959,-89.97632327,red,Hydrant
31465683,Hydrant,Hydrant,34.84029643,-89.97682585,red,Hydrant
31465684,Hydrant,Hydrant,34.84118643,-89.97629585,red,Hydrant
31465685,Hydrant,Hydrant,34.84130643,-89.97835585,red,Hydrant
31465686,Hydrant,Hydrant,34.84254643,-89.97953585,red,Hydrant
31465687,Hydrant,Hydrant,34.84444643,-89.97669585,red,Hydrant
31465688,Hydrant,Hydrant,34.84322643,-89.97758585,red,Hydrant
31465689,Hydrant,Hydrant,34.84220643,-89.97712585,red,Hydrant
31465690,Hydrant,Hydrant,34.95778978,-90.15170590,red,Hydrant
31465691,Hydrant,Hydrant,34.83010643,-90.00104585,red,Hydrant
31465692,Hydrant,Hydrant,34.83132643,-90.00272585,red,Hydrant
31465693,Hydrant,Hydrant,34.83301643,-90.00332585,red,Hydrant
31465694,Hydrant,Hydrant,34.97460033,-90.01124099,red,Hydrant
31465695,Hydrant,Hydrant,34.97599827,-90.01060095,red,Hydrant
31465696,Hydrant,Hydrant,34.97587504,-90.01146000,red,Hydrant
31465697,Hydrant,Hydrant,34.97686132,-90.01139877,red,Hydrant
31465698,Hydrant,Hydrant,34.97612110,-90.00816669,red,Hydrant
31465699,Hydrant,Hydrant,34.97492089,-90.00817860,red,Hydrant
31465700,Hydrant,Hydrant,34.97388464,-90.00821106,red,Hydrant
31465701,Hydrant,Hydrant,34.97345699,-90.00922050,red,Hydrant
31465702,Hydrant,Hydrant,34.97345416,-90.01019723,red,Hydrant
31465703,Hydrant,Hydrant,34.97447446,-90.01014116,red,Hydrant
31465704,Hydrant,Hydrant,34.97574001,-90.01014203,red,Hydrant
31465705,Hydrant,Hydrant,34.97528536,-90.00917924,red,Hydrant
31465706,Hydrant,Hydrant,34.97591454,-90.01246911,red,Hydrant
31465707,Hydrant,Hydrant,34.97558727,-90.01348479,red,Hydrant
31465708,Hydrant,Hydrant,34.97603900,-90.01465671,red,Hydrant
31465709,Hydrant,Hydrant,34.97264436,-90.01091580,red,Hydrant
31465710,Hydrant,Hydrant,34.97282968,-90.01251756,red,Hydrant
31465711,Hydrant,Hydrant,34.97385931,-90.01399746,red,Hydrant
31465712,Hydrant,Hydrant,34.97199484,-90.01329168,red,Hydrant
31465713,Hydrant,Hydrant,34.97207945,-90.01477611,red,Hydrant
31465714,Hydrant,Hydrant,34.97460062,-90.01325482,red,Hydrant
31465715,Hydrant,Hydrant,34.97393768,-90.01199462,red,Hydrant
31465716,Hydrant,Hydrant,34.83026643,-89.96489584,red,Hydrant
31465717,Hydrant,Hydrant,34.82874643,-89.96948584,red,Hydrant
31465718,Hydrant,Hydrant,34.82988643,-89.96947584,red,Hydrant
31465719,Hydrant,Hydrant,34.82987643,-89.96757584,red,Hydrant
31465720,Hydrant,Hydrant,34.82822643,-89.96779584,red,Hydrant
31465721,Hydrant,Hydrant,34.82668643,-89.96822584,red,Hydrant
31465722,Hydrant,Hydrant,34.82682643,-89.96530584,red,Hydrant
31465723,Hydrant,Hydrant,34.82780643,-89.96527584,red,Hydrant
31465724,Hydrant,Hydrant,34.82856643,-89.96556584,red,Hydrant
31465725,Hydrant,Hydrant,34.82764643,-89.96380584,red,Hydrant
31465726,Hydrant,Hydrant,34.82950643,-89.96389584,red,Hydrant
31465727,Hydrant,Hydrant,34.83866643,-89.98466585,red,Hydrant
31465728,Hydrant,Hydrant,34.83698643,-89.98471585,red,Hydrant
31465729,Hydrant,Hydrant,34.83891643,-89.98888585,red,Hydrant
31465730,Hydrant,Hydrant,34.83904643,-89.98687585,red,Hydrant
31465731,Hydrant,Hydrant,34.84001643,-89.98903585,red,Hydrant
31465732,Hydrant,Hydrant,34.83965643,-89.98558585,red,Hydrant
31465733,Hydrant,Hydrant,34.84104643,-89.98608585,red,Hydrant
31465734,Hydrant,Hydrant,34.84158643,-89.98512585,red,Hydrant
31465735,Hydrant,Hydrant,34.84023643,-89.98402585,red,Hydrant
31465736,Hydrant,Hydrant,34.87466644,-89.99634585,red,Hydrant
31465737,Hydrant,Hydrant,34.81667643,-89.96997584,red,Hydrant
31465738,Hydrant,Hydrant,34.84738644,-89.98251585,red,Hydrant
31465739,Hydrant,Hydrant,34.84444643,-89.98264585,red,Hydrant
31465740,Hydrant,Hydrant,34.84317643,-89.98021585,red,Hydrant
31465741,Hydrant,Hydrant,34.84483643,-89.97879585,red,Hydrant
31465742,Hydrant,Hydrant,34.84523643,-89.97665585,red,Hydrant
31465743,Hydrant,Hydrant,34.84560644,-89.97432585,red,Hydrant
31465744,Hydrant,Hydrant,34.85000644,-89.97987585,red,Hydrant
31465745,Hydrant,Hydrant,34.84508643,-89.97871585,red,Hydrant
31465746,Hydrant,Hydrant,34.81901643,-89.98207585,red,Hydrant
31465747,Hydrant,Hydrant,34.81927643,-89.98288585,red,Hydrant
31465748,Hydrant,Hydrant,34.81617643,-89.98130585,red,Hydrant
31465749,Hydrant,Hydrant,34.81557643,-89.98267585,red,Hydrant
31465750,Hydrant,Hydrant,34.81586643,-89.97978585,red,Hydrant
31465751,Hydrant,Hydrant,34.81543643,-89.97872584,red,Hydrant
31465752,Hydrant,Hydrant,34.81519643,-89.97837585,red,Hydrant
31465753,Hydrant,Hydrant,34.81555643,-89.97702585,red,Hydrant
31465754,Hydrant,Hydrant,34.81716643,-89.98172585,red,Hydrant
31465755,Hydrant,Hydrant,34.81628643,-89.97867584,red,Hydrant
31465756,Hydrant,Hydrant,34.81667643,-89.97782585,red,Hydrant
31465757,Hydrant,Hydrant,34.81671643,-89.97717585,red,Hydrant
31465758,Hydrant,Hydrant,34.81621643,-89.97696585,red,Hydrant
31465759,Hydrant,Hydrant,34.83685643,-89.99017585,red,Hydrant
31465760,Hydrant,Hydrant,34.83784643,-89.99033585,red,Hydrant
31465761,Hydrant,Hydrant,34.83835643,-89.99067585,red,Hydrant
31465762,Hydrant,Hydrant,34.83919643,-89.99182585,red,Hydrant
31465763,Hydrant,Hydrant,34.84030643,-89.99018585,red,Hydrant
31465764,Hydrant,Hydrant,34.84029643,-89.99149585,red,Hydrant
31465765,Hydrant,Hydrant,34.84032643,-89.99266585,red,Hydrant
31465766,Hydrant,Hydrant,34.94741018,-89.97286249,red,Hydrant
31465767,Hydrant,Hydrant,34.94735655,-89.97406736,red,Hydrant
31465768,Hydrant,Hydrant,34.94726802,-89.97539536,red,Hydrant
31465769,Hydrant,Hydrant,34.94620102,-89.97601455,red,Hydrant
31465770,Hydrant,Hydrant,34.94521335,-89.97603263,red,Hydrant
31465771,Hydrant,Hydrant,34.94450953,-89.97495629,red,Hydrant
31465772,Hydrant,Hydrant,34.94439111,-89.97384984,red,Hydrant
31465773,Hydrant,Hydrant,34.94465897,-89.97284019,red,Hydrant
31465774,Hydrant,Hydrant,34.94561598,-89.97287540,red,Hydrant
31465775,Hydrant,Hydrant,34.94647472,-89.97312291,red,Hydrant
31465776,Hydrant,Hydrant,34.94571287,-89.97396397,red,Hydrant
31465777,Hydrant,Hydrant,34.94666324,-89.97470472,red,Hydrant
31465778,Hydrant,Hydrant,34.94560442,-89.97485680,red,Hydrant
31465779,Hydrant,Hydrant,34.94652255,-89.97415204,red,Hydrant
31465780,Hydrant,Hydrant,34.94315857,-89.97512371,red,Hydrant
31465781,Hydrant,Hydrant,34.94189375,-89.97286109,red,Hydrant
31465782,Hydrant,Hydrant,34.94140345,-89.97254319,red,Hydrant
31465783,Hydrant,Hydrant,34.94156509,-89.97383995,red,Hydrant
31465784,Hydrant,Hydrant,34.94245397,-89.97442034,red,Hydrant
31465785,Hydrant,Hydrant,34.94320235,-89.97385923,red,Hydrant
31465786,Hydrant,Hydrant,34.94320386,-89.97250055,red,Hydrant
31465787,Hydrant,Hydrant,34.99398011,-90.06857837,red,Hydrant
31465788,Hydrant,Hydrant,34.99355680,-90.06754898,red,Hydrant
31465789,Hydrant,Hydrant,34.99246619,-90.06235014,red,Hydrant
31465790,Hydrant,Hydrant,34.99310976,-90.06130148,red,Hydrant
31465791,Hydrant,Hydrant,34.99384955,-90.06235866,red,Hydrant
31465792,Hydrant,Hydrant,34.99447157,-90.06129697,red,Hydrant
31465793,Hydrant,Hydrant,34.99453984,-90.06294508,red,Hydrant
31465794,Hydrant,Hydrant,34.99343767,-90.06351776,red,Hydrant
31465795,Hydrant,Hydrant,34.99229512,-90.06407127,red,Hydrant
31465796,Hydrant,Hydrant,34.99302010,-90.06454605,red,Hydrant
31465797,Hydrant,Hydrant,34.99362504,-90.06548597,red,Hydrant
31465798,Hydrant,Hydrant,34.99362241,-90.06650708,red,Hydrant
31465799,Hydrant,Hydrant,34.99239527,-90.06811998,red,Hydrant
31465800,Hydrant,Hydrant,34.99245116,-90.06651088,red,Hydrant
31465801,Hydrant,Hydrant,34.99255382,-90.06545675,red,Hydrant
31465802,Hydrant,Hydrant,34.99452850,-90.06511019,red,Hydrant
31465803,Hydrant,Hydrant,34.82109643,-89.97225584,red,Hydrant
31465804,Hydrant,Hydrant,34.82153643,-89.97419584,red,Hydrant
31465805,Hydrant,Hydrant,34.82223643,-89.97289584,red,Hydrant
31465806,Hydrant,Hydrant,34.82310643,-89.97224584,red,Hydrant
31465807,Hydrant,Hydrant,34.81654643,-90.01182585,red,Hydrant
31465808,Hydrant,Hydrant,34.81323643,-90.01267585,red,Hydrant
31465809,Hydrant,Hydrant,34.81344643,-90.01489585,red,Hydrant
31465810,Hydrant,Hydrant,34.81342643,-90.01722586,red,Hydrant
31465811,Hydrant,Hydrant,34.83753643,-89.99452585,red,Hydrant
31465812,Hydrant,Hydrant,34.81522643,-89.95338584,red,Hydrant
31465813,Hydrant,Hydrant,34.81578643,-89.95277584,red,Hydrant
31465814,Hydrant,Hydrant,34.81538643,-89.95195584,red,Hydrant
31465815,Hydrant,Hydrant,34.81422643,-89.95238584,red,Hydrant
31465816,Hydrant,Hydrant,34.81412643,-89.95337584,red,Hydrant
31465817,Hydrant,Hydrant,34.81543643,-89.95117584,red,Hydrant
31465818,Hydrant,Hydrant,34.81495643,-89.95051584,red,Hydrant
31465819,Hydrant,Hydrant,34.81614643,-89.94977584,red,Hydrant
31465820,Hydrant,Hydrant,34.81635643,-89.94812584,red,Hydrant
31465821,Hydrant,Hydrant,34.81579643,-89.94666584,red,Hydrant
31465822,Hydrant,Hydrant,34.96899930,-90.01600915,red,Hydrant
31465823,Hydrant,Hydrant,34.97729237,-89.97430497,red,Hydrant
31465824,Hydrant,Hydrant,34.94310645,-90.15008923,red,Hydrant
31465825,Hydrant,Hydrant,34.94235645,-90.15137257,red,Hydrant
31465826,Hydrant,Hydrant,34.94148978,-90.15220590,red,Hydrant
31465827,Hydrant,Hydrant,34.94115645,-90.14978923,red,Hydrant
31465828,Hydrant,Hydrant,34.94255645,-90.14958923,red,Hydrant
31465829,Hydrant,Hydrant,34.94132311,-90.15105590,red,Hydrant
31465830,Hydrant,Hydrant,34.82470643,-89.98395585,red,Hydrant
31465831,Hydrant,Hydrant,34.82477643,-89.98260585,red,Hydrant
31465832,Hydrant,Hydrant,34.82479643,-89.98236585,red,Hydrant
31465833,Hydrant,Hydrant,34.82595643,-89.98316585,red,Hydrant
31465834,Hydrant,Hydrant,34.83576643,-89.97290584,red,Hydrant
31465835,Hydrant,Hydrant,34.83564643,-89.97417585,red,Hydrant
31465836,Hydrant,Hydrant,34.83703643,-89.97468585,red,Hydrant
31465837,Hydrant,Hydrant,34.83808643,-89.97481585,red,Hydrant
31465838,Hydrant,Hydrant,34.83814643,-89.97623585,red,Hydrant
31465839,Hydrant,Hydrant,34.83569643,-89.97704585,red,Hydrant
31465840,Hydrant,Hydrant,34.83698643,-89.97661585,red,Hydrant
31465841,Hydrant,Hydrant,34.83733643,-89.97889585,red,Hydrant
31465842,Hydrant,Hydrant,34.83607643,-89.97873585,red,Hydrant
31465843,Hydrant,Hydrant,34.83564643,-89.97568585,red,Hydrant
31465844,Hydrant,Hydrant,34.81561643,-89.95986584,red,Hydrant
31465845,Hydrant,Hydrant,34.81310643,-89.96134584,red,Hydrant
31465846,Hydrant,Hydrant,34.81015643,-89.96170584,red,Hydrant
31465847,Hydrant,Hydrant,34.89770644,-90.00516586,red,Hydrant
31465848,Hydrant,Hydrant,34.89853644,-90.00328586,red,Hydrant
31465849,Hydrant,Hydrant,34.91232475,-89.98308610,red,Hydrant
31465850,Hydrant,Hydrant,34.91296158,-89.98222325,red,Hydrant
31465851,Hydrant,Hydrant,34.91382631,-89.98213906,red,Hydrant
31465852,Hydrant,Hydrant,34.95468978,-90.14733923,red,Hydrant
31465853,Hydrant,Hydrant,34.95522312,-90.14730590,red,Hydrant
31465854,Hydrant,Hydrant,34.95582312,-90.14733923,red,Hydrant
31465855,Hydrant,Hydrant,34.95640645,-90.14737257,red,Hydrant
31465856,Hydrant,Hydrant,34.95727312,-90.14748923,red,Hydrant
31465857,Hydrant,Hydrant,34.84792643,-89.99955585,red,Hydrant
31465858,Hydrant,Hydrant,34.84707643,-90.00037585,red,Hydrant
31465859,Hydrant,Hydrant,34.84641643,-90.00132585,red,Hydrant
31465860,Hydrant,Hydrant,34.84700643,-90.00233585,red,Hydrant
31465861,Hydrant,Hydrant,34.84838643,-90.00152585,red,Hydrant
31465862,Hydrant,Hydrant,34.84933643,-90.00083585,red,Hydrant
31465863,Hydrant,Hydrant,34.85068643,-90.00041585,red,Hydrant
31465864,Hydrant,Hydrant,34.85182644,-90.00012585,red,Hydrant
31465865,Hydrant,Hydrant,34.85151644,-90.00200585,red,Hydrant
31465866,Hydrant,Hydrant,34.85026643,-90.00209585,red,Hydrant
31465867,Hydrant,Hydrant,34.97334944,-89.98967237,red,Hydrant
31465868,Hydrant,Hydrant,34.97426038,-89.98891469,red,Hydrant
31465869,Hydrant,Hydrant,34.97515611,-89.98900556,red,Hydrant
31465870,Hydrant,Hydrant,34.81667643,-89.96700584,red,Hydrant
31465871,Hydrant,Hydrant,34.81670643,-89.96540584,red,Hydrant
31465872,Hydrant,Hydrant,34.81738643,-89.96692584,red,Hydrant
31465873,Hydrant,Hydrant,34.81826643,-89.96537584,red,Hydrant
31465874,Hydrant,Hydrant,34.81877643,-89.96386584,red,Hydrant
31465875,Hydrant,Hydrant,34.81963643,-89.96538584,red,Hydrant
31465876,Hydrant,Hydrant,34.82002643,-89.96429584,red,Hydrant
31465877,Hydrant,Hydrant,34.82123643,-89.96514584,red,Hydrant
31465878,Hydrant,Hydrant,34.81967643,-89.97009584,red,Hydrant
31465879,Hydrant,Hydrant,34.82253643,-89.96800584,red,Hydrant
31465880,Hydrant,Hydrant,34.82142643,-89.96861584,red,Hydrant
31465881,Hydrant,Hydrant,34.82240643,-89.96951584,red,Hydrant
31465882,Hydrant,Hydrant,34.82332643,-89.96865584,red,Hydrant
31465883,Hydrant,Hydrant,34.82352643,-89.97190584,red,Hydrant
31465884,Hydrant,Hydrant,34.82220643,-89.97190584,red,Hydrant
31465885,Hydrant,Hydrant,34.82097643,-89.96974584,red,Hydrant
31465886,Hydrant,Hydrant,34.82022643,-89.97021584,red,Hydrant
31465887,Hydrant,Hydrant,34.83432643,-89.99439585,red,Hydrant
31465888,Hydrant,Hydrant,34.83148643,-89.97109584,red,Hydrant
31465889,Hydrant,Hydrant,34.84456644,-89.97119584,red,Hydrant
31465890,Hydrant,Hydrant,34.84525644,-89.97020584,red,Hydrant
31465891,Hydrant,Hydrant,34.81274643,-89.98881585,red,Hydrant
31465892,Hydrant,Hydrant,34.81391643,-89.98914585,red,Hydrant
31465893,Hydrant,Hydrant,34.81515643,-89.98760585,red,Hydrant
31465894,Hydrant,Hydrant,34.81545643,-89.98860585,red,Hydrant
31465895,Hydrant,Hydrant,34.81454643,-89.98842585,red,Hydrant
31465896,Hydrant,Hydrant,34.81985643,-89.98740585,red,Hydrant
31465897,Hydrant,Hydrant,34.81883643,-89.98739585,red,Hydrant
31465898,Hydrant,Hydrant,34.91154953,-89.97301716,red,Hydrant
31465899,Hydrant,Hydrant,34.91264128,-89.97292707,red,Hydrant
31465900,Hydrant,Hydrant,34.91249259,-89.97388694,red,Hydrant
31465901,Hydrant,Hydrant,34.91172888,-89.97386098,red,Hydrant
31465902,Hydrant,Hydrant,34.91191858,-89.97546429,red,Hydrant
31465903,Hydrant,Hydrant,34.91249311,-89.97492402,red,Hydrant
31465904,Hydrant,Hydrant,34.91249165,-89.97596130,red,Hydrant
31465905,Hydrant,Hydrant,34.91096941,-89.97498037,red,Hydrant
31465906,Hydrant,Hydrant,34.91070945,-89.97292706,red,Hydrant
31465907,Hydrant,Hydrant,34.91146566,-89.97577048,red,Hydrant
31465908,Hydrant,Hydrant,34.82584643,-89.97376585,red,Hydrant
31465909,Hydrant,Hydrant,34.82558643,-89.97297584,red,Hydrant
31465910,Hydrant,Hydrant,34.83311643,-89.99258585,red,Hydrant
31465911,Hydrant,Hydrant,34.83172643,-89.99152585,red,Hydrant
31465912,Hydrant,Hydrant,34.83418643,-89.99156585,red,Hydrant
31465913,Hydrant,Hydrant,34.83293643,-89.99036585,red,Hydrant
31465914,Hydrant,Hydrant,34.83024643,-89.99033585,red,Hydrant
31465915,Hydrant,Hydrant,34.82736643,-89.97313584,red,Hydrant
31465916,Hydrant,Hydrant,34.82731643,-89.97494584,red,Hydrant
31465917,Hydrant,Hydrant,34.82712643,-89.97638585,red,Hydrant
31465918,Hydrant,Hydrant,34.82625643,-89.97572584,red,Hydrant
31465919,Hydrant,Hydrant,34.82630643,-89.97437584,red,Hydrant
31465920,Hydrant,Hydrant,34.82688643,-89.97452585,red,Hydrant
31465921,Hydrant,Hydrant,34.82678643,-89.97341584,red,Hydrant
31465922,Hydrant,Hydrant,34.82444643,-89.97115584,red,Hydrant
31465923,Hydrant,Hydrant,34.98609392,-89.95697748,red,Hydrant
31465924,Hydrant,Hydrant,34.98617559,-89.95867159,red,Hydrant
31465925,Hydrant,Hydrant,34.99237949,-90.02862771,red,Hydrant
31465926,Hydrant,Hydrant,34.99320422,-90.02863969,red,Hydrant
31465927,Hydrant,Hydrant,34.83610643,-89.96565584,red,Hydrant
31465928,Hydrant,Hydrant,34.83555643,-89.96789584,red,Hydrant
31465929,Hydrant,Hydrant,34.81341643,-90.01817586,red,Hydrant
31465930,Hydrant,Hydrant,34.81202643,-90.01828586,red,Hydrant
31465931,Hydrant,Hydrant,34.81070643,-90.01911586,red,Hydrant
31465932,Hydrant,Hydrant,34.81008643,-90.01856586,red,Hydrant
31465933,Hydrant,Hydrant,34.81104643,-90.01760586,red,Hydrant
31465934,Hydrant,Hydrant,34.81180643,-90.01657586,red,Hydrant
31465935,Hydrant,Hydrant,34.81102643,-90.01658586,red,Hydrant
31465936,Hydrant,Hydrant,34.81181643,-90.01509585,red,Hydrant
31465937,Hydrant,Hydrant,34.81181643,-90.01330586,red,Hydrant
31465938,Hydrant,Hydrant,34.81170643,-90.01170585,red,Hydrant
31465939,Hydrant,Hydrant,34.96546032,-89.99009231,red,Hydrant
31465940,Hydrant,Hydrant,34.96465842,-89.99148984,red,Hydrant
31465941,Hydrant,Hydrant,34.96363584,-89.99168669,red,Hydrant
31465942,Hydrant,Hydrant,34.99269046,-90.01053551,red,Hydrant
31465943,Hydrant,Hydrant,34.83427643,-89.98688585,red,Hydrant
31465944,Hydrant,Hydrant,34.83293643,-89.98838585,red,Hydrant
31465945,Hydrant,Hydrant,34.83491643,-89.98887585,red,Hydrant
31465946,Hydrant,Hydrant,34.82814643,-89.98810585,red,Hydrant
31465947,Hydrant,Hydrant,34.87751644,-89.98796585,red,Hydrant
31465948,Hydrant,Hydrant,34.88224644,-90.00509586,red,Hydrant
31465949,Hydrant,Hydrant,34.88110644,-90.00509586,red,Hydrant
31465950,Hydrant,Hydrant,34.87974644,-90.00553586,red,Hydrant
31465951,Hydrant,Hydrant,34.88057644,-90.00422586,red,Hydrant
31465952,Hydrant,Hydrant,34.98886541,-90.06470700,red,Hydrant
31465953,Hydrant,Hydrant,34.98917285,-90.06665626,red,Hydrant
31465954,Hydrant,Hydrant,34.98970616,-90.06848431,red,Hydrant
31465955,Hydrant,Hydrant,34.99013870,-90.06589889,red,Hydrant
31465956,Hydrant,Hydrant,34.99040495,-90.06800937,red,Hydrant
31465957,Hydrant,Hydrant,34.99120265,-90.06450084,red,Hydrant
31465958,Hydrant,Hydrant,34.99102185,-90.06671293,red,Hydrant
31465959,Hydrant,Hydrant,34.99113567,-90.06882396,red,Hydrant
31465960,Hydrant,Hydrant,34.99102201,-90.07014368,red,Hydrant
31465961,Hydrant,Hydrant,34.98664988,-90.06144220,red,Hydrant
31465962,Hydrant,Hydrant,34.98842684,-90.06163615,red,Hydrant
31465963,Hydrant,Hydrant,34.99024769,-90.06167168,red,Hydrant
31465964,Hydrant,Hydrant,34.98863290,-90.06941297,red,Hydrant
31465965,Hydrant,Hydrant,34.99066331,-90.07252987,red,Hydrant
31465966,Hydrant,Hydrant,34.98989264,-90.07076355,red,Hydrant
31465967,Hydrant,Hydrant,34.90165645,-89.99749586,red,Hydrant
31465968,Hydrant,Hydrant,34.83044643,-89.99971585,red,Hydrant
31465969,Hydrant,Hydrant,34.82986643,-89.99844585,red,Hydrant
31465970,Hydrant,Hydrant,34.82887643,-89.99840585,red,Hydrant
31465971,Hydrant,Hydrant,34.83128643,-89.99725585,red,Hydrant
31465972,Hydrant,Hydrant,34.83540643,-90.00230585,red,Hydrant
31465973,Hydrant,Hydrant,34.83656643,-90.00172585,red,Hydrant
31465974,Hydrant,Hydrant,34.83553643,-90.00050585,red,Hydrant
31465975,Hydrant,Hydrant,34.83368643,-90.00086585,red,Hydrant
31465976,Hydrant,Hydrant,34.83480643,-89.99994585,red,Hydrant
31465977,Hydrant,Hydrant,34.83538643,-89.99908585,red,Hydrant
31465978,Hydrant,Hydrant,34.83363643,-89.99905585,red,Hydrant
31465979,Hydrant,Hydrant,34.83285643,-90.00052585,red,Hydrant
31465980,Hydrant,Hydrant,34.83335643,-89.99773585,red,Hydrant
31465981,Hydrant,Hydrant,34.83333643,-89.99600585,red,Hydrant
31465982,Hydrant,Hydrant,34.83205643,-90.00002585,red,Hydrant
31465983,Hydrant,Hydrant,34.83133643,-89.99953585,red,Hydrant
31465984,Hydrant,Hydrant,34.83287643,-89.99851585,red,Hydrant
31465985,Hydrant,Hydrant,34.83164643,-89.99501585,red,Hydrant
31465986,Hydrant,Hydrant,34.83981643,-89.95783584,red,Hydrant
31465987,Hydrant,Hydrant,34.84161643,-89.96067584,red,Hydrant
31465988,Hydrant,Hydrant,34.84020643,-89.96255584,red,Hydrant
31465989,Hydrant,Hydrant,34.83868643,-89.96402684,red,Hydrant
31465990,Hydrant,Hydrant,34.83754643,-89.96298584,red,Hydrant
31465991,Hydrant,Hydrant,34.83930643,-89.96129584,red,Hydrant
31465992,Hydrant,Hydrant,34.83812643,-89.96063584,red,Hydrant
31465993,Hydrant,Hydrant,34.83856643,-89.96000584,red,Hydrant
31465994,Hydrant,Hydrant,34.83840643,-89.95893584,red,Hydrant
31465995,Hydrant,Hydrant,34.83916643,-89.95923584,red,Hydrant
31465996,Hydrant,Hydrant,34.81594643,-89.99508585,red,Hydrant
31465997,Hydrant,Hydrant,34.81731643,-89.99519585,red,Hydrant
31465998,Hydrant,Hydrant,34.81435643,-90.02247586,red,Hydrant
31465999,Hydrant,Hydrant,34.81604643,-90.02040586,red,Hydrant
31466000,Hydrant,Hydrant,34.81606643,-90.01795586,red,Hydrant
31466001,Hydrant,Hydrant,34.81607643,-90.01417585,red,Hydrant
31466002,Hydrant,Hydrant,34.81606643,-90.01076585,red,Hydrant
31466003,Hydrant,Hydrant,34.81232643,-90.02124586,red,Hydrant
31466004,Hydrant,Hydrant,34.81392643,-90.01993586,red,Hydrant
31466005,Hydrant,Hydrant,34.81242643,-90.02354586,red,Hydrant
31466006,Hydrant,Hydrant,34.83037643,-89.99349585,red,Hydrant
31466007,Hydrant,Hydrant,34.83131643,-89.99439585,red,Hydrant
31466008,Hydrant,Hydrant,34.82053643,-90.00227585,red,Hydrant
31466009,Hydrant,Hydrant,34.82164643,-90.00476585,red,Hydrant
31466010,Hydrant,Hydrant,34.82065643,-90.00411585,red,Hydrant
31466011,Hydrant,Hydrant,34.88332644,-90.00576586,red,Hydrant
31466012,Hydrant,Hydrant,34.88469644,-90.00520586,red,Hydrant
31466013,Hydrant,Hydrant,34.83028643,-89.98019585,red,Hydrant
31466014,Hydrant,Hydrant,34.83259643,-89.98083585,red,Hydrant
31466015,Hydrant,Hydrant,34.83114643,-89.98055585,red,Hydrant
31466016,Hydrant,Hydrant,34.83708643,-89.99137585,red,Hydrant
31466017,Hydrant,Hydrant,34.83569643,-89.99117585,red,Hydrant
31466018,Hydrant,Hydrant,34.81674643,-89.96360584,red,Hydrant
31466019,Hydrant,Hydrant,34.96614129,-89.95779136,red,Hydrant
31466020,Hydrant,Hydrant,34.96570752,-89.95523725,red,Hydrant
31466021,Hydrant,Hydrant,34.96571823,-89.95642258,red,Hydrant
31466022,Hydrant,Hydrant,34.96422572,-89.95756802,red,Hydrant
31466023,Hydrant,Hydrant,34.96488307,-89.95622979,red,Hydrant
31466024,Hydrant,Hydrant,34.96387457,-89.95455208,red,Hydrant
31466025,Hydrant,Hydrant,34.96421112,-89.95581179,red,Hydrant
31466026,Hydrant,Hydrant,34.96267145,-89.95579079,red,Hydrant
31466027,Hydrant,Hydrant,34.86715644,-89.99423585,red,Hydrant
31466028,Hydrant,Hydrant,34.86711644,-89.99332585,red,Hydrant
31466029,Hydrant,Hydrant,34.93440752,-89.99941318,red,Hydrant
31466030,Hydrant,Hydrant,34.93642939,-89.99810066,red,Hydrant
31466031,Hydrant,Hydrant,34.93604868,-89.99900455,red,Hydrant
31466032,Hydrant,Hydrant,34.94720389,-89.99746317,red,Hydrant
31466033,Hydrant,Hydrant,34.94483827,-89.99702382,red,Hydrant
31466034,Hydrant,Hydrant,34.94639832,-89.99731608,red,Hydrant
31466035,Hydrant,Hydrant,34.94198631,-89.99655861,red,Hydrant
31466036,Hydrant,Hydrant,34.94183741,-89.99749254,red,Hydrant
31466037,Hydrant,Hydrant,34.94182596,-89.99848914,red,Hydrant
31466038,Hydrant,Hydrant,34.93371941,-90.00077889,red,Hydrant
31466039,Hydrant,Hydrant,34.93536496,-89.99941242,red,Hydrant
31466040,Hydrant,Hydrant,34.94056182,-89.99634659,red,Hydrant
31466041,Hydrant,Hydrant,34.94003848,-89.99624724,red,Hydrant
31466042,Hydrant,Hydrant,34.93920434,-89.99611330,red,Hydrant
31466043,Hydrant,Hydrant,34.93849645,-89.99605407,red,Hydrant
31466044,Hydrant,Hydrant,34.93757833,-89.99606285,red,Hydrant
31466045,Hydrant,Hydrant,34.93687534,-89.99634573,red,Hydrant
31466046,Hydrant,Hydrant,34.93648227,-89.99707247,red,Hydrant
31466047,Hydrant,Hydrant,34.88804644,-89.99533585,red,Hydrant
31466048,Hydrant,Hydrant,34.88804644,-89.99340585,red,Hydrant
31466049,Hydrant,Hydrant,34.88896644,-89.99269585,red,Hydrant
31466050,Hydrant,Hydrant,34.98959142,-90.00939462,red,Hydrant
31466051,Hydrant,Hydrant,34.99055706,-90.00996777,red,Hydrant
31466052,Hydrant,Hydrant,34.82879643,-89.99200585,red,Hydrant
31466053,Hydrant,Hydrant,34.83513643,-90.00661585,red,Hydrant
31466054,Hydrant,Hydrant,34.83440643,-90.00545585,red,Hydrant
31466055,Hydrant,Hydrant,34.83468643,-90.00412585,red,Hydrant
31466056,Hydrant,Hydrant,34.83674643,-90.00360585,red,Hydrant
31466057,Hydrant,Hydrant,34.83686643,-90.00530585,red,Hydrant
31466058,Hydrant,Hydrant,34.83673643,-90.00649585,red,Hydrant
31466059,Hydrant,Hydrant,34.83598643,-90.00720585,red,Hydrant
31466060,Hydrant,Hydrant,34.83666643,-90.00829586,red,Hydrant
31466061,Hydrant,Hydrant,34.83579643,-90.00528585,red,Hydrant
31466062,Hydrant,Hydrant,34.82785643,-89.98248585,red,Hydrant
31466063,Hydrant,Hydrant,34.82868643,-89.98136585,red,Hydrant
31466064,Hydrant,Hydrant,34.82892643,-89.98290585,red,Hydrant
31466065,Hydrant,Hydrant,34.85164644,-89.99645585,red,Hydrant
31466066,Hydrant,Hydrant,34.85122643,-89.99680585,red,Hydrant
31466067,Hydrant,Hydrant,34.93193969,-89.93334926,red,Hydrant
31466068,Hydrant,Hydrant,34.93177465,-89.93411380,red,Hydrant
31466069,Hydrant,Hydrant,34.93167768,-89.93245219,red,Hydrant
31466070,Hydrant,Hydrant,34.93276838,-89.93384702,red,Hydrant
31466071,Hydrant,Hydrant,34.93111614,-89.93499012,red,Hydrant
31466072,Hydrant,Hydrant,34.93951472,-90.01509207,red,Hydrant
31466073,Hydrant,Hydrant,34.93845206,-90.01446931,red,Hydrant
31466074,Hydrant,Hydrant,34.93944935,-90.01379578,red,Hydrant
31466075,Hydrant,Hydrant,34.93815121,-90.01324023,red,Hydrant
31466076,Hydrant,Hydrant,34.93756691,-90.01206905,red,Hydrant
31466077,Hydrant,Hydrant,34.93888312,-90.01233221,red,Hydrant
31466078,Hydrant,Hydrant,34.93977627,-90.01241024,red,Hydrant
31466079,Hydrant,Hydrant,34.93882039,-90.01133246,red,Hydrant
31466080,Hydrant,Hydrant,34.93982441,-90.01054197,red,Hydrant
31466081,Hydrant,Hydrant,34.93869292,-90.00988653,red,Hydrant
31466082,Hydrant,Hydrant,34.93948398,-90.00950433,red,Hydrant
31466083,Hydrant,Hydrant,34.93958661,-90.00811590,red,Hydrant
31466084,Hydrant,Hydrant,34.93890599,-90.00759558,red,Hydrant
31466085,Hydrant,Hydrant,34.94185909,-90.00690798,red,Hydrant
31466086,Hydrant,Hydrant,34.94304830,-90.00663267,red,Hydrant
31466087,Hydrant,Hydrant,34.94236738,-90.00584418,red,Hydrant
31466088,Hydrant,Hydrant,34.93958783,-90.00648640,red,Hydrant
31466089,Hydrant,Hydrant,34.94066191,-90.00580238,red,Hydrant
31466090,Hydrant,Hydrant,34.83746643,-89.97239585,red,Hydrant
31466091,Hydrant,Hydrant,34.83751643,-89.97371584,red,Hydrant
31466092,Hydrant,Hydrant,34.81067643,-89.95276584,red,Hydrant
31466093,Hydrant,Hydrant,34.81069643,-89.95112584,red,Hydrant
31466094,Hydrant,Hydrant,34.81068643,-89.94950584,red,Hydrant
31466095,Hydrant,Hydrant,34.80969643,-89.94815584,red,Hydrant
31466096,Hydrant,Hydrant,34.81062643,-89.94692584,red,Hydrant
31466097,Hydrant,Hydrant,34.88947644,-89.98641585,red,Hydrant
31466098,Hydrant,Hydrant,34.88796644,-89.98641585,red,Hydrant
31466099,Hydrant,Hydrant,34.88638644,-89.98644585,red,Hydrant
31466100,Hydrant,Hydrant,34.82056643,-89.97828585,red,Hydrant
31466101,Hydrant,Hydrant,34.81945643,-89.97514584,red,Hydrant
31466102,Hydrant,Hydrant,34.81817643,-89.97497584,red,Hydrant
31466103,Hydrant,Hydrant,34.82951643,-89.99638585,red,Hydrant
31466104,Hydrant,Hydrant,34.93370944,-90.00996542,red,Hydrant
31466105,Hydrant,Hydrant,34.93372027,-90.00638307,red,Hydrant
31466106,Hydrant,Hydrant,34.84557644,-89.96539584,red,Hydrant
31466107,Hydrant,Hydrant,34.83790643,-89.96757584,red,Hydrant
31466108,Hydrant,Hydrant,34.83690643,-89.97092584,red,Hydrant
31466109,Hydrant,Hydrant,34.90455644,-90.20190591,red,Hydrant
31466110,Hydrant,Hydrant,34.82515643,-89.97970585,red,Hydrant
31466111,Hydrant,Hydrant,34.82578643,-89.97925585,red,Hydrant
31466112,Hydrant,Hydrant,34.82483643,-89.97840585,red,Hydrant
31466113,Hydrant,Hydrant,34.82021643,-89.97296584,red,Hydrant
31466114,Hydrant,Hydrant,34.99356326,-90.01815990,red,Hydrant
31466115,Hydrant,Hydrant,34.99327934,-90.02173877,red,Hydrant
31466116,Hydrant,Hydrant,34.99279273,-90.02022567,red,Hydrant
31466117,Hydrant,Hydrant,34.99403656,-90.02015884,red,Hydrant
31466118,Hydrant,Hydrant,34.99428442,-90.01908651,red,Hydrant
31466119,Hydrant,Hydrant,34.99203899,-90.01907013,red,Hydrant
31466120,Hydrant,Hydrant,34.99272076,-90.01814510,red,Hydrant
31466121,Hydrant,Hydrant,34.99433483,-90.01638875,red,Hydrant
31466122,Hydrant,Hydrant,34.99203247,-90.01637844,red,Hydrant
31466123,Hydrant,Hydrant,34.99358270,-90.01476072,red,Hydrant
31466124,Hydrant,Hydrant,34.99273071,-90.01481506,red,Hydrant
31466125,Hydrant,Hydrant,34.99374962,-90.01139678,red,Hydrant
31466126,Hydrant,Hydrant,34.99444171,-90.01315614,red,Hydrant
31466127,Hydrant,Hydrant,34.99070655,-90.01483714,red,Hydrant
31466128,Hydrant,Hydrant,34.99070422,-90.01745000,red,Hydrant
31466129,Hydrant,Hydrant,34.98955915,-90.01804851,red,Hydrant
31466130,Hydrant,Hydrant,34.98879980,-90.01483142,red,Hydrant
31466131,Hydrant,Hydrant,34.98820035,-90.01617396,red,Hydrant
31466132,Hydrant,Hydrant,34.98750873,-90.01352575,red,Hydrant
31466133,Hydrant,Hydrant,34.98777039,-90.01465329,red,Hydrant
31466134,Hydrant,Hydrant,34.98544087,-90.01342457,red,Hydrant
31466135,Hydrant,Hydrant,34.98626595,-90.01516021,red,Hydrant
31466136,Hydrant,Hydrant,34.98999287,-90.01359757,red,Hydrant
31466137,Hydrant,Hydrant,34.98511366,-90.01957287,red,Hydrant
31466138,Hydrant,Hydrant,34.98642766,-90.02469084,red,Hydrant
31466139,Hydrant,Hydrant,34.98576856,-90.02130811,red,Hydrant
31466140,Hydrant,Hydrant,34.98708724,-90.02132864,red,Hydrant
31466141,Hydrant,Hydrant,34.98707548,-90.02319408,red,Hydrant
31466142,Hydrant,Hydrant,34.98473899,-90.02321169,red,Hydrant
31466143,Hydrant,Hydrant,34.98449337,-90.02476414,red,Hydrant
31466144,Hydrant,Hydrant,34.98385838,-90.01756626,red,Hydrant
31466145,Hydrant,Hydrant,34.98385465,-90.01960526,red,Hydrant
31466146,Hydrant,Hydrant,34.98386597,-90.02174621,red,Hydrant
31466147,Hydrant,Hydrant,34.98173734,-90.02108631,red,Hydrant
31466148,Hydrant,Hydrant,34.98258516,-90.02269040,red,Hydrant
31466149,Hydrant,Hydrant,34.98124940,-90.02354394,red,Hydrant
31466150,Hydrant,Hydrant,34.98221492,-90.02473517,red,Hydrant
31466151,Hydrant,Hydrant,34.98720002,-90.01879672,red,Hydrant
31466152,Hydrant,Hydrant,34.99021855,-90.02595302,red,Hydrant
31466153,Hydrant,Hydrant,34.99102016,-90.02597170,red,Hydrant
31466154,Hydrant,Hydrant,34.98900338,-90.02735409,red,Hydrant
31466155,Hydrant,Hydrant,34.98890298,-90.02896529,red,Hydrant
31466156,Hydrant,Hydrant,34.98883869,-90.02674927,red,Hydrant
31466157,Hydrant,Hydrant,34.98184009,-90.01718080,red,Hydrant
31466158,Hydrant,Hydrant,34.98265940,-90.01822982,red,Hydrant
31466159,Hydrant,Hydrant,34.98038729,-90.02163721,red,Hydrant
31466160,Hydrant,Hydrant,34.98038742,-90.02401744,red,Hydrant
31466161,Hydrant,Hydrant,34.97958745,-90.02473842,red,Hydrant
31466162,Hydrant,Hydrant,34.98085964,-90.01837791,red,Hydrant
31466163,Hydrant,Hydrant,34.98465470,-90.02575285,red,Hydrant
31466164,Hydrant,Hydrant,34.98137896,-90.01997223,red,Hydrant
31466165,Hydrant,Hydrant,34.98567414,-90.02676764,red,Hydrant
31466166,Hydrant,Hydrant,34.98485880,-90.02832935,red,Hydrant
31466167,Hydrant,Hydrant,34.98396231,-90.02814125,red,Hydrant
31466168,Hydrant,Hydrant,34.98150719,-90.03026579,red,Hydrant
31466169,Hydrant,Hydrant,34.98190920,-90.02882151,red,Hydrant
31466170,Hydrant,Hydrant,34.98139756,-90.02715669,red,Hydrant
31466171,Hydrant,Hydrant,34.98397694,-90.02686572,red,Hydrant
31466172,Hydrant,Hydrant,34.97953003,-90.02823839,red,Hydrant
31466173,Hydrant,Hydrant,34.97905588,-90.02617317,red,Hydrant
31466174,Hydrant,Hydrant,34.97865903,-90.03194848,red,Hydrant
31466175,Hydrant,Hydrant,34.97779527,-90.03112743,red,Hydrant
31466176,Hydrant,Hydrant,34.97853197,-90.02843997,red,Hydrant
31466177,Hydrant,Hydrant,34.97898111,-90.01760236,red,Hydrant
31466178,Hydrant,Hydrant,34.97852063,-90.01867216,red,Hydrant
31466179,Hydrant,Hydrant,34.97530583,-90.03019575,red,Hydrant
31466180,Hydrant,Hydrant,34.97665260,-90.02946089,red,Hydrant
31466181,Hydrant,Hydrant,34.97619763,-90.03183084,red,Hydrant
31466182,Hydrant,Hydrant,34.97437052,-90.03149293,red,Hydrant
31466183,Hydrant,Hydrant,34.97714631,-90.02765153,red,Hydrant
31466184,Hydrant,Hydrant,34.97586244,-90.02807201,red,Hydrant
31466185,Hydrant,Hydrant,34.97170338,-90.02839965,red,Hydrant
31466186,Hydrant,Hydrant,34.97244756,-90.03057527,red,Hydrant
31466187,Hydrant,Hydrant,34.97403845,-90.02903594,red,Hydrant
31466188,Hydrant,Hydrant,34.97449851,-90.02597217,red,Hydrant
31466189,Hydrant,Hydrant,34.97562798,-90.02671077,red,Hydrant
31466190,Hydrant,Hydrant,34.97441323,-90.02775567,red,Hydrant
31466191,Hydrant,Hydrant,34.97330789,-90.02679626,red,Hydrant
31466192,Hydrant,Hydrant,34.97838560,-90.02232441,red,Hydrant
31466193,Hydrant,Hydrant,34.97664233,-90.02574253,red,Hydrant
31466194,Hydrant,Hydrant,34.97502943,-90.01770469,red,Hydrant
31466195,Hydrant,Hydrant,34.97639392,-90.01846807,red,Hydrant
31466196,Hydrant,Hydrant,34.97563653,-90.02057942,red,Hydrant
31466197,Hydrant,Hydrant,34.97440637,-90.01985181,red,Hydrant
31466198,Hydrant,Hydrant,34.97266927,-90.02916900,red,Hydrant
31466199,Hydrant,Hydrant,34.97358252,-90.02335269,red,Hydrant
31466200,Hydrant,Hydrant,34.97157352,-90.02475691,red,Hydrant
31466201,Hydrant,Hydrant,34.97368903,-90.02177063,red,Hydrant
31466202,Hydrant,Hydrant,34.97185441,-90.02193123,red,Hydrant
31466203,Hydrant,Hydrant,34.97676614,-90.02183607,red,Hydrant
31466204,Hydrant,Hydrant,34.97959894,-90.03023732,red,Hydrant
31466205,Hydrant,Hydrant,34.98330966,-90.03008606,red,Hydrant
31466206,Hydrant,Hydrant,34.98196663,-90.02576567,red,Hydrant
31466207,Hydrant,Hydrant,34.98039826,-90.02701110,red,Hydrant
31466208,Hydrant,Hydrant,34.97069600,-90.02256487,red,Hydrant
31466209,Hydrant,Hydrant,34.97433400,-90.02472932,red,Hydrant
31466210,Hydrant,Hydrant,34.97455857,-90.02261887,red,Hydrant
31466211,Hydrant,Hydrant,34.97260939,-90.02188464,red,Hydrant
31466212,Hydrant,Hydrant,34.97217943,-90.02577992,red,Hydrant
31466213,Hydrant,Hydrant,34.96438938,-89.99616990,red,Hydrant
31466214,Hydrant,Hydrant,34.96355116,-89.99475122,red,Hydrant
31466215,Hydrant,Hydrant,34.96692467,-89.99455501,red,Hydrant
31466216,Hydrant,Hydrant,34.96833721,-89.99544684,red,Hydrant
31466217,Hydrant,Hydrant,34.96767361,-89.99493380,red,Hydrant
31466218,Hydrant,Hydrant,34.96900715,-89.99601539,red,Hydrant
31466219,Hydrant,Hydrant,34.96935704,-89.99560910,red,Hydrant
31466220,Hydrant,Hydrant,34.96866326,-89.99458929,red,Hydrant
31466221,Hydrant,Hydrant,34.96912504,-89.99381136,red,Hydrant
31466222,Hydrant,Hydrant,34.97242172,-89.99541482,red,Hydrant
31466223,Hydrant,Hydrant,34.97214561,-89.99607198,red,Hydrant
31466224,Hydrant,Hydrant,34.97145729,-89.99650927,red,Hydrant
31466225,Hydrant,Hydrant,34.97195837,-89.99663716,red,Hydrant
31466226,Hydrant,Hydrant,34.97210396,-89.99760284,red,Hydrant
31466227,Hydrant,Hydrant,34.97188460,-89.99855684,red,Hydrant
31466228,Hydrant,Hydrant,34.97134478,-89.99915384,red,Hydrant
31466229,Hydrant,Hydrant,34.96996118,-89.99950074,red,Hydrant
31466230,Hydrant,Hydrant,34.96913214,-89.99924917,red,Hydrant
31466231,Hydrant,Hydrant,34.96842905,-89.99857359,red,Hydrant
31466232,Hydrant,Hydrant,34.96797989,-89.99781933,red,Hydrant
31466233,Hydrant,Hydrant,34.96763100,-89.99711188,red,Hydrant
31466234,Hydrant,Hydrant,34.96759106,-89.99664220,red,Hydrant
31466235,Hydrant,Hydrant,34.96766786,-89.99631424,red,Hydrant
31466236,Hydrant,Hydrant,34.96803150,-89.99561282,red,Hydrant
31466237,Hydrant,Hydrant,34.96609727,-89.99465410,red,Hydrant
31466238,Hydrant,Hydrant,34.96526734,-89.99464267,red,Hydrant
31466239,Hydrant,Hydrant,34.96443953,-89.99464768,red,Hydrant
31466240,Hydrant,Hydrant,34.97271918,-89.99536274,red,Hydrant
31466241,Hydrant,Hydrant,34.97327056,-89.99461427,red,Hydrant
31466242,Hydrant,Hydrant,34.97385077,-89.99385640,red,Hydrant
31466243,Hydrant,Hydrant,34.97425559,-89.99310101,red,Hydrant
31466244,Hydrant,Hydrant,34.97456181,-89.99210327,red,Hydrant
31466245,Hydrant,Hydrant,34.97466062,-89.99110607,red,Hydrant
31466246,Hydrant,Hydrant,34.97466282,-89.99017586,red,Hydrant
31466247,Hydrant,Hydrant,34.84646644,-89.97237585,red,Hydrant
31466248,Hydrant,Hydrant,34.96574088,-89.96394836,red,Hydrant
31466249,Hydrant,Hydrant,34.96574566,-89.96491224,red,Hydrant
31466250,Hydrant,Hydrant,34.96463036,-89.96504036,red,Hydrant
31466251,Hydrant,Hydrant,34.96436356,-89.96392959,red,Hydrant
31466252,Hydrant,Hydrant,34.99107379,-89.96699556,red,Hydrant
31466253,Hydrant,Hydrant,34.98904944,-89.96696318,red,Hydrant
31466254,Hydrant,Hydrant,34.98834539,-89.96687311,red,Hydrant
31466255,Hydrant,Hydrant,34.98743348,-89.96666599,red,Hydrant
31466256,Hydrant,Hydrant,34.98648346,-89.96666522,red,Hydrant
31466257,Hydrant,Hydrant,34.98552038,-89.96667609,red,Hydrant
31466258,Hydrant,Hydrant,34.95540230,-89.95651867,red,Hydrant
31466259,Hydrant,Hydrant,34.95647940,-89.95756577,red,Hydrant
31466260,Hydrant,Hydrant,34.96021666,-89.95753304,red,Hydrant
31466261,Hydrant,Hydrant,34.96131282,-89.95901593,red,Hydrant
31466262,Hydrant,Hydrant,34.96010507,-89.96345055,red,Hydrant
31466263,Hydrant,Hydrant,34.96078783,-89.96484485,red,Hydrant
31466264,Hydrant,Hydrant,34.95957509,-89.96613131,red,Hydrant
31466265,Hydrant,Hydrant,34.95618984,-89.96368625,red,Hydrant
31466266,Hydrant,Hydrant,34.95769959,-89.96123018,red,Hydrant
31466267,Hydrant,Hydrant,34.95587106,-89.96030229,red,Hydrant
31466268,Hydrant,Hydrant,34.95781241,-89.95896417,red,Hydrant
31466269,Hydrant,Hydrant,34.96323583,-89.96749319,red,Hydrant
31466270,Hydrant,Hydrant,34.96946853,-89.96867800,red,Hydrant
31466271,Hydrant,Hydrant,34.96771869,-89.96929413,red,Hydrant
31466272,Hydrant,Hydrant,34.96773681,-89.96733840,red,Hydrant
31466273,Hydrant,Hydrant,34.96806048,-89.96379895,red,Hydrant
31466274,Hydrant,Hydrant,34.96638713,-89.96737446,red,Hydrant
31466275,Hydrant,Hydrant,34.96585611,-89.96902161,red,Hydrant
31466276,Hydrant,Hydrant,34.96584688,-89.97024001,red,Hydrant
31466277,Hydrant,Hydrant,34.96494931,-89.97025870,red,Hydrant
31466278,Hydrant,Hydrant,34.96489973,-89.96835023,red,Hydrant
31466279,Hydrant,Hydrant,34.96452301,-89.96745918,red,Hydrant
31466280,Hydrant,Hydrant,34.96576754,-89.96630774,red,Hydrant
31466281,Hydrant,Hydrant,34.96664437,-89.96500670,red,Hydrant
31466282,Hydrant,Hydrant,34.98282085,-89.93998067,red,Hydrant
31466283,Hydrant,Hydrant,34.98281540,-89.93774116,red,Hydrant
31466284,Hydrant,Hydrant,34.98385864,-89.94079429,red,Hydrant
31466285,Hydrant,Hydrant,34.98354921,-89.93837479,red,Hydrant
31466286,Hydrant,Hydrant,34.98161786,-89.93780977,red,Hydrant
31466287,Hydrant,Hydrant,34.98205268,-89.94030804,red,Hydrant
31466288,Hydrant,Hydrant,34.98258318,-89.93911331,red,Hydrant
31466289,Hydrant,Hydrant,34.98337123,-89.94129469,red,Hydrant
31466290,Hydrant,Hydrant,34.98248976,-89.94288609,red,Hydrant
31466291,Hydrant,Hydrant,34.98032758,-89.94154835,red,Hydrant
31466292,Hydrant,Hydrant,34.98235475,-89.94130911,red,Hydrant
31466293,Hydrant,Hydrant,34.98161993,-89.93905289,red,Hydrant
31466294,Hydrant,Hydrant,34.98388140,-89.94212481,red,Hydrant
31466295,Hydrant,Hydrant,34.98114906,-89.94028149,red,Hydrant
31466296,Hydrant,Hydrant,34.98108474,-89.94109991,red,Hydrant
31466297,Hydrant,Hydrant,34.98373002,-89.93957022,red,Hydrant
31466298,Hydrant,Hydrant,34.96492277,-89.97350045,red,Hydrant
31466299,Hydrant,Hydrant,34.96399694,-89.97350681,red,Hydrant
31466300,Hydrant,Hydrant,34.81041643,-89.95655584,red,Hydrant
31466301,Hydrant,Hydrant,34.81212643,-89.95606584,red,Hydrant
31466302,Hydrant,Hydrant,34.81101643,-89.95893584,red,Hydrant
31466303,Hydrant,Hydrant,34.81246643,-89.95822584,red,Hydrant
31466304,Hydrant,Hydrant,34.84884644,-89.97553585,red,Hydrant
31466305,Hydrant,Hydrant,34.94096501,-90.00475793,red,Hydrant
31466306,Hydrant,Hydrant,34.94128477,-90.00339674,red,Hydrant
31466307,Hydrant,Hydrant,34.94038633,-90.00357142,red,Hydrant
31466308,Hydrant,Hydrant,34.94128018,-90.00183135,red,Hydrant
31466309,Hydrant,Hydrant,34.93956331,-90.00497237,red,Hydrant
31466310,Hydrant,Hydrant,34.93906900,-90.00379601,red,Hydrant
31466311,Hydrant,Hydrant,34.93814912,-90.00476511,red,Hydrant
31466312,Hydrant,Hydrant,34.93895554,-90.00295625,red,Hydrant
31466313,Hydrant,Hydrant,34.93773845,-90.00379895,red,Hydrant
31466314,Hydrant,Hydrant,34.93896896,-90.00199034,red,Hydrant
31466315,Hydrant,Hydrant,34.93756867,-90.00240094,red,Hydrant
31466316,Hydrant,Hydrant,34.93798661,-90.00103376,red,Hydrant
31466317,Hydrant,Hydrant,34.93908669,-90.00102266,red,Hydrant
31466318,Hydrant,Hydrant,34.94022335,-90.00201375,red,Hydrant
31466319,Hydrant,Hydrant,34.94036784,-90.00103420,red,Hydrant
31466320,Hydrant,Hydrant,34.94181377,-90.00371817,red,Hydrant
31466321,Hydrant,Hydrant,34.94308132,-90.00168277,red,Hydrant
31466322,Hydrant,Hydrant,34.94212448,-90.00107286,red,Hydrant
31466323,Hydrant,Hydrant,34.94190149,-90.00191441,red,Hydrant
31466324,Hydrant,Hydrant,34.81703643,-89.98470585,red,Hydrant
31466325,Hydrant,Hydrant,34.81711643,-89.98285585,red,Hydrant
31466326,Hydrant,Hydrant,34.81913643,-89.98492585,red,Hydrant
31466327,Hydrant,Hydrant,34.81804643,-89.98260585,red,Hydrant
31466328,Hydrant,Hydrant,34.81801643,-89.98458585,red,Hydrant
31466329,Hydrant,Hydrant,34.84499643,-89.97547585,red,Hydrant
31466330,Hydrant,Hydrant,34.84347643,-89.97513585,red,Hydrant
31466331,Hydrant,Hydrant,34.84341644,-89.97297585,red,Hydrant
31466332,Hydrant,Hydrant,34.84376644,-89.97238585,red,Hydrant
31466333,Hydrant,Hydrant,34.84432643,-89.97297585,red,Hydrant
31466334,Hydrant,Hydrant,34.84429643,-89.97525585,red,Hydrant
31466335,Hydrant,Hydrant,34.99088769,-89.99471791,red,Hydrant
31466336,Hydrant,Hydrant,34.81362643,-89.95908984,red,Hydrant
31466337,Hydrant,Hydrant,34.81753643,-90.02011586,red,Hydrant
31466338,Hydrant,Hydrant,34.81838643,-90.02111586,red,Hydrant
31466339,Hydrant,Hydrant,34.82132643,-90.02117586,red,Hydrant
31466340,Hydrant,Hydrant,34.82233643,-90.02128586,red,Hydrant
31466341,Hydrant,Hydrant,34.82248643,-90.02348586,red,Hydrant
31466342,Hydrant,Hydrant,34.81869643,-90.01978586,red,Hydrant
31466343,Hydrant,Hydrant,34.81784643,-90.01833586,red,Hydrant
31466344,Hydrant,Hydrant,34.99417306,-90.01035260,red,Hydrant
31466345,Hydrant,Hydrant,34.99418301,-90.00929955,red,Hydrant
31466346,Hydrant,Hydrant,34.99199700,-90.00804673,red,Hydrant
31466347,Hydrant,Hydrant,34.99347728,-90.00806995,red,Hydrant
31466348,Hydrant,Hydrant,34.98460645,-90.00812472,red,Hydrant
31466349,Hydrant,Hydrant,34.98672875,-90.00813406,red,Hydrant
31466350,Hydrant,Hydrant,34.98866739,-90.00811493,red,Hydrant
31466351,Hydrant,Hydrant,34.99070833,-90.00822437,red,Hydrant
31466352,Hydrant,Hydrant,34.83831643,-89.99933585,red,Hydrant
31466353,Hydrant,Hydrant,34.82787643,-89.98048585,red,Hydrant
31466354,Hydrant,Hydrant,34.82855643,-89.98023585,red,Hydrant
31466355,Hydrant,Hydrant,34.82851643,-89.97905585,red,Hydrant
31466356,Hydrant,Hydrant,34.81436643,-90.00035585,red,Hydrant
31466357,Hydrant,Hydrant,34.81441643,-89.99857585,red,Hydrant
31466358,Hydrant,Hydrant,34.81345643,-90.00036585,red,Hydrant
31466359,Hydrant,Hydrant,34.81365643,-89.99881585,red,Hydrant
31466360,Hydrant,Hydrant,34.81252643,-89.99892585,red,Hydrant
31466361,Hydrant,Hydrant,34.81220643,-90.00030585,red,Hydrant
31466362,Hydrant,Hydrant,34.81197643,-90.00147585,red,Hydrant
31466363,Hydrant,Hydrant,34.81099643,-90.00008585,red,Hydrant
31466364,Hydrant,Hydrant,34.88281644,-89.99935586,red,Hydrant
31466365,Hydrant,Hydrant,34.88388644,-89.99930585,red,Hydrant
31466366,Hydrant,Hydrant,34.88406644,-90.00093586,red,Hydrant
31466367,Hydrant,Hydrant,34.88454644,-90.00201586,red,Hydrant
31466368,Hydrant,Hydrant,34.88506644,-90.00315586,red,Hydrant
31466369,Hydrant,Hydrant,34.88548644,-90.00129586,red,Hydrant
31466370,Hydrant,Hydrant,34.88625644,-90.00042586,red,Hydrant
31466371,Hydrant,Hydrant,34.88493644,-90.00029586,red,Hydrant
31466372,Hydrant,Hydrant,34.88495644,-89.99851586,red,Hydrant
31466373,Hydrant,Hydrant,34.88288644,-90.00065586,red,Hydrant
31466374,Hydrant,Hydrant,34.88350644,-90.00205586,red,Hydrant
31466375,Hydrant,Hydrant,34.88379644,-90.00373586,red,Hydrant
31466376,Hydrant,Hydrant,34.88252644,-90.00385586,red,Hydrant
31466377,Hydrant,Hydrant,34.97246074,-89.93982822,red,Hydrant
31466378,Hydrant,Hydrant,34.94873406,-89.97137750,red,Hydrant
31466379,Hydrant,Hydrant,34.94874014,-89.97034104,red,Hydrant
31466380,Hydrant,Hydrant,34.94866370,-89.96943082,red,Hydrant
31466381,Hydrant,Hydrant,34.94781597,-89.96892158,red,Hydrant
31466382,Hydrant,Hydrant,34.94939087,-89.97009229,red,Hydrant
31466383,Hydrant,Hydrant,34.94910811,-89.96866897,red,Hydrant
31466384,Hydrant,Hydrant,34.94926759,-89.97169518,red,Hydrant
31466385,Hydrant,Hydrant,34.95113700,-89.97057095,red,Hydrant
31466386,Hydrant,Hydrant,34.95056194,-89.97133027,red,Hydrant
31466387,Hydrant,Hydrant,34.95024034,-89.97017144,red,Hydrant
31466388,Hydrant,Hydrant,34.95148247,-89.96861419,red,Hydrant
31466389,Hydrant,Hydrant,34.95025311,-89.96864877,red,Hydrant
31466390,Hydrant,Hydrant,34.95128374,-89.96713521,red,Hydrant
31466391,Hydrant,Hydrant,34.94862978,-89.96736186,red,Hydrant
31466392,Hydrant,Hydrant,34.94711163,-89.96670581,red,Hydrant
31466393,Hydrant,Hydrant,34.94711168,-89.96758297,red,Hydrant
31466394,Hydrant,Hydrant,34.94630291,-89.96646014,red,Hydrant
31466395,Hydrant,Hydrant,34.94610051,-89.96740130,red,Hydrant
31466396,Hydrant,Hydrant,34.94575243,-89.96842276,red,Hydrant
31466397,Hydrant,Hydrant,34.94557095,-89.96927783,red,Hydrant
31466398,Hydrant,Hydrant,34.94607065,-89.96956906,red,Hydrant
31466399,Hydrant,Hydrant,34.94637552,-89.96857068,red,Hydrant
31466400,Hydrant,Hydrant,34.94711878,-89.96866667,red,Hydrant
31466401,Hydrant,Hydrant,34.94673359,-89.96972074,red,Hydrant
31466402,Hydrant,Hydrant,34.94731396,-89.97005894,red,Hydrant
31466403,Hydrant,Hydrant,34.94760107,-89.97132933,red,Hydrant
31466404,Hydrant,Hydrant,34.94737630,-89.97092321,red,Hydrant
31466405,Hydrant,Hydrant,34.94992331,-89.96723894,red,Hydrant
31466406,Hydrant,Hydrant,34.94445645,-90.14963923,red,Hydrant
31466407,Hydrant,Hydrant,34.95707312,-90.14565590,red,Hydrant
31466408,Hydrant,Hydrant,34.95043978,-90.14957257,red,Hydrant
31466409,Hydrant,Hydrant,34.94875645,-90.15412257,red,Hydrant
31466410,Hydrant,Hydrant,34.95047311,-90.15278924,red,Hydrant
31466411,Hydrant,Hydrant,34.90445644,-90.18078924,red,Hydrant
31466412,Hydrant,Hydrant,34.90445644,-90.18343924,red,Hydrant
31466413,Hydrant,Hydrant,34.90445644,-90.18607258,red,Hydrant
31466414,Hydrant,Hydrant,34.90448977,-90.18873924,red,Hydrant
31466415,Hydrant,Hydrant,34.90448977,-90.19155591,red,Hydrant
31466416,Hydrant,Hydrant,34.95410645,-90.15093924,red,Hydrant
31466417,Hydrant,Hydrant,34.95657312,-90.15077257,red,Hydrant
31466418,Hydrant,Hydrant,34.95585645,-90.15233924,red,Hydrant
31466419,Hydrant,Hydrant,34.95543978,-90.15042257,red,Hydrant
31466420,Hydrant,Hydrant,34.95318978,-90.15310590,red,Hydrant
31466421,Hydrant,Hydrant,34.95507312,-90.15340590,red,Hydrant
31466422,Hydrant,Hydrant,34.95677312,-90.15287257,red,Hydrant
31466423,Hydrant,Hydrant,34.95812312,-90.15232257,red,Hydrant
31466424,Hydrant,Hydrant,34.90442310,-90.16772257,red,Hydrant
31466425,Hydrant,Hydrant,34.90437311,-90.17043924,red,Hydrant
31466426,Hydrant,Hydrant,34.90440644,-90.17328924,red,Hydrant
31466427,Hydrant,Hydrant,34.90442310,-90.17552257,red,Hydrant
31466428,Hydrant,Hydrant,34.90443977,-90.17808924,red,Hydrant
31466429,Hydrant,Hydrant,34.90805644,-90.16837257,red,Hydrant
31466430,Hydrant,Hydrant,34.90908977,-90.16897257,red,Hydrant
31466431,Hydrant,Hydrant,34.90833977,-90.16993924,red,Hydrant
31466432,Hydrant,Hydrant,34.90717311,-90.16915590,red,Hydrant
31466433,Hydrant,Hydrant,34.90682311,-90.16720590,red,Hydrant
31466434,Hydrant,Hydrant,34.90470644,-90.16678924,red,Hydrant
31466435,Hydrant,Hydrant,34.90907311,-90.16697257,red,Hydrant
31466436,Hydrant,Hydrant,34.90910644,-90.17290590,red,Hydrant
31466437,Hydrant,Hydrant,34.90860644,-90.17208924,red,Hydrant
31466438,Hydrant,Hydrant,34.90905644,-90.17285590,red,Hydrant
31466439,Hydrant,Hydrant,34.90810644,-90.17425591,red,Hydrant
31466440,Hydrant,Hydrant,34.90707311,-90.17505591,red,Hydrant
31466441,Hydrant,Hydrant,34.90525644,-90.17455590,red,Hydrant
31466442,Hydrant,Hydrant,34.97710940,-89.95595476,red,Hydrant
31466443,Hydrant,Hydrant,34.97712982,-89.95964911,red,Hydrant
31466444,Hydrant,Hydrant,34.97712158,-89.95790765,red,Hydrant
31466445,Hydrant,Hydrant,34.97629304,-89.96276268,red,Hydrant
31466446,Hydrant,Hydrant,34.99432386,-90.02262412,red,Hydrant
31466447,Hydrant,Hydrant,34.99176663,-90.01413422,red,Hydrant
31466448,Hydrant,Hydrant,34.97744058,-90.00352576,red,Hydrant
31466449,Hydrant,Hydrant,34.91512392,-89.96903640,red,Hydrant
31466450,Hydrant,Hydrant,34.91651671,-89.96899410,red,Hydrant
31466451,Hydrant,Hydrant,34.96285308,-89.97227930,red,Hydrant
31466452,Hydrant,Hydrant,34.96273276,-89.96750801,red,Hydrant
31466453,Hydrant,Hydrant,34.96240493,-89.96783064,red,Hydrant
31466454,Hydrant,Hydrant,34.94293385,-90.01657653,red,Hydrant
31466455,Hydrant,Hydrant,34.94079371,-90.01478940,red,Hydrant
31466456,Hydrant,Hydrant,34.94089267,-90.01054717,red,Hydrant
31466457,Hydrant,Hydrant,34.94085832,-90.01224878,red,Hydrant
31466458,Hydrant,Hydrant,34.93691941,-90.01436379,red,Hydrant
31466459,Hydrant,Hydrant,34.93410996,-90.01338113,red,Hydrant
31466460,Hydrant,Hydrant,34.93441485,-90.00780506,red,Hydrant
31466461,Hydrant,Hydrant,34.93368117,-90.00319091,red,Hydrant
31466462,Hydrant,Hydrant,34.93460339,-89.99771620,red,Hydrant
31466463,Hydrant,Hydrant,34.99194810,-90.02931521,red,Hydrant
31466464,Hydrant,Hydrant,34.99174488,-90.02938210,red,Hydrant
31466465,Hydrant,Hydrant,34.99174872,-90.02785320,red,Hydrant
31466466,Hydrant,Hydrant,34.99175623,-90.02605937,red,Hydrant
31466467,Hydrant,Hydrant,34.99175317,-90.02455551,red,Hydrant
31466468,Hydrant,Hydrant,34.99198354,-89.99004200,red,Hydrant
31466469,Hydrant,Hydrant,34.99195604,-89.99095385,red,Hydrant
31466470,Hydrant,Hydrant,34.99194859,-89.99229198,red,Hydrant
31466471,Hydrant,Hydrant,34.99172420,-89.99474361,red,Hydrant
31466472,Hydrant,Hydrant,34.99199133,-89.99566129,red,Hydrant
31466473,Hydrant,Hydrant,34.99196169,-89.99663584,red,Hydrant
31466474,Hydrant,Hydrant,34.99000457,-89.99470815,red,Hydrant
31466475,Hydrant,Hydrant,34.99177907,-89.99946298,red,Hydrant
31466476,Hydrant,Hydrant,34.98763591,-89.99914462,red,Hydrant
31466477,Hydrant,Hydrant,34.98666440,-89.99895235,red,Hydrant
31466478,Hydrant,Hydrant,34.98397839,-89.99912324,red,Hydrant
31466479,Hydrant,Hydrant,34.98508539,-89.99912920,red,Hydrant
31466480,Hydrant,Hydrant,34.98289018,-89.99909108,red,Hydrant
31466481,Hydrant,Hydrant,34.97741174,-89.99677486,red,Hydrant
31466482,Hydrant,Hydrant,34.98801718,-89.99913100,red,Hydrant
31466483,Hydrant,Hydrant,34.98852558,-89.99913279,red,Hydrant
31466484,Hydrant,Hydrant,34.99174643,-89.99652501,red,Hydrant
31466485,Hydrant,Hydrant,34.97849676,-89.97229639,red,Hydrant
31466486,Hydrant,Hydrant,34.98083645,-89.97230595,red,Hydrant
31466487,Hydrant,Hydrant,34.98386321,-89.97229539,red,Hydrant
31466488,Hydrant,Hydrant,34.98583550,-89.97230985,red,Hydrant
31466489,Hydrant,Hydrant,34.98903492,-89.97237645,red,Hydrant
31466490,Hydrant,Hydrant,34.99151352,-89.97296816,red,Hydrant
31466491,Hydrant,Hydrant,34.99194154,-89.97576473,red,Hydrant
31466492,Hydrant,Hydrant,34.99172843,-89.97624358,red,Hydrant
31466493,Hydrant,Hydrant,34.99173374,-89.98566423,red,Hydrant
31466494,Hydrant,Hydrant,34.99174059,-89.98700381,red,Hydrant
31466495,Hydrant,Hydrant,34.99174010,-89.98832928,red,Hydrant
31466496,Hydrant,Hydrant,34.98382808,-89.98971458,red,Hydrant
31466497,Hydrant,Hydrant,34.98273921,-89.98972006,red,Hydrant
31466498,Hydrant,Hydrant,34.98121441,-89.98971937,red,Hydrant
31466499,Hydrant,Hydrant,34.97976004,-89.98974426,red,Hydrant
31466500,Hydrant,Hydrant,34.99022391,-89.97722228,red,Hydrant
31466501,Hydrant,Hydrant,34.99335977,-90.02360360,red,Hydrant
31466502,Hydrant,Hydrant,34.99420506,-90.00725704,red,Hydrant
31466503,Hydrant,Hydrant,34.99330351,-90.00582848,red,Hydrant
31466504,Hydrant,Hydrant,34.99422875,-90.00591089,red,Hydrant
31466505,Hydrant,Hydrant,34.99175551,-90.02224506,red,Hydrant
31466506,Hydrant,Hydrant,34.98965107,-90.02045702,red,Hydrant
31466507,Hydrant,Hydrant,34.98733560,-90.01849903,red,Hydrant
31466508,Hydrant,Hydrant,34.98599710,-90.01736080,red,Hydrant
31466509,Hydrant,Hydrant,34.98356313,-90.01560885,red,Hydrant
31466510,Hydrant,Hydrant,34.98162736,-90.01273739,red,Hydrant
31466511,Hydrant,Hydrant,34.97815327,-90.01573957,red,Hydrant
31466512,Hydrant,Hydrant,34.97742997,-90.01375022,red,Hydrant
31466513,Hydrant,Hydrant,34.97742993,-90.00987750,red,Hydrant
31466514,Hydrant,Hydrant,34.98097391,-90.01083587,red,Hydrant
31466515,Hydrant,Hydrant,34.99172184,-90.00474045,red,Hydrant
31466516,Hydrant,Hydrant,34.98813585,-90.00475262,red,Hydrant
31466517,Hydrant,Hydrant,34.98938748,-90.00476158,red,Hydrant
31466518,Hydrant,Hydrant,34.99313674,-90.06074662,red,Hydrant
31466519,Hydrant,Hydrant,34.99186890,-90.06055828,red,Hydrant
31466520,Hydrant,Hydrant,34.99210797,-90.06069408,red,Hydrant
31466521,Hydrant,Hydrant,34.98687379,-90.06062354,red,Hydrant
31466522,Hydrant,Hydrant,34.98838198,-90.06052024,red,Hydrant
31466523,Hydrant,Hydrant,34.99190481,-90.05604301,red,Hydrant
31466524,Hydrant,Hydrant,34.99191510,-90.05162696,red,Hydrant
31466525,Hydrant,Hydrant,34.99193842,-90.04815874,red,Hydrant
31466526,Hydrant,Hydrant,34.99191421,-90.04626964,red,Hydrant
31466527,Hydrant,Hydrant,34.99171679,-90.04403547,red,Hydrant
31466528,Hydrant,Hydrant,34.99172553,-90.04276865,red,Hydrant
31466529,Hydrant,Hydrant,34.98451520,-90.04432183,red,Hydrant
31466530,Hydrant,Hydrant,34.98450256,-90.04768521,red,Hydrant
31466531,Hydrant,Hydrant,34.98452273,-90.04183325,red,Hydrant
31466532,Hydrant,Hydrant,34.98453770,-90.04055418,red,Hydrant
31466533,Hydrant,Hydrant,34.98454840,-90.03910507,red,Hydrant
31466534,Hydrant,Hydrant,34.98455035,-90.03637512,red,Hydrant
31466535,Hydrant,Hydrant,34.98520257,-90.03422415,red,Hydrant
31466536,Hydrant,Hydrant,34.98726665,-90.03434800,red,Hydrant
31466537,Hydrant,Hydrant,34.99173463,-90.04138241,red,Hydrant
31466538,Hydrant,Hydrant,34.99174068,-90.03996496,red,Hydrant
31466539,Hydrant,Hydrant,34.99173178,-90.03852842,red,Hydrant
31466540,Hydrant,Hydrant,34.99172328,-90.03734566,red,Hydrant
31466541,Hydrant,Hydrant,34.99173201,-90.03577620,red,Hydrant
31466542,Hydrant,Hydrant,34.99175119,-90.03457404,red,Hydrant
31466543,Hydrant,Hydrant,34.99173232,-90.03290404,red,Hydrant
31466544,Hydrant,Hydrant,34.99172785,-90.03107168,red,Hydrant
31466545,Hydrant,Hydrant,34.96900491,-90.01665612,red,Hydrant
31466546,Hydrant,Hydrant,34.96901876,-90.01865250,red,Hydrant
31466547,Hydrant,Hydrant,34.96904550,-90.02065442,red,Hydrant
31466548,Hydrant,Hydrant,34.97069644,-90.02075306,red,Hydrant
31466549,Hydrant,Hydrant,34.97504250,-90.01624330,red,Hydrant
31466550,Hydrant,Hydrant,34.97337913,-90.01626849,red,Hydrant
31466551,Hydrant,Hydrant,34.97233261,-90.01638443,red,Hydrant
31466552,Hydrant,Hydrant,34.97140572,-90.01641071,red,Hydrant
31466553,Hydrant,Hydrant,34.97723878,-90.01308337,red,Hydrant
31466554,Hydrant,Hydrant,34.96952455,-89.97197865,red,Hydrant
31466555,Hydrant,Hydrant,34.96680285,-89.97197782,red,Hydrant
31466556,Hydrant,Hydrant,34.96593605,-89.97198301,red,Hydrant
31466557,Hydrant,Hydrant,34.96445330,-89.97197984,red,Hydrant
31466558,Hydrant,Hydrant,34.96925041,-89.95453509,red,Hydrant
31466559,Hydrant,Hydrant,34.97184732,-89.95459102,red,Hydrant
31466560,Hydrant,Hydrant,34.99286630,-89.97231762,red,Hydrant
31466561,Hydrant,Hydrant,34.99169832,-89.97226374,red,Hydrant
31466562,Hydrant,Hydrant,34.99169615,-89.97058535,red,Hydrant
31466563,Hydrant,Hydrant,34.99167910,-89.96884580,red,Hydrant
31466564,Hydrant,Hydrant,34.99044253,-89.97271637,red,Hydrant
31466565,Hydrant,Hydrant,34.98954977,-89.97240147,red,Hydrant
31466566,Hydrant,Hydrant,34.99163369,-89.96554148,red,Hydrant
31466567,Hydrant,Hydrant,34.99163399,-89.96386076,red,Hydrant
31466568,Hydrant,Hydrant,34.99167658,-89.96205744,red,Hydrant
31466569,Hydrant,Hydrant,34.99161455,-89.95868047,red,Hydrant
31466570,Hydrant,Hydrant,34.99161036,-89.95698918,red,Hydrant
31466571,Hydrant,Hydrant,34.99162082,-89.95537701,red,Hydrant
31466572,Hydrant,Hydrant,34.97575851,-89.99002308,red,Hydrant
31466573,Hydrant,Hydrant,34.97377223,-89.99003485,red,Hydrant
31466574,Hydrant,Hydrant,34.97118639,-89.99003783,red,Hydrant
31466575,Hydrant,Hydrant,34.97031617,-89.99003443,red,Hydrant
31466576,Hydrant,Hydrant,34.96886305,-89.99005965,red,Hydrant
31466577,Hydrant,Hydrant,34.96827691,-89.99232410,red,Hydrant
31466578,Hydrant,Hydrant,34.96958423,-89.99275727,red,Hydrant
31466579,Hydrant,Hydrant,34.96618350,-89.99007736,red,Hydrant
31466580,Hydrant,Hydrant,34.96463790,-89.99008802,red,Hydrant
31466581,Hydrant,Hydrant,34.96389896,-89.99008773,red,Hydrant
31466582,Hydrant,Hydrant,34.96289809,-89.99008499,red,Hydrant
31466583,Hydrant,Hydrant,34.96978911,-89.99334425,red,Hydrant
31466584,Hydrant,Hydrant,34.97089414,-89.99376382,red,Hydrant
31466585,Hydrant,Hydrant,34.97121948,-89.99406205,red,Hydrant
31466586,Hydrant,Hydrant,34.97181825,-89.99473890,red,Hydrant
31466587,Hydrant,Hydrant,34.97835950,-89.98098869,red,Hydrant
31466588,Hydrant,Hydrant,34.97757403,-89.98323296,red,Hydrant
31466589,Hydrant,Hydrant,34.97280374,-89.98972503,red,Hydrant
31466590,Hydrant,Hydrant,34.97365117,-89.98972520,red,Hydrant
31466591,Hydrant,Hydrant,34.97602914,-89.98976221,red,Hydrant
31466592,Hydrant,Hydrant,34.97663214,-89.98974692,red,Hydrant
31466593,Hydrant,Hydrant,34.97703580,-89.98851765,red,Hydrant
31466594,Hydrant,Hydrant,34.97693161,-89.98540905,red,Hydrant
31466595,Hydrant,Hydrant,34.97174602,-89.93853199,red,Hydrant
31466596,Hydrant,Hydrant,34.97178125,-89.94037618,red,Hydrant
31466597,Hydrant,Hydrant,34.97184894,-89.94360647,red,Hydrant
31466598,Hydrant,Hydrant,34.97384883,-89.94493879,red,Hydrant
31466599,Hydrant,Hydrant,34.96543729,-89.95193481,red,Hydrant
31466600,Hydrant,Hydrant,34.96687430,-89.95433897,red,Hydrant
31466601,Hydrant,Hydrant,34.97070130,-89.93692224,red,Hydrant
31466602,Hydrant,Hydrant,34.96932736,-89.93692867,red,Hydrant
31466603,Hydrant,Hydrant,34.96764625,-89.93705262,red,Hydrant
31466604,Hydrant,Hydrant,34.97596204,-89.95460494,red,Hydrant
31466605,Hydrant,Hydrant,34.97458564,-89.95460001,red,Hydrant
31466606,Hydrant,Hydrant,34.97309427,-89.95458096,red,Hydrant
31466607,Hydrant,Hydrant,34.95740621,-89.98217498,red,Hydrant
31466608,Hydrant,Hydrant,34.95339845,-89.98979933,red,Hydrant
31466609,Hydrant,Hydrant,34.96184984,-89.98980153,red,Hydrant
31466610,Hydrant,Hydrant,34.96040805,-89.98980212,red,Hydrant
31466611,Hydrant,Hydrant,34.95795750,-89.98980669,red,Hydrant
31466612,Hydrant,Hydrant,34.94793946,-89.98150897,red,Hydrant
31466613,Hydrant,Hydrant,34.95349790,-89.98096797,red,Hydrant
31466614,Hydrant,Hydrant,34.95327039,-89.97220257,red,Hydrant
31466615,Hydrant,Hydrant,34.95214734,-89.97222001,red,Hydrant
31466616,Hydrant,Hydrant,34.96094357,-89.97847044,red,Hydrant
31466617,Hydrant,Hydrant,34.96189489,-89.98056755,red,Hydrant
31466618,Hydrant,Hydrant,34.95991219,-89.97229026,red,Hydrant
31466619,Hydrant,Hydrant,34.94237651,-89.95686020,red,Hydrant
31466620,Hydrant,Hydrant,34.94251888,-89.96011484,red,Hydrant
31466621,Hydrant,Hydrant,34.94236367,-89.96338739,red,Hydrant
31466622,Hydrant,Hydrant,34.94819774,-89.98086554,red,Hydrant
31466623,Hydrant,Hydrant,34.94813173,-89.97985949,red,Hydrant
31466624,Hydrant,Hydrant,34.94810374,-89.97891457,red,Hydrant
31466625,Hydrant,Hydrant,34.96070082,-89.97203103,red,Hydrant
31466626,Hydrant,Hydrant,34.95862974,-89.97208561,red,Hydrant
31466627,Hydrant,Hydrant,34.96177712,-89.97075344,red,Hydrant
31466628,Hydrant,Hydrant,34.96242904,-89.97088490,red,Hydrant
31466629,Hydrant,Hydrant,34.96130121,-89.93690521,red,Hydrant
31466630,Hydrant,Hydrant,34.95856446,-89.93697305,red,Hydrant
31466631,Hydrant,Hydrant,34.95415135,-89.93698794,red,Hydrant
31466632,Hydrant,Hydrant,34.95019500,-89.93697544,red,Hydrant
31466633,Hydrant,Hydrant,34.94883330,-89.93697471,red,Hydrant
31466634,Hydrant,Hydrant,34.95033901,-89.95439202,red,Hydrant
31466635,Hydrant,Hydrant,34.95343880,-89.95434653,red,Hydrant
31466636,Hydrant,Hydrant,34.95618320,-89.95434497,red,Hydrant
31466637,Hydrant,Hydrant,34.95973515,-89.95435339,red,Hydrant
31466638,Hydrant,Hydrant,34.96163524,-89.95419677,red,Hydrant
31466639,Hydrant,Hydrant,34.95388929,-89.93558231,red,Hydrant
31466640,Hydrant,Hydrant,34.95387427,-89.93453143,red,Hydrant
31466641,Hydrant,Hydrant,34.95386393,-89.93362619,red,Hydrant
31466642,Hydrant,Hydrant,34.95604185,-89.93326760,red,Hydrant
31466643,Hydrant,Hydrant,34.95525315,-89.93329127,red,Hydrant
31466644,Hydrant,Hydrant,34.95449860,-89.93329861,red,Hydrant
31466645,Hydrant,Hydrant,34.94941132,-89.93354646,red,Hydrant
31466646,Hydrant,Hydrant,34.95163247,-89.93397885,red,Hydrant
31466647,Hydrant,Hydrant,34.94863665,-89.93351605,red,Hydrant
31466648,Hydrant,Hydrant,34.96096132,-89.92906954,red,Hydrant
31466649,Hydrant,Hydrant,34.96211419,-89.93138592,red,Hydrant
31466650,Hydrant,Hydrant,34.96266158,-89.92440520,red,Hydrant
31466651,Hydrant,Hydrant,34.94367404,-89.98129763,red,Hydrant
31466652,Hydrant,Hydrant,34.93482287,-89.98123974,red,Hydrant
31466653,Hydrant,Hydrant,34.93679852,-89.98121920,red,Hydrant
31466654,Hydrant,Hydrant,34.93925963,-89.98117986,red,Hydrant
31466655,Hydrant,Hydrant,34.93678601,-89.98921564,red,Hydrant
31466656,Hydrant,Hydrant,34.94131398,-89.93697539,red,Hydrant
31466657,Hydrant,Hydrant,34.93644795,-89.93698351,red,Hydrant
31466658,Hydrant,Hydrant,34.93468294,-89.93701383,red,Hydrant
31466659,Hydrant,Hydrant,34.93680284,-89.93790040,red,Hydrant
31466660,Hydrant,Hydrant,34.94282302,-89.95630935,red,Hydrant
31466661,Hydrant,Hydrant,34.94107680,-89.95688828,red,Hydrant
31466662,Hydrant,Hydrant,34.94525797,-89.95466130,red,Hydrant
31466663,Hydrant,Hydrant,34.94699301,-89.95427170,red,Hydrant
31466664,Hydrant,Hydrant,34.94794810,-89.95433660,red,Hydrant
31466665,Hydrant,Hydrant,34.94034913,-89.95750759,red,Hydrant
31466666,Hydrant,Hydrant,34.93805281,-89.95924746,red,Hydrant
31466667,Hydrant,Hydrant,34.93615573,-89.96162286,red,Hydrant
31466668,Hydrant,Hydrant,34.93432968,-89.96324601,red,Hydrant
31466669,Hydrant,Hydrant,34.93682445,-89.95455829,red,Hydrant
31466670,Hydrant,Hydrant,34.94175494,-89.94997811,red,Hydrant
31466671,Hydrant,Hydrant,34.93790989,-89.95754329,red,Hydrant
31466672,Hydrant,Hydrant,34.94174210,-89.94801733,red,Hydrant
31466673,Hydrant,Hydrant,34.94171464,-89.94605094,red,Hydrant
31466674,Hydrant,Hydrant,34.94171162,-89.94463881,red,Hydrant
31466675,Hydrant,Hydrant,34.94169361,-89.94297247,red,Hydrant
31466676,Hydrant,Hydrant,34.94167402,-89.94126972,red,Hydrant
31466677,Hydrant,Hydrant,34.94166110,-89.93963913,red,Hydrant
31466678,Hydrant,Hydrant,34.94164533,-89.93814757,red,Hydrant
31466679,Hydrant,Hydrant,34.93344384,-89.99795552,red,Hydrant
31466680,Hydrant,Hydrant,34.93116361,-89.99733663,red,Hydrant
31466681,Hydrant,Hydrant,34.92983833,-89.99833655,red,Hydrant
31466682,Hydrant,Hydrant,34.92700385,-90.00069844,red,Hydrant
31466683,Hydrant,Hydrant,34.92301252,-90.00857104,red,Hydrant
31466684,Hydrant,Hydrant,34.93122556,-90.01219647,red,Hydrant
31466685,Hydrant,Hydrant,34.92821676,-89.99271362,red,Hydrant
31466686,Hydrant,Hydrant,34.92903743,-89.99284811,red,Hydrant
31466687,Hydrant,Hydrant,34.92984556,-89.99278950,red,Hydrant
31466688,Hydrant,Hydrant,34.93067313,-89.99282505,red,Hydrant
31466689,Hydrant,Hydrant,34.93154233,-89.99274868,red,Hydrant
31466690,Hydrant,Hydrant,34.93231000,-89.99265035,red,Hydrant
31466691,Hydrant,Hydrant,34.93293539,-89.99172959,red,Hydrant
31466692,Hydrant,Hydrant,34.93343675,-89.98963735,red,Hydrant
31466693,Hydrant,Hydrant,34.93328039,-89.98116734,red,Hydrant
31466694,Hydrant,Hydrant,34.93336134,-89.97969596,red,Hydrant
31466695,Hydrant,Hydrant,34.93335427,-89.97803230,red,Hydrant
31466696,Hydrant,Hydrant,34.93336465,-89.97637318,red,Hydrant
31466697,Hydrant,Hydrant,34.93336899,-89.97467069,red,Hydrant
31466698,Hydrant,Hydrant,34.92987341,-89.97227108,red,Hydrant
31466699,Hydrant,Hydrant,34.92666499,-89.97237444,red,Hydrant
31466700,Hydrant,Hydrant,34.92512216,-89.97227580,red,Hydrant
31466701,Hydrant,Hydrant,34.92426526,-89.97234357,red,Hydrant
31466702,Hydrant,Hydrant,34.92365389,-89.97229928,red,Hydrant
31466703,Hydrant,Hydrant,34.92224223,-89.97229238,red,Hydrant
31466704,Hydrant,Hydrant,34.92087945,-89.97230380,red,Hydrant
31466705,Hydrant,Hydrant,34.91946283,-89.97232842,red,Hydrant
31466706,Hydrant,Hydrant,34.91812486,-89.97239416,red,Hydrant
31466707,Hydrant,Hydrant,34.91994815,-89.99134072,red,Hydrant
31466708,Hydrant,Hydrant,34.91924546,-89.99133474,red,Hydrant
31466709,Hydrant,Hydrant,34.91915319,-89.98593390,red,Hydrant
31466710,Hydrant,Hydrant,34.91901365,-89.98413512,red,Hydrant
31466711,Hydrant,Hydrant,34.93331006,-89.96783379,red,Hydrant
31466712,Hydrant,Hydrant,34.93201364,-89.96750608,red,Hydrant
31466713,Hydrant,Hydrant,34.93071957,-89.96766239,red,Hydrant
31466714,Hydrant,Hydrant,34.92927246,-89.96776585,red,Hydrant
31466715,Hydrant,Hydrant,34.92748426,-89.96777052,red,Hydrant
31466716,Hydrant,Hydrant,34.92489817,-89.96829997,red,Hydrant
31466717,Hydrant,Hydrant,34.92343873,-89.96878947,red,Hydrant
31466718,Hydrant,Hydrant,34.91927299,-89.96884910,red,Hydrant
31466719,Hydrant,Hydrant,34.93336316,-89.96513017,red,Hydrant
31466720,Hydrant,Hydrant,34.93327071,-89.96402671,red,Hydrant
31466721,Hydrant,Hydrant,34.92988490,-89.96182216,red,Hydrant
31466722,Hydrant,Hydrant,34.93318241,-89.96283164,red,Hydrant
31466723,Hydrant,Hydrant,34.93320060,-89.96007121,red,Hydrant
31466724,Hydrant,Hydrant,34.93319455,-89.95734193,red,Hydrant
31466725,Hydrant,Hydrant,34.93322283,-89.95577141,red,Hydrant
31466726,Hydrant,Hydrant,34.93332742,-89.95471559,red,Hydrant
31466727,Hydrant,Hydrant,34.93316589,-89.95272271,red,Hydrant
31466728,Hydrant,Hydrant,34.93318314,-89.95067614,red,Hydrant
31466729,Hydrant,Hydrant,34.93324396,-89.94911216,red,Hydrant
31466730,Hydrant,Hydrant,34.93312044,-89.94405376,red,Hydrant
31466731,Hydrant,Hydrant,34.93311120,-89.94212667,red,Hydrant
31466732,Hydrant,Hydrant,34.93310717,-89.94029451,red,Hydrant
31466733,Hydrant,Hydrant,34.92935155,-89.93698046,red,Hydrant
31466734,Hydrant,Hydrant,34.91880572,-89.92775030,red,Hydrant
31466735,Hydrant,Hydrant,34.91353979,-89.97237699,red,Hydrant
31466736,Hydrant,Hydrant,34.91216814,-89.97239927,red,Hydrant
31466737,Hydrant,Hydrant,34.91036245,-89.97236337,red,Hydrant
31466738,Hydrant,Hydrant,34.90763604,-89.97236019,red,Hydrant
31466739,Hydrant,Hydrant,34.90455193,-89.97239524,red,Hydrant
31466740,Hydrant,Hydrant,34.90438839,-89.97455536,red,Hydrant
31466741,Hydrant,Hydrant,34.90441150,-89.97803188,red,Hydrant
31466742,Hydrant,Hydrant,34.90440767,-89.98127309,red,Hydrant
31466743,Hydrant,Hydrant,34.90458702,-89.98282283,red,Hydrant
31466744,Hydrant,Hydrant,34.90563722,-89.98277273,red,Hydrant
31466745,Hydrant,Hydrant,34.90674289,-89.98257762,red,Hydrant
31466746,Hydrant,Hydrant,34.90722574,-89.98221656,red,Hydrant
31466747,Hydrant,Hydrant,34.90780399,-89.98222246,red,Hydrant
31466748,Hydrant,Hydrant,34.90836004,-89.98219453,red,Hydrant
31466749,Hydrant,Hydrant,34.90918184,-89.98219668,red,Hydrant
31466750,Hydrant,Hydrant,34.91033417,-89.98218001,red,Hydrant
31466751,Hydrant,Hydrant,34.91143491,-89.98218795,red,Hydrant
31466752,Hydrant,Hydrant,34.90428069,-89.98431676,red,Hydrant
31466753,Hydrant,Hydrant,34.90523138,-89.99037705,red,Hydrant
31466754,Hydrant,Hydrant,34.90785671,-89.99039249,red,Hydrant
31466755,Hydrant,Hydrant,34.91062691,-89.99037803,red,Hydrant
31466756,Hydrant,Hydrant,34.91287372,-89.98963844,red,Hydrant
31466757,Hydrant,Hydrant,34.91243133,-89.98700345,red,Hydrant
31466758,Hydrant,Hydrant,34.91340972,-89.99041338,red,Hydrant
31466759,Hydrant,Hydrant,34.91616727,-89.99072991,red,Hydrant
31466760,Hydrant,Hydrant,34.91809454,-89.98912551,red,Hydrant
31466761,Hydrant,Hydrant,34.91640848,-89.98913429,red,Hydrant
31466762,Hydrant,Hydrant,34.92025578,-89.98006060,red,Hydrant
31466763,Hydrant,Hydrant,34.90653438,-89.97187668,red,Hydrant
31466764,Hydrant,Hydrant,34.90656131,-89.97054209,red,Hydrant
31466765,Hydrant,Hydrant,34.90439387,-89.97098546,red,Hydrant
31466766,Hydrant,Hydrant,34.90435475,-89.96769683,red,Hydrant
31466767,Hydrant,Hydrant,34.90434379,-89.96455966,red,Hydrant
31466768,Hydrant,Hydrant,34.90432112,-89.96122837,red,Hydrant
31466769,Hydrant,Hydrant,34.90430406,-89.95818383,red,Hydrant
31466770,Hydrant,Hydrant,34.91860274,-89.92350376,red,Hydrant
31466771,Hydrant,Hydrant,34.91857314,-89.92618202,red,Hydrant
31466772,Hydrant,Hydrant,34.91522878,-89.93018850,red,Hydrant
31466773,Hydrant,Hydrant,34.91349212,-89.92807144,red,Hydrant
31466774,Hydrant,Hydrant,34.91231653,-89.92805673,red,Hydrant
31466775,Hydrant,Hydrant,34.91868197,-89.93533209,red,Hydrant
31466776,Hydrant,Hydrant,34.91686876,-89.93674635,red,Hydrant
31466777,Hydrant,Hydrant,34.91555572,-89.93673319,red,Hydrant
31466778,Hydrant,Hydrant,34.91412444,-89.93670467,red,Hydrant
31466779,Hydrant,Hydrant,34.96518348,-89.93690346,red,Hydrant
31466780,Hydrant,Hydrant,34.98092954,-89.95464564,red,Hydrant
31466781,Hydrant,Hydrant,34.98437079,-89.95443361,red,Hydrant
31466782,Hydrant,Hydrant,34.98715256,-89.95440461,red,Hydrant
31466783,Hydrant,Hydrant,34.98990045,-89.95440170,red,Hydrant
31466784,Hydrant,Hydrant,34.99157869,-89.95368035,red,Hydrant
31466785,Hydrant,Hydrant,34.99158168,-89.95203525,red,Hydrant
31466786,Hydrant,Hydrant,34.99157412,-89.95031444,red,Hydrant
31466787,Hydrant,Hydrant,34.99156019,-89.94868469,red,Hydrant
31466788,Hydrant,Hydrant,34.99154131,-89.94702565,red,Hydrant
31466789,Hydrant,Hydrant,34.99007271,-89.93686407,red,Hydrant
31466790,Hydrant,Hydrant,34.99147943,-89.94370173,red,Hydrant
31466791,Hydrant,Hydrant,34.99149087,-89.94036809,red,Hydrant
31466792,Hydrant,Hydrant,34.98731257,-89.93685108,red,Hydrant
31466793,Hydrant,Hydrant,34.98485385,-89.93687834,red,Hydrant
31466794,Hydrant,Hydrant,34.98338316,-89.93688870,red,Hydrant
31466795,Hydrant,Hydrant,34.97948292,-89.93688900,red,Hydrant
31466796,Hydrant,Hydrant,34.98064844,-89.93689753,red,Hydrant
31466797,Hydrant,Hydrant,34.98202707,-89.93688414,red,Hydrant
31466798,Hydrant,Hydrant,34.97727849,-89.93699516,red,Hydrant
31466799,Hydrant,Hydrant,34.97677851,-89.93688394,red,Hydrant
31466800,Hydrant,Hydrant,34.97543433,-89.93689135,red,Hydrant
31466801,Hydrant,Hydrant,34.97385824,-89.93690773,red,Hydrant
31466802,Hydrant,Hydrant,34.97222814,-89.93692180,red,Hydrant
31466803,Hydrant,Hydrant,34.97856354,-90.06064367,red,Hydrant
31466804,Hydrant,Hydrant,34.99089428,-90.06062660,red,Hydrant
31466805,Hydrant,Hydrant,34.99167842,-89.96784408,red,Hydrant
31466806,Hydrant,Hydrant,34.97870421,-89.95461802,red,Hydrant
31466807,Hydrant,Hydrant,34.99093137,-89.93685696,red,Hydrant
31466808,Hydrant,Hydrant,34.95636423,-89.97201296,red,Hydrant
31466809,Hydrant,Hydrant,34.95211504,-89.92969640,red,Hydrant
31466810,Hydrant,Hydrant,34.91986360,-89.97028530,red,Hydrant
31466811,Hydrant,Hydrant,34.99175901,-90.01032569,red,Hydrant
31466812,Hydrant,Hydrant,34.97752974,-90.00105180,red,Hydrant
31466813,Hydrant,Hydrant,34.98664033,-89.99914063,red,Hydrant
31466814,Hydrant,Hydrant,34.98606051,-89.98963529,red,Hydrant
31466815,Hydrant,Hydrant,34.97532020,-89.98973710,red,Hydrant
31466816,Hydrant,Hydrant,34.97445269,-89.98972686,red,Hydrant
31466817,Hydrant,Hydrant,34.96548829,-89.98976394,red,Hydrant
31466818,Hydrant,Hydrant,34.97745863,-90.00540500,red,Hydrant
31466819,Hydrant,Hydrant,34.99163262,-89.96034125,red,Hydrant
31466820,Hydrant,Hydrant,34.95619129,-89.98978255,red,Hydrant
31466821,Hydrant,Hydrant,34.96267640,-89.96434705,red,Hydrant
31466822,Hydrant,Hydrant,34.96270159,-89.95968301,red,Hydrant
31466823,Hydrant,Hydrant,34.96339719,-89.95969609,red,Hydrant
31466824,Hydrant,Hydrant,34.96266425,-89.95863546,red,Hydrant
31466825,Hydrant,Hydrant,34.97404113,-89.97222090,red,Hydrant
31466826,Hydrant,Hydrant,34.97591430,-89.97223331,red,Hydrant
31466827,Hydrant,Hydrant,34.97969760,-89.95435120,red,Hydrant
31466828,Hydrant,Hydrant,34.97732916,-89.95460097,red,Hydrant
31466829,Hydrant,Hydrant,34.97964454,-89.95457257,red,Hydrant
31466830,Hydrant,Hydrant,34.98071614,-89.93721873,red,Hydrant
31466831,Hydrant,Hydrant,34.97453655,-89.94890375,red,Hydrant
31466832,Hydrant,Hydrant,34.96232792,-89.97228045,red,Hydrant
31466833,Hydrant,Hydrant,34.96186174,-89.97161283,red,Hydrant
31466834,Hydrant,Hydrant,34.96118992,-89.97198215,red,Hydrant
31466835,Hydrant,Hydrant,34.95525315,-89.93329127,red,Hydrant
31466836,Hydrant,Hydrant,34.96270194,-89.92213668,red,Hydrant
31466837,Hydrant,Hydrant,34.96319328,-89.92228479,red,Hydrant
31466838,Hydrant,Hydrant,34.96368519,-89.92176532,red,Hydrant
31466839,Hydrant,Hydrant,34.96409461,-89.92270231,red,Hydrant
31466840,Hydrant,Hydrant,34.96423345,-89.92178099,red,Hydrant
31466841,Hydrant,Hydrant,34.96488219,-89.92274263,red,Hydrant
31466842,Hydrant,Hydrant,34.96506798,-89.92170381,red,Hydrant
31466843,Hydrant,Hydrant,34.96111945,-89.93343877,red,Hydrant
31466844,Hydrant,Hydrant,34.93482231,-89.96325242,red,Hydrant
31466845,Hydrant,Hydrant,34.93545103,-89.96253523,red,Hydrant
31466846,Hydrant,Hydrant,34.93478255,-89.96138186,red,Hydrant
31466847,Hydrant,Hydrant,34.93395602,-89.95456818,red,Hydrant
31466848,Hydrant,Hydrant,34.93348698,-89.93359294,red,Hydrant
31466849,Hydrant,Hydrant,34.93311626,-89.93457469,red,Hydrant
31466850,Hydrant,Hydrant,34.94409307,-89.93064429,red,Hydrant
31466851,Hydrant,Hydrant,34.93337830,-90.01269684,red,Hydrant
31466852,Hydrant,Hydrant,34.93253806,-89.97525769,red,Hydrant
31466853,Hydrant,Hydrant,34.92013639,-89.97240541,red,Hydrant
31466854,Hydrant,Hydrant,34.92869774,-89.98705518,red,Hydrant
31466855,Hydrant,Hydrant,34.92630223,-89.98629701,red,Hydrant
31466856,Hydrant,Hydrant,34.92515727,-89.98621838,red,Hydrant
31466857,Hydrant,Hydrant,34.92377594,-89.98622488,red,Hydrant
31466858,Hydrant,Hydrant,34.92239738,-89.98622885,red,Hydrant
31466859,Hydrant,Hydrant,34.92133356,-89.98604420,red,Hydrant
31466860,Hydrant,Hydrant,34.91999842,-89.98605089,red,Hydrant
31466861,Hydrant,Hydrant,34.92608087,-89.96784274,red,Hydrant
31466862,Hydrant,Hydrant,34.92043696,-89.96886425,red,Hydrant
31466863,Hydrant,Hydrant,34.96988329,-89.93579460,red,Hydrant
31466864,Hydrant,Hydrant,34.96915581,-89.93392879,red,Hydrant
31466865,Hydrant,Hydrant,34.96898626,-89.93325643,red,Hydrant
31466866,Hydrant,Hydrant,34.96850810,-89.93314762,red,Hydrant
31466867,Hydrant,Hydrant,34.96785268,-89.93316064,red,Hydrant
31466868,Hydrant,Hydrant,34.96804274,-89.93506266,red,Hydrant
31466869,Hydrant,Hydrant,34.99137244,-89.93593770,red,Hydrant
31466870,Hydrant,Hydrant,34.98237646,-89.91922138,red,Hydrant
31466871,Hydrant,Hydrant,34.97161382,-89.93654036,red,Hydrant
31466872,Hydrant,Hydrant,34.97736522,-90.06323362,red,Hydrant
31466873,Hydrant,Hydrant,34.97736684,-90.06929187,red,Hydrant
31466874,Hydrant,Hydrant,34.98340666,-90.09075315,red,Hydrant
31466875,Hydrant,Hydrant,34.99179602,-90.08454305,red,Hydrant
31466876,Hydrant,Hydrant,34.92564663,-89.99390527,red,Hydrant
31466877,Hydrant,Hydrant,34.92796942,-89.99641869,red,Hydrant
31466878,Hydrant,Hydrant,34.92754863,-89.99551849,red,Hydrant
31466879,Hydrant,Hydrant,34.92683405,-89.99559141,red,Hydrant
31466880,Hydrant,Hydrant,34.92628200,-89.99588600,red,Hydrant
31466881,Hydrant,Hydrant,34.92611976,-89.99740606,red,Hydrant
31466882,Hydrant,Hydrant,34.92676822,-89.99758026,red,Hydrant
31466883,Hydrant,Hydrant,34.92902974,-89.99848415,red,Hydrant
31466884,Hydrant,Hydrant,34.92845752,-89.99793429,red,Hydrant
31466885,Hydrant,Hydrant,34.92789533,-89.99778499,red,Hydrant
31466886,Hydrant,Hydrant,34.88963254,-89.94229687,red,Hydrant
31466887,Hydrant,Hydrant,34.88963034,-89.94013724,red,Hydrant
31466888,Hydrant,Hydrant,34.88205089,-90.00874257,red,Hydrant
31466889,Hydrant,Hydrant,34.88317475,-89.94008432,red,Hydrant
31466890,Hydrant,Hydrant,34.89106656,-89.96344664,red,Hydrant
31466891,Hydrant,Hydrant,34.86542696,-90.02064021,red,Hydrant
31466892,Hydrant,Hydrant,34.87020918,-90.01609315,red,Hydrant
31466893,Hydrant,Hydrant,34.88967575,-89.94536464,red,Hydrant
31466894,Hydrant,Hydrant,34.88970578,-89.94692757,red,Hydrant
31466895,Hydrant,Hydrant,34.88970943,-89.94807815,red,Hydrant
31466896,Hydrant,Hydrant,34.88971374,-89.94944147,red,Hydrant
31466897,Hydrant,Hydrant,34.88974444,-89.95237644,red,Hydrant
31466898,Hydrant,Hydrant,34.88973355,-89.95347064,red,Hydrant
31466899,Hydrant,Hydrant,34.88960645,-89.93695584,red,Hydrant
31466900,Hydrant,Hydrant,34.89697505,-89.99545265,red,Hydrant
31466901,Hydrant,Hydrant,34.89765244,-89.99670486,red,Hydrant
31466902,Hydrant,Hydrant,34.90020499,-89.99686229,red,Hydrant
31466903,Hydrant,Hydrant,34.90248322,-89.99747601,red,Hydrant
31466904,Hydrant,Hydrant,34.81327443,-89.96950984,red,Hydrant
31466905,Hydrant,Hydrant,34.80950443,-89.97169084,red,Hydrant
31466906,Hydrant,Hydrant,34.96322561,-89.99353338,red,Hydrant
31466907,Hydrant,Hydrant,34.96353335,-89.99371871,red,Hydrant
31466908,Hydrant,Hydrant,34.96500773,-89.99322613,red,Hydrant
31466909,Hydrant,Hydrant,34.96615172,-89.99357542,red,Hydrant
31466910,Hydrant,Hydrant,34.96549209,-89.99428275,red,Hydrant
31466911,Hydrant,Hydrant,34.96615534,-89.99274779,red,Hydrant
31466912,Hydrant,Hydrant,34.96547872,-89.99183033,red,Hydrant
31466913,Hydrant,Hydrant,34.98252697,-89.99285163,red,Hydrant
31466914,Hydrant,Hydrant,34.98240785,-89.99119841,red,Hydrant
31466915,Hydrant,Hydrant,34.93808440,-89.98989688,red,Hydrant
31466916,Hydrant,Hydrant,34.93554436,-89.98865449,red,Hydrant
31466917,Hydrant,Hydrant,34.93415880,-89.98829318,red,Hydrant
31466918,Hydrant,Hydrant,34.98084845,-89.95299495,red,Hydrant
31466919,Hydrant,Hydrant,34.98150343,-89.95114551,red,Hydrant
31466920,Hydrant,Hydrant,34.98090438,-89.94930094,red,Hydrant
31466921,Hydrant,Hydrant,34.98136282,-89.94803608,red,Hydrant
31466922,Hydrant,Hydrant,34.98239675,-89.94732242,red,Hydrant
31466923,Hydrant,Hydrant,34.98236397,-89.94609324,red,Hydrant
31466924,Hydrant,Hydrant,34.98026766,-89.94639433,red,Hydrant
31466925,Hydrant,Hydrant,34.98378704,-89.94631727,red,Hydrant
31466926,Hydrant,Hydrant,34.98392027,-89.94725699,red,Hydrant
31466927,Hydrant,Hydrant,34.98393134,-89.94871884,red,Hydrant
31466928,Hydrant,Hydrant,34.98398545,-89.95035451,red,Hydrant
31466929,Hydrant,Hydrant,34.98397952,-89.95208400,red,Hydrant
31466930,Hydrant,Hydrant,34.98339058,-89.95358820,red,Hydrant
31466931,Hydrant,Hydrant,34.98169543,-89.95359949,red,Hydrant
31466932,Hydrant,Hydrant,34.98270910,-89.95053253,red,Hydrant
31466933,Hydrant,Hydrant,34.98182994,-89.94985074,red,Hydrant
31466934,Hydrant,Hydrant,34.98214419,-89.94859104,red,Hydrant
31466935,Hydrant,Hydrant,34.98293974,-89.94852369,red,Hydrant
31466936,Hydrant,Hydrant,34.98240234,-89.95182455,red,Hydrant
31466937,Hydrant,Hydrant,34.96815354,-90.01465693,red,Hydrant
31466938,Hydrant,Hydrant,34.96753163,-90.01370645,red,Hydrant
31466939,Hydrant,Hydrant,34.96881391,-90.01405083,red,Hydrant
31466940,Hydrant,Hydrant,34.94984719,-89.92547583,red,Hydrant
31466941,Hydrant,Hydrant,34.95928048,-89.97940665,red,Hydrant
31466942,Hydrant,Hydrant,34.95957711,-89.98034912,red,Hydrant
31466943,Hydrant,Hydrant,34.94767179,-89.92476802,red,Hydrant
31466944,Hydrant,Hydrant,34.94717046,-89.92735592,red,Hydrant
31466945,Hydrant,Hydrant,34.94593015,-89.92623533,red,Hydrant
31466946,Hydrant,Hydrant,34.94601761,-89.92394721,red,Hydrant
31466947,Hydrant,Hydrant,34.94685489,-89.92274025,red,Hydrant
31466948,Hydrant,Hydrant,34.94508591,-89.92233533,red,Hydrant
31466949,Hydrant,Hydrant,34.94437492,-89.92457873,red,Hydrant
31466950,Hydrant,Hydrant,34.94331910,-89.92279232,red,Hydrant
31466951,Hydrant,Hydrant,34.94373253,-89.92657054,red,Hydrant
31466952,Hydrant,Hydrant,34.94206904,-89.92726241,red,Hydrant
31466953,Hydrant,Hydrant,34.94219218,-89.92533424,red,Hydrant
31466954,Hydrant,Hydrant,34.94222341,-89.92365081,red,Hydrant
31466955,Hydrant,Hydrant,34.94179263,-89.92233731,red,Hydrant
31466956,Hydrant,Hydrant,34.94087314,-89.92386120,red,Hydrant
31466957,Hydrant,Hydrant,34.94084021,-89.92464235,red,Hydrant
31466958,Hydrant,Hydrant,34.93953464,-89.92384545,red,Hydrant
31466959,Hydrant,Hydrant,34.93944677,-89.92516356,red,Hydrant
31466960,Hydrant,Hydrant,34.93997822,-89.92706160,red,Hydrant
31466961,Hydrant,Hydrant,34.94095217,-89.92704094,red,Hydrant
31466962,Hydrant,Hydrant,34.93840559,-89.92346577,red,Hydrant
31466963,Hydrant,Hydrant,34.93732691,-89.92297225,red,Hydrant
31466964,Hydrant,Hydrant,34.93632113,-89.92270974,red,Hydrant
31466965,Hydrant,Hydrant,34.93471131,-89.92288979,red,Hydrant
31466966,Hydrant,Hydrant,34.93341615,-89.92310058,red,Hydrant
31466967,Hydrant,Hydrant,34.94068746,-89.92635592,red,Hydrant
31466968,Hydrant,Hydrant,34.94373701,-89.95442789,red,Hydrant
31466969,Hydrant,Hydrant,34.94371934,-89.95167851,red,Hydrant
31466970,Hydrant,Hydrant,34.96137331,-89.93646949,red,Hydrant
31466971,Hydrant,Hydrant,34.96128823,-89.93457058,red,Hydrant
31466972,Hydrant,Hydrant,34.96036438,-89.93442959,red,Hydrant
31466973,Hydrant,Hydrant,34.96033852,-89.93582632,red,Hydrant
31466974,Hydrant,Hydrant,34.92568963,-89.93538968,red,Hydrant
31466975,Hydrant,Hydrant,34.92625288,-89.93583562,red,Hydrant
31466976,Hydrant,Hydrant,34.92231730,-89.93475889,red,Hydrant
31466977,Hydrant,Hydrant,34.92166750,-89.93610029,red,Hydrant
31466978,Hydrant,Hydrant,34.92054723,-89.93607305,red,Hydrant
31466979,Hydrant,Hydrant,34.92044919,-89.93486584,red,Hydrant
31466980,Hydrant,Hydrant,34.92130947,-89.93486168,red,Hydrant
31466981,Hydrant,Hydrant,34.92198242,-89.93375409,red,Hydrant
31466982,Hydrant,Hydrant,34.92298435,-89.93322153,red,Hydrant
31466983,Hydrant,Hydrant,34.92333273,-89.93424260,red,Hydrant
31466984,Hydrant,Hydrant,34.92310956,-89.93587573,red,Hydrant
31466985,Hydrant,Hydrant,34.92399275,-89.93602380,red,Hydrant
31466986,Hydrant,Hydrant,34.92479906,-89.93595463,red,Hydrant
31466987,Hydrant,Hydrant,34.96784595,-89.96334438,red,Hydrant
31466988,Hydrant,Hydrant,34.96979899,-89.96043654,red,Hydrant
31466989,Hydrant,Hydrant,34.95640974,-89.98139007,red,Hydrant
31466990,Hydrant,Hydrant,34.95734286,-89.98143914,red,Hydrant
31466991,Hydrant,Hydrant,34.95759542,-89.98420170,red,Hydrant
31466992,Hydrant,Hydrant,34.95758324,-89.98499003,red,Hydrant
31466993,Hydrant,Hydrant,34.95758153,-89.98577679,red,Hydrant
31466994,Hydrant,Hydrant,34.95758173,-89.98653502,red,Hydrant
31466995,Hydrant,Hydrant,34.95758052,-89.98738827,red,Hydrant
31466996,Hydrant,Hydrant,34.95758286,-89.98842407,red,Hydrant
31466997,Hydrant,Hydrant,34.95758310,-89.98942470,red,Hydrant
31466998,Hydrant,Hydrant,34.96048243,-89.98847831,red,Hydrant
31466999,Hydrant,Hydrant,34.95945127,-89.98967048,red,Hydrant
31467000,Hydrant,Hydrant,34.97273113,-89.95374129,red,Hydrant
31467001,Hydrant,Hydrant,34.97141387,-89.95362587,red,Hydrant
31467002,Hydrant,Hydrant,34.97114163,-89.95223706,red,Hydrant
31467003,Hydrant,Hydrant,34.97140948,-89.95103241,red,Hydrant
31467004,Hydrant,Hydrant,34.97270491,-89.95104724,red,Hydrant
31467005,Hydrant,Hydrant,34.97392248,-89.95098642,red,Hydrant
31467006,Hydrant,Hydrant,34.97395604,-89.95214874,red,Hydrant
31467007,Hydrant,Hydrant,34.97394787,-89.95335371,red,Hydrant
31467008,Hydrant,Hydrant,34.97245800,-89.95233168,red,Hydrant
31467009,Hydrant,Hydrant,34.88161144,-89.98264085,red,Hydrant
31467010,Hydrant,Hydrant,34.87959144,-89.98258685,red,Hydrant
31467011,Hydrant,Hydrant,34.94000053,-89.95912508,red,Hydrant
31467012,Hydrant,Hydrant,34.94013949,-89.96015739,red,Hydrant
31467013,Hydrant,Hydrant,34.94029222,-89.96172956,red,Hydrant
31467014,Hydrant,Hydrant,34.94027322,-89.96290960,red,Hydrant
31467015,Hydrant,Hydrant,34.93897324,-89.96282543,red,Hydrant
31467016,Hydrant,Hydrant,34.93891966,-89.96110058,red,Hydrant
31467017,Hydrant,Hydrant,34.93889523,-89.95971051,red,Hydrant
31467018,Hydrant,Hydrant,34.94618707,-89.95289839,red,Hydrant
31467019,Hydrant,Hydrant,34.94627831,-89.95422880,red,Hydrant
31467020,Hydrant,Hydrant,34.91651726,-89.96747766,red,Hydrant
31467021,Hydrant,Hydrant,34.91737176,-89.96712279,red,Hydrant
31467022,Hydrant,Hydrant,34.91865985,-89.96730542,red,Hydrant
31467023,Hydrant,Hydrant,34.91987830,-89.96740830,red,Hydrant
31467024,Hydrant,Hydrant,34.91964788,-89.96580062,red,Hydrant
31467025,Hydrant,Hydrant,34.91898018,-89.96453873,red,Hydrant
31467026,Hydrant,Hydrant,34.91873257,-89.96585806,red,Hydrant
31467027,Hydrant,Hydrant,34.91744183,-89.96628746,red,Hydrant
31467028,Hydrant,Hydrant,34.91620186,-89.96588094,red,Hydrant
31467029,Hydrant,Hydrant,34.96850397,-89.92469822,red,Hydrant
31467030,Hydrant,Hydrant,34.93402057,-90.00587448,red,Hydrant
31467031,Hydrant,Hydrant,34.93505830,-90.00609876,red,Hydrant
31467032,Hydrant,Hydrant,34.93556187,-90.00564854,red,Hydrant
31467033,Hydrant,Hydrant,34.93588989,-90.00670533,red,Hydrant
31467034,Hydrant,Hydrant,34.93479172,-90.00692501,red,Hydrant
31467035,Hydrant,Hydrant,34.92802753,-89.96133456,red,Hydrant
31467036,Hydrant,Hydrant,34.98309017,-89.95637141,red,Hydrant
31467037,Hydrant,Hydrant,34.97755029,-89.95506461,red,Hydrant
31467038,Hydrant,Hydrant,34.98130522,-89.95857262,red,Hydrant
31467039,Hydrant,Hydrant,34.98017134,-89.95891592,red,Hydrant
31467040,Hydrant,Hydrant,34.98160258,-89.96020129,red,Hydrant
31467041,Hydrant,Hydrant,34.97310150,-89.96808037,red,Hydrant
31467042,Hydrant,Hydrant,34.97936731,-89.96097289,red,Hydrant
31467043,Hydrant,Hydrant,34.98139045,-89.95710856,red,Hydrant
31467044,Hydrant,Hydrant,34.98247148,-89.95792400,red,Hydrant
31467045,Hydrant,Hydrant,34.97871732,-89.96289739,red,Hydrant
31467046,Hydrant,Hydrant,34.98215554,-89.96109848,red,Hydrant
31467047,Hydrant,Hydrant,34.98272097,-89.96193236,red,Hydrant
31467048,Hydrant,Hydrant,34.98143581,-89.96277458,red,Hydrant
31467049,Hydrant,Hydrant,34.98032522,-89.96243518,red,Hydrant
31467050,Hydrant,Hydrant,34.98117369,-89.96180650,red,Hydrant
31467051,Hydrant,Hydrant,34.98027170,-89.96082657,red,Hydrant
31467052,Hydrant,Hydrant,34.98353730,-89.95739534,red,Hydrant
31467053,Hydrant,Hydrant,34.93309668,-89.93863580,red,Hydrant
31467054,Hydrant,Hydrant,34.93663109,-89.95788307,red,Hydrant
31467055,Hydrant,Hydrant,34.90847905,-89.97287262,red,Hydrant
31467056,Hydrant,Hydrant,34.90901046,-89.97416213,red,Hydrant
31467057,Hydrant,Hydrant,34.90848505,-89.97489541,red,Hydrant
31467058,Hydrant,Hydrant,34.90988519,-89.97559896,red,Hydrant
31467059,Hydrant,Hydrant,34.90850232,-89.97585958,red,Hydrant
31467060,Hydrant,Hydrant,34.90854960,-89.97686711,red,Hydrant
31467061,Hydrant,Hydrant,34.90994933,-89.97681187,red,Hydrant
31467062,Hydrant,Hydrant,34.91118285,-89.97683495,red,Hydrant
31467063,Hydrant,Hydrant,34.91119744,-89.97787441,red,Hydrant
31467064,Hydrant,Hydrant,34.90995864,-89.97799543,red,Hydrant
31467065,Hydrant,Hydrant,34.90853933,-89.97809993,red,Hydrant
31467066,Hydrant,Hydrant,34.90952628,-89.97962784,red,Hydrant
31467067,Hydrant,Hydrant,34.91120713,-89.97956536,red,Hydrant
31467068,Hydrant,Hydrant,34.91039209,-89.97963580,red,Hydrant
31467069,Hydrant,Hydrant,34.90739369,-89.97682170,red,Hydrant
31467070,Hydrant,Hydrant,34.90615316,-89.97709521,red,Hydrant
31467071,Hydrant,Hydrant,34.90498850,-89.97756513,red,Hydrant
31467072,Hydrant,Hydrant,34.90801637,-89.97409659,red,Hydrant
31467073,Hydrant,Hydrant,34.91127046,-89.94110329,red,Hydrant
31467074,Hydrant,Hydrant,34.90995217,-89.94223413,red,Hydrant
31467075,Hydrant,Hydrant,34.91573761,-89.95397062,red,Hydrant
31467076,Hydrant,Hydrant,34.91729973,-89.95203512,red,Hydrant
31467077,Hydrant,Hydrant,34.91192991,-89.94208900,red,Hydrant
31467078,Hydrant,Hydrant,34.91154941,-89.94346014,red,Hydrant
31467079,Hydrant,Hydrant,34.91093812,-89.94409296,red,Hydrant
31467080,Hydrant,Hydrant,34.91079532,-89.94553622,red,Hydrant
31467081,Hydrant,Hydrant,34.90996522,-89.94429895,red,Hydrant
31467082,Hydrant,Hydrant,34.90993131,-89.94329454,red,Hydrant
31467083,Hydrant,Hydrant,34.90888693,-89.94378730,red,Hydrant
31467084,Hydrant,Hydrant,34.91298109,-89.94421051,red,Hydrant
31467085,Hydrant,Hydrant,34.91382187,-89.94277895,red,Hydrant
31467086,Hydrant,Hydrant,34.91329808,-89.94184495,red,Hydrant
31467087,Hydrant,Hydrant,34.91418380,-89.94104056,red,Hydrant
31467088,Hydrant,Hydrant,34.91492282,-89.94128268,red,Hydrant
31467089,Hydrant,Hydrant,34.91738418,-89.94034864,red,Hydrant
31467090,Hydrant,Hydrant,34.91719601,-89.93891912,red,Hydrant
31467091,Hydrant,Hydrant,34.91605505,-89.93875601,red,Hydrant
31467092,Hydrant,Hydrant,34.91571241,-89.93760782,red,Hydrant
31467093,Hydrant,Hydrant,34.91459463,-89.93788683,red,Hydrant
31467094,Hydrant,Hydrant,34.91511915,-89.93923274,red,Hydrant
31467095,Hydrant,Hydrant,34.91745454,-89.95018463,red,Hydrant
31467096,Hydrant,Hydrant,34.91599435,-89.95103178,red,Hydrant
31467097,Hydrant,Hydrant,34.91437720,-89.95389159,red,Hydrant
31467098,Hydrant,Hydrant,34.91243029,-89.95379613,red,Hydrant
31467099,Hydrant,Hydrant,34.91437720,-89.95389159,red,Hydrant
31467100,Hydrant,Hydrant,34.91339139,-89.95338062,red,Hydrant
31467101,Hydrant,Hydrant,34.91274474,-89.95200236,red,Hydrant
31467102,Hydrant,Hydrant,34.91251176,-89.95024175,red,Hydrant
31467103,Hydrant,Hydrant,34.90616557,-89.93976005,red,Hydrant
31467104,Hydrant,Hydrant,34.90680166,-89.93877469,red,Hydrant
31467105,Hydrant,Hydrant,34.90667805,-89.93766144,red,Hydrant
31467106,Hydrant,Hydrant,34.90595035,-89.93911076,red,Hydrant
31467107,Hydrant,Hydrant,34.90763813,-89.93842916,red,Hydrant
31467108,Hydrant,Hydrant,34.90715023,-89.94119441,red,Hydrant
31467109,Hydrant,Hydrant,34.90765062,-89.94027799,red,Hydrant
31467110,Hydrant,Hydrant,34.90669344,-89.94058125,red,Hydrant
31467111,Hydrant,Hydrant,34.90578567,-89.94111648,red,Hydrant
31467112,Hydrant,Hydrant,34.90576497,-89.94232325,red,Hydrant
31467113,Hydrant,Hydrant,34.90572215,-89.94381671,red,Hydrant
31467114,Hydrant,Hydrant,34.90595503,-89.93791744,red,Hydrant
31467115,Hydrant,Hydrant,34.93276980,-89.99736850,red,Hydrant
31467116,Hydrant,Hydrant,34.93193415,-89.99685166,red,Hydrant
31467117,Hydrant,Hydrant,34.97659389,-89.98881178,red,Hydrant
31467118,Hydrant,Hydrant,34.93173853,-89.99834656,red,Hydrant
31467119,Hydrant,Hydrant,34.93209129,-89.99884193,red,Hydrant
31467120,Hydrant,Hydrant,34.93283118,-89.99944167,red,Hydrant
31467121,Hydrant,Hydrant,34.93326079,-89.99879716,red,Hydrant
31467122,Hydrant,Hydrant,34.96211722,-89.92134782,red,Hydrant
31467123,Hydrant,Hydrant,34.96344077,-89.93697016,red,Hydrant
31467124,Hydrant,Hydrant,34.96663931,-89.93722382,red,Hydrant
31467125,Hydrant,Hydrant,34.96444384,-89.93887411,red,Hydrant
31467126,Hydrant,Hydrant,34.96495955,-89.94105796,red,Hydrant
31467127,Hydrant,Hydrant,34.96664029,-89.94053900,red,Hydrant
31467128,Hydrant,Hydrant,34.96663867,-89.94306996,red,Hydrant
31467129,Hydrant,Hydrant,34.96501626,-89.94348165,red,Hydrant
31467130,Hydrant,Hydrant,34.96264018,-89.94353834,red,Hydrant
31467131,Hydrant,Hydrant,34.96268373,-89.94611346,red,Hydrant
31467132,Hydrant,Hydrant,34.96267557,-89.94838455,red,Hydrant
31467133,Hydrant,Hydrant,34.96493750,-89.94638127,red,Hydrant
31467134,Hydrant,Hydrant,34.96643631,-89.94514330,red,Hydrant
31467135,Hydrant,Hydrant,34.96663738,-89.94509143,red,Hydrant
31467136,Hydrant,Hydrant,34.96556790,-89.93737551,red,Hydrant
31467137,Hydrant,Hydrant,34.96477370,-89.93737320,red,Hydrant
31467138,Hydrant,Hydrant,34.96047946,-89.96817606,red,Hydrant
31467139,Hydrant,Hydrant,34.95828848,-89.96821869,red,Hydrant
31467140,Hydrant,Hydrant,34.95658659,-89.96813573,red,Hydrant
31467141,Hydrant,Hydrant,34.93254631,-90.01272479,red,Hydrant
31467142,Hydrant,Hydrant,34.93258645,-90.01269586,red,Hydrant
31467143,Hydrant,Hydrant,34.90188532,-89.98090858,red,Hydrant
31467144,Hydrant,Hydrant,34.89882959,-89.98090262,red,Hydrant
31467145,Hydrant,Hydrant,34.93044038,-89.96343699,red,Hydrant
31467146,Hydrant,Hydrant,34.94565301,-89.93850267,red,Hydrant
31467147,Hydrant,Hydrant,34.94589677,-89.93984727,red,Hydrant
31467148,Hydrant,Hydrant,34.94544753,-89.93948334,red,Hydrant
31467149,Hydrant,Hydrant,34.94437194,-89.93948849,red,Hydrant
31467150,Hydrant,Hydrant,34.94300709,-89.93950402,red,Hydrant
31467151,Hydrant,Hydrant,34.94237604,-89.93934488,red,Hydrant
31467152,Hydrant,Hydrant,34.94299657,-89.93854916,red,Hydrant
31467153,Hydrant,Hydrant,34.94327024,-89.94059280,red,Hydrant
31467154,Hydrant,Hydrant,34.94401818,-89.94095157,red,Hydrant
31467155,Hydrant,Hydrant,34.94330339,-89.94196760,red,Hydrant
31467156,Hydrant,Hydrant,34.94277335,-89.94292839,red,Hydrant
31467157,Hydrant,Hydrant,34.94322229,-89.94413342,red,Hydrant
31467158,Hydrant,Hydrant,34.94450893,-89.94517235,red,Hydrant
31467159,Hydrant,Hydrant,34.94563641,-89.94515803,red,Hydrant
31467160,Hydrant,Hydrant,34.94324162,-89.94553867,red,Hydrant
31467161,Hydrant,Hydrant,34.94415554,-89.94601183,red,Hydrant
31467162,Hydrant,Hydrant,34.94539469,-89.94599198,red,Hydrant
31467163,Hydrant,Hydrant,34.94254028,-89.94427177,red,Hydrant
31467164,Hydrant,Hydrant,34.94255314,-89.94597432,red,Hydrant
31467165,Hydrant,Hydrant,34.94255141,-89.94741237,red,Hydrant
31467166,Hydrant,Hydrant,34.94256622,-89.94894120,red,Hydrant
31467167,Hydrant,Hydrant,34.94251646,-89.95078505,red,Hydrant
31467168,Hydrant,Hydrant,34.94279872,-89.95175185,red,Hydrant
31467169,Hydrant,Hydrant,34.94278645,-89.95547989,red,Hydrant
31467170,Hydrant,Hydrant,34.94274071,-89.95345941,red,Hydrant
31467171,Hydrant,Hydrant,34.94118025,-89.95150109,red,Hydrant
31467172,Hydrant,Hydrant,34.94132874,-89.95465521,red,Hydrant
31467173,Hydrant,Hydrant,34.94127663,-89.95342154,red,Hydrant
31467174,Hydrant,Hydrant,34.94154560,-89.95579912,red,Hydrant
31467175,Hydrant,Hydrant,34.94181981,-89.95264600,red,Hydrant
31467176,Hydrant,Hydrant,34.93880565,-89.95050282,red,Hydrant
31467177,Hydrant,Hydrant,34.94013625,-89.95057689,red,Hydrant
31467178,Hydrant,Hydrant,34.94137906,-89.95057112,red,Hydrant
31467179,Hydrant,Hydrant,34.94434761,-89.93851651,red,Hydrant
31467180,Hydrant,Hydrant,34.94600830,-89.94205162,red,Hydrant
31467181,Hydrant,Hydrant,34.94676876,-89.94269426,red,Hydrant
31467182,Hydrant,Hydrant,34.94557703,-89.94387808,red,Hydrant
31467183,Hydrant,Hydrant,34.94456161,-89.94407364,red,Hydrant
31467184,Hydrant,Hydrant,34.94714093,-89.94185108,red,Hydrant
31467185,Hydrant,Hydrant,34.94750216,-89.94095972,red,Hydrant
31467186,Hydrant,Hydrant,34.94633923,-89.94088689,red,Hydrant
31467187,Hydrant,Hydrant,34.94420928,-89.94310920,red,Hydrant
31467188,Hydrant,Hydrant,34.94526549,-89.94240062,red,Hydrant
31467189,Hydrant,Hydrant,34.94510909,-89.94074957,red,Hydrant
31467190,Hydrant,Hydrant,34.94711485,-89.93705194,red,Hydrant
31467191,Hydrant,Hydrant,34.94611172,-89.93696895,red,Hydrant
31467192,Hydrant,Hydrant,34.94526516,-89.93699624,red,Hydrant
31467193,Hydrant,Hydrant,34.94572078,-89.93766457,red,Hydrant
31467194,Hydrant,Hydrant,34.94350148,-89.93755827,red,Hydrant
31467195,Hydrant,Hydrant,34.94301243,-89.93702152,red,Hydrant
31467196,Hydrant,Hydrant,34.94209296,-89.93699429,red,Hydrant
31467197,Hydrant,Hydrant,34.97130113,-89.99251368,red,Hydrant
31467198,Hydrant,Hydrant,34.96736399,-89.99051098,red,Hydrant
31467199,Hydrant,Hydrant,34.96654251,-89.99090472,red,Hydrant
31467200,Hydrant,Hydrant,34.96654762,-89.99192786,red,Hydrant
31467201,Hydrant,Hydrant,34.92574373,-89.99230587,red,Hydrant
31467202,Hydrant,Hydrant,34.92739112,-89.99257497,red,Hydrant
31467203,Hydrant,Hydrant,34.92496773,-89.99217387,red,Hydrant
31467204,Hydrant,Hydrant,34.92399817,-89.99201767,red,Hydrant
31467205,Hydrant,Hydrant,34.92317379,-89.99187747,red,Hydrant
31467206,Hydrant,Hydrant,34.92244528,-89.99176305,red,Hydrant
31467207,Hydrant,Hydrant,34.92171416,-89.98643974,red,Hydrant
31467208,Hydrant,Hydrant,34.92172151,-89.98779569,red,Hydrant
31467209,Hydrant,Hydrant,34.92173333,-89.98910912,red,Hydrant
31467210,Hydrant,Hydrant,34.92173419,-89.99045268,red,Hydrant
31467211,Hydrant,Hydrant,34.92158242,-89.99162255,red,Hydrant
31467212,Hydrant,Hydrant,34.92092154,-89.99150632,red,Hydrant
31467213,Hydrant,Hydrant,34.91909940,-89.98744453,red,Hydrant
31467214,Hydrant,Hydrant,34.91906043,-89.98914906,red,Hydrant
31467215,Hydrant,Hydrant,34.91906569,-89.99021470,red,Hydrant
31467216,Hydrant,Hydrant,34.92571353,-89.99222096,red,Hydrant
31467217,Hydrant,Hydrant,34.92656421,-89.99243985,red,Hydrant
31467218,Hydrant,Hydrant,34.92653539,-89.99221798,red,Hydrant
31467219,Hydrant,Hydrant,34.92842362,-89.99943616,red,Hydrant
31467220,Hydrant,Hydrant,34.92539235,-89.99644685,red,Hydrant
31467221,Hydrant,Hydrant,34.92555399,-89.99601252,red,Hydrant
31467222,Hydrant,Hydrant,34.92555314,-89.99479808,red,Hydrant
31467223,Hydrant,Hydrant,34.92688939,-89.99392469,red,Hydrant
31467224,Hydrant,Hydrant,34.92791781,-89.99407379,red,Hydrant
31467225,Hydrant,Hydrant,34.92913186,-89.99466378,red,Hydrant
31467226,Hydrant,Hydrant,34.92561608,-90.00188475,red,Hydrant
31467227,Hydrant,Hydrant,34.92515045,-90.00333818,red,Hydrant
31467228,Hydrant,Hydrant,34.92515321,-90.00500460,red,Hydrant
31467229,Hydrant,Hydrant,34.92515132,-90.00650515,red,Hydrant
31467230,Hydrant,Hydrant,34.92515499,-90.00793709,red,Hydrant
31467231,Hydrant,Hydrant,34.92494547,-90.00943025,red,Hydrant
31467232,Hydrant,Hydrant,34.92445787,-90.00935006,red,Hydrant
31467233,Hydrant,Hydrant,34.92576010,-90.00998554,red,Hydrant
31467234,Hydrant,Hydrant,34.92601502,-90.00974506,red,Hydrant
31467235,Hydrant,Hydrant,34.92711671,-90.00964327,red,Hydrant
31467236,Hydrant,Hydrant,34.92719646,-90.00796990,red,Hydrant
31467237,Hydrant,Hydrant,34.92447189,-89.99856438,red,Hydrant
31467238,Hydrant,Hydrant,34.92364305,-89.99856469,red,Hydrant
31467239,Hydrant,Hydrant,34.92274689,-89.99856929,red,Hydrant
31467240,Hydrant,Hydrant,34.92181408,-89.99875645,red,Hydrant
31467241,Hydrant,Hydrant,34.92592804,-89.99975553,red,Hydrant
31467242,Hydrant,Hydrant,34.92710122,-90.01051589,red,Hydrant
31467243,Hydrant,Hydrant,34.95479242,-89.93218146,red,Hydrant
31467244,Hydrant,Hydrant,34.95515994,-89.93137460,red,Hydrant
31467245,Hydrant,Hydrant,34.95526533,-89.93049247,red,Hydrant
31467246,Hydrant,Hydrant,34.95540079,-89.92991377,red,Hydrant
31467247,Hydrant,Hydrant,34.95541420,-89.93090929,red,Hydrant
31467248,Hydrant,Hydrant,34.95508282,-89.93195736,red,Hydrant
31467249,Hydrant,Hydrant,34.95482180,-89.93280581,red,Hydrant
31467250,Hydrant,Hydrant,34.92797441,-89.93698118,red,Hydrant
31467251,Hydrant,Hydrant,34.91919960,-89.93990073,red,Hydrant
31467252,Hydrant,Hydrant,34.91906023,-89.94331007,red,Hydrant
31467253,Hydrant,Hydrant,34.91894854,-89.94548221,red,Hydrant
31467254,Hydrant,Hydrant,34.91896521,-89.94938529,red,Hydrant
31467255,Hydrant,Hydrant,34.91904474,-89.95355694,red,Hydrant
31467256,Hydrant,Hydrant,34.92045830,-89.95349126,red,Hydrant
31467257,Hydrant,Hydrant,34.92065457,-89.95197207,red,Hydrant
31467258,Hydrant,Hydrant,34.92244919,-89.95170070,red,Hydrant
31467259,Hydrant,Hydrant,34.92240934,-89.95023986,red,Hydrant
31467260,Hydrant,Hydrant,34.92082852,-89.94953639,red,Hydrant
31467261,Hydrant,Hydrant,34.92157624,-89.94827734,red,Hydrant
31467262,Hydrant,Hydrant,34.92039240,-89.94670296,red,Hydrant
31467263,Hydrant,Hydrant,34.91902340,-89.94755519,red,Hydrant
31467264,Hydrant,Hydrant,34.92178320,-89.95353747,red,Hydrant
31467265,Hydrant,Hydrant,34.92342725,-89.95353451,red,Hydrant
31467266,Hydrant,Hydrant,34.92766485,-89.95171306,red,Hydrant
31467267,Hydrant,Hydrant,34.92652393,-89.95218213,red,Hydrant
31467268,Hydrant,Hydrant,34.92736107,-89.95038723,red,Hydrant
31467269,Hydrant,Hydrant,34.92787155,-89.94842668,red,Hydrant
31467270,Hydrant,Hydrant,34.92770815,-89.94449826,red,Hydrant
31467271,Hydrant,Hydrant,34.92769091,-89.94209429,red,Hydrant
31467272,Hydrant,Hydrant,34.92753225,-89.93956667,red,Hydrant
31467273,Hydrant,Hydrant,34.92553158,-89.93774963,red,Hydrant
31467274,Hydrant,Hydrant,34.92469587,-89.93888965,red,Hydrant
31467275,Hydrant,Hydrant,34.92554575,-89.93878491,red,Hydrant
31467276,Hydrant,Hydrant,34.92556336,-89.94001577,red,Hydrant
31467277,Hydrant,Hydrant,34.92611378,-89.94338047,red,Hydrant
31467278,Hydrant,Hydrant,34.92535484,-89.94349638,red,Hydrant
31467279,Hydrant,Hydrant,34.92472037,-89.94357488,red,Hydrant
31467280,Hydrant,Hydrant,34.92382658,-89.94230440,red,Hydrant
31467281,Hydrant,Hydrant,34.92513458,-89.94254303,red,Hydrant
31467282,Hydrant,Hydrant,34.92524254,-89.94152098,red,Hydrant
31467283,Hydrant,Hydrant,34.92439058,-89.94143228,red,Hydrant
31467284,Hydrant,Hydrant,34.92400855,-89.94051376,red,Hydrant
31467285,Hydrant,Hydrant,34.92482958,-89.94067869,red,Hydrant
31467286,Hydrant,Hydrant,34.92299754,-89.94140483,red,Hydrant
31467287,Hydrant,Hydrant,34.92203328,-89.94035433,red,Hydrant
31467288,Hydrant,Hydrant,34.92289714,-89.93902584,red,Hydrant
31467289,Hydrant,Hydrant,34.92375003,-89.93742132,red,Hydrant
31467290,Hydrant,Hydrant,34.92362993,-89.93954470,red,Hydrant
31467291,Hydrant,Hydrant,34.92282375,-89.93753085,red,Hydrant
31467292,Hydrant,Hydrant,34.92156579,-89.93817561,red,Hydrant
31467293,Hydrant,Hydrant,34.91969403,-89.93902820,red,Hydrant
31467294,Hydrant,Hydrant,34.92067268,-89.93850115,red,Hydrant
31467295,Hydrant,Hydrant,34.92041853,-89.94160310,red,Hydrant
31467296,Hydrant,Hydrant,34.92081605,-89.94023350,red,Hydrant
31467297,Hydrant,Hydrant,34.92064067,-89.94311508,red,Hydrant
31467298,Hydrant,Hydrant,34.92282480,-89.94270017,red,Hydrant
31467299,Hydrant,Hydrant,34.92178381,-89.94494671,red,Hydrant
31467300,Hydrant,Hydrant,34.92468322,-89.94512509,red,Hydrant
31467301,Hydrant,Hydrant,34.92668051,-89.94638884,red,Hydrant
31467302,Hydrant,Hydrant,34.92630341,-89.94962810,red,Hydrant
31467303,Hydrant,Hydrant,34.92549516,-89.95044325,red,Hydrant
31467304,Hydrant,Hydrant,34.92421873,-89.94794735,red,Hydrant
31467305,Hydrant,Hydrant,34.92401987,-89.94639383,red,Hydrant
31467306,Hydrant,Hydrant,34.92328267,-89.94639669,red,Hydrant
31467307,Hydrant,Hydrant,34.92537327,-89.94739186,red,Hydrant
31467308,Hydrant,Hydrant,34.92604023,-89.94091776,red,Hydrant
31467309,Hydrant,Hydrant,34.92639817,-89.94194606,red,Hydrant
31467310,Hydrant,Hydrant,34.92738226,-89.96548417,red,Hydrant
31467311,Hydrant,Hydrant,34.92815898,-89.96478821,red,Hydrant
31467312,Hydrant,Hydrant,34.97696584,-89.93877625,red,Hydrant
31467313,Hydrant,Hydrant,34.97712170,-89.93984017,red,Hydrant
31467314,Hydrant,Hydrant,34.97705746,-89.94118288,red,Hydrant
31467315,Hydrant,Hydrant,34.95889713,-89.98127759,red,Hydrant
31467316,Hydrant,Hydrant,34.96029006,-89.98135918,red,Hydrant
31467317,Hydrant,Hydrant,34.96191808,-89.98102648,red,Hydrant
31467318,Hydrant,Hydrant,34.96252028,-89.98240485,red,Hydrant
31467319,Hydrant,Hydrant,34.96189130,-89.98207203,red,Hydrant
31467320,Hydrant,Hydrant,34.96021921,-89.98287381,red,Hydrant
31467321,Hydrant,Hydrant,34.95914661,-89.98286415,red,Hydrant
31467322,Hydrant,Hydrant,34.93066440,-89.96953898,red,Hydrant
31467323,Hydrant,Hydrant,34.93247440,-89.96907415,red,Hydrant
31467324,Hydrant,Hydrant,34.93323999,-89.96942834,red,Hydrant
31467325,Hydrant,Hydrant,34.96117210,-89.98079453,red,Hydrant
31467326,Hydrant,Hydrant,34.89033912,-89.93857321,red,Hydrant
31467327,Hydrant,Hydrant,34.89062711,-89.93930838,red,Hydrant
31467328,Hydrant,Hydrant,34.89078559,-89.94047745,red,Hydrant
31467329,Hydrant,Hydrant,34.89156075,-89.94099369,red,Hydrant
31467330,Hydrant,Hydrant,34.89289375,-89.94105956,red,Hydrant
31467331,Hydrant,Hydrant,34.89288983,-89.93984640,red,Hydrant
31467332,Hydrant,Hydrant,34.89193603,-89.93928769,red,Hydrant
31467333,Hydrant,Hydrant,34.89238451,-89.93814459,red,Hydrant
31467334,Hydrant,Hydrant,34.88963978,-89.93863491,red,Hydrant
31467335,Hydrant,Hydrant,34.98826043,-89.92722544,red,Hydrant
31467336,Hydrant,Hydrant,34.89898703,-89.99680892,red,Hydrant
31467337,Hydrant,Hydrant,34.98637694,-90.04000823,red,Hydrant
31467338,Hydrant,Hydrant,34.98455409,-90.04255644,red,Hydrant
31467339,Hydrant,Hydrant,34.99032361,-90.03444350,red,Hydrant
31467340,Hydrant,Hydrant,34.94753916,-89.98314222,red,Hydrant
31467341,Hydrant,Hydrant,34.94641319,-89.98224216,red,Hydrant
31467342,Hydrant,Hydrant,34.96012625,-89.92049799,red,Hydrant
31467343,Hydrant,Hydrant,34.96028372,-89.92200190,red,Hydrant
31467344,Hydrant,Hydrant,34.96081935,-89.92509543,red,Hydrant
31467345,Hydrant,Hydrant,34.95990493,-89.92583387,red,Hydrant
31467346,Hydrant,Hydrant,34.96000272,-89.92382023,red,Hydrant
31467347,Hydrant,Hydrant,34.96268639,-89.93556430,red,Hydrant
31467348,Hydrant,Hydrant,34.96551079,-89.99775068,red,Hydrant
31467349,Hydrant,Hydrant,34.96550801,-89.99674882,red,Hydrant
31467350,Hydrant,Hydrant,34.96471906,-89.99724847,red,Hydrant
31467351,Hydrant,Hydrant,34.99017997,-90.09443876,red,Hydrant
31467352,Hydrant,Hydrant,34.86341689,-89.99492247,red,Hydrant
31467353,Hydrant,Hydrant,34.97329432,-90.01470555,red,Hydrant
31467354,Hydrant,Hydrant,34.97472078,-90.01464060,red,Hydrant
31467355,Hydrant,Hydrant,34.97693961,-90.01351515,red,Hydrant
31467356,Hydrant,Hydrant,34.82003343,-89.98192285,red,Hydrant
31467357,Hydrant,Hydrant,34.98345259,-90.09378651,red,Hydrant
31467358,Hydrant,Hydrant,34.98604544,-90.09057221,red,Hydrant
31467359,Hydrant,Hydrant,34.98620086,-90.08848702,red,Hydrant
31467360,Hydrant,Hydrant,34.98787786,-90.08907076,red,Hydrant
31467361,Hydrant,Hydrant,34.82111143,-89.97307284,red,Hydrant
31467362,Hydrant,Hydrant,34.82135643,-89.97383984,red,Hydrant
31467363,Hydrant,Hydrant,34.82117543,-89.97423084,red,Hydrant
31467364,Hydrant,Hydrant,34.82088643,-89.97356784,red,Hydrant
31467365,Hydrant,Hydrant,34.96909242,-90.01265960,red,Hydrant
31467366,Hydrant,Hydrant,34.97982526,-90.05985227,red,Hydrant
31467367,Hydrant,Hydrant,34.97953337,-90.05758853,red,Hydrant
31467368,Hydrant,Hydrant,34.97875733,-90.05626565,red,Hydrant
31467369,Hydrant,Hydrant,34.97854371,-90.05553925,red,Hydrant
31467370,Hydrant,Hydrant,34.97771255,-90.05465589,red,Hydrant
31467371,Hydrant,Hydrant,34.97761624,-90.05615588,red,Hydrant
31467372,Hydrant,Hydrant,34.97819982,-90.05782780,red,Hydrant
31467373,Hydrant,Hydrant,34.97893164,-90.05890089,red,Hydrant
31467374,Hydrant,Hydrant,34.82690043,-89.98096685,red,Hydrant
31467375,Hydrant,Hydrant,34.82685443,-89.98166885,red,Hydrant
31467376,Hydrant,Hydrant,34.82681343,-89.98265485,red,Hydrant
31467377,Hydrant,Hydrant,34.82588143,-89.98261485,red,Hydrant
31467378,Hydrant,Hydrant,34.82563443,-89.98320085,red,Hydrant
31467379,Hydrant,Hydrant,34.90476485,-89.95568688,red,Hydrant
31467380,Hydrant,Hydrant,34.90632739,-89.95534601,red,Hydrant
31467381,Hydrant,Hydrant,34.90726673,-89.95564826,red,Hydrant
31467382,Hydrant,Hydrant,34.90852144,-89.95542098,red,Hydrant
31467383,Hydrant,Hydrant,34.90975550,-89.95611232,red,Hydrant
31467384,Hydrant,Hydrant,34.90961240,-89.95773657,red,Hydrant
31467385,Hydrant,Hydrant,34.91020990,-89.95915566,red,Hydrant
31467386,Hydrant,Hydrant,34.90964476,-89.96119022,red,Hydrant
31467387,Hydrant,Hydrant,34.91097234,-89.96151510,red,Hydrant
31467388,Hydrant,Hydrant,34.91146852,-89.96280485,red,Hydrant
31467389,Hydrant,Hydrant,34.91246465,-89.96355243,red,Hydrant
31467390,Hydrant,Hydrant,34.91379601,-89.96262116,red,Hydrant
31467391,Hydrant,Hydrant,34.91241824,-89.96187650,red,Hydrant
31467392,Hydrant,Hydrant,34.91201777,-89.96090681,red,Hydrant
31467393,Hydrant,Hydrant,34.91151527,-89.95974950,red,Hydrant
31467394,Hydrant,Hydrant,34.91256407,-89.95922979,red,Hydrant
31467395,Hydrant,Hydrant,34.91319438,-89.96065977,red,Hydrant
31467396,Hydrant,Hydrant,34.91366962,-89.95793317,red,Hydrant
31467397,Hydrant,Hydrant,34.91398429,-89.95654559,red,Hydrant
31467398,Hydrant,Hydrant,34.91411097,-89.95517186,red,Hydrant
31467399,Hydrant,Hydrant,34.91039976,-89.95595779,red,Hydrant
31467400,Hydrant,Hydrant,34.91120172,-89.95509655,red,Hydrant
31467401,Hydrant,Hydrant,34.91261069,-89.95564891,red,Hydrant
31467402,Hydrant,Hydrant,34.91619592,-89.95652320,red,Hydrant
31467403,Hydrant,Hydrant,34.91600029,-89.95519132,red,Hydrant
31467404,Hydrant,Hydrant,34.91734767,-89.95599883,red,Hydrant
31467405,Hydrant,Hydrant,34.91812359,-89.95713983,red,Hydrant
31467406,Hydrant,Hydrant,34.91821144,-89.95976895,red,Hydrant
31467407,Hydrant,Hydrant,34.91750365,-89.95852027,red,Hydrant
31467408,Hydrant,Hydrant,34.91645010,-89.95811184,red,Hydrant
31467409,Hydrant,Hydrant,34.98927932,-89.98948724,red,Hydrant
31467410,Hydrant,Hydrant,34.91266998,-89.98468516,red,Hydrant
31467411,Hydrant,Hydrant,34.91429895,-89.98470491,red,Hydrant
31467412,Hydrant,Hydrant,34.91460013,-89.98263291,red,Hydrant
31467413,Hydrant,Hydrant,34.91549939,-89.98256250,red,Hydrant
31467414,Hydrant,Hydrant,34.91637463,-89.98226134,red,Hydrant
31467415,Hydrant,Hydrant,34.91746799,-89.98227003,red,Hydrant
31467416,Hydrant,Hydrant,34.91835373,-89.98267981,red,Hydrant
31467417,Hydrant,Hydrant,34.91683417,-89.98348668,red,Hydrant
31467418,Hydrant,Hydrant,34.91587610,-89.98467134,red,Hydrant
31467419,Hydrant,Hydrant,34.91705754,-89.98473971,red,Hydrant
31467420,Hydrant,Hydrant,34.91834773,-89.98441409,red,Hydrant
31467421,Hydrant,Hydrant,34.89536942,-89.94491854,red,Hydrant
31467422,Hydrant,Hydrant,34.89176288,-89.94464666,red,Hydrant
31467423,Hydrant,Hydrant,34.89360794,-89.94482573,red,Hydrant
31467424,Hydrant,Hydrant,34.89537693,-89.94354641,red,Hydrant
31467425,Hydrant,Hydrant,34.88979971,-89.94474256,red,Hydrant
31467426,Hydrant,Hydrant,34.88970427,-89.94388628,red,Hydrant
31467427,Hydrant,Hydrant,34.88983818,-89.95489864,red,Hydrant
31467428,Hydrant,Hydrant,34.90565714,-89.94010178,red,Hydrant
31467429,Hydrant,Hydrant,34.93342526,-90.00358643,red,Hydrant
31467430,Hydrant,Hydrant,34.97149048,-89.93708164,red,Hydrant
31467431,Hydrant,Hydrant,34.96284955,-89.99246202,red,Hydrant
31467432,Hydrant,Hydrant,34.94785856,-89.94199164,red,Hydrant
31467433,Hydrant,Hydrant,34.94785012,-89.93996007,red,Hydrant
31467434,Hydrant,Hydrant,34.94784203,-89.93786117,red,Hydrant
31467435,Hydrant,Hydrant,34.97733659,-90.07153893,red,Hydrant
31467436,Hydrant,Hydrant,34.93311201,-89.94731649,red,Hydrant
31467437,Hydrant,Hydrant,34.93236335,-89.94914284,red,Hydrant
31467438,Hydrant,Hydrant,34.93151427,-89.94777052,red,Hydrant
31467439,Hydrant,Hydrant,34.93066439,-89.94913697,red,Hydrant
31467440,Hydrant,Hydrant,34.90360718,-89.96098223,red,Hydrant
31467441,Hydrant,Hydrant,34.90234242,-89.96109356,red,Hydrant
31467442,Hydrant,Hydrant,34.90125810,-89.96111471,red,Hydrant
31467443,Hydrant,Hydrant,34.90145535,-89.95995196,red,Hydrant
31467444,Hydrant,Hydrant,34.90330942,-89.95992732,red,Hydrant
31467445,Hydrant,Hydrant,34.95023511,-89.95689290,red,Hydrant
31467446,Hydrant,Hydrant,34.94998202,-89.96008159,red,Hydrant
31467447,Hydrant,Hydrant,34.94989380,-89.96283714,red,Hydrant
31467448,Hydrant,Hydrant,34.94977334,-89.96554719,red,Hydrant
31467449,Hydrant,Hydrant,34.93346512,-89.93701580,red,Hydrant
31467450,Hydrant,Hydrant,34.97655178,-89.95289675,red,Hydrant
31467451,Hydrant,Hydrant,34.97691565,-89.95058774,red,Hydrant
31467452,Hydrant,Hydrant,34.97512353,-89.95116777,red,Hydrant
31467453,Hydrant,Hydrant,34.97503355,-89.95307805,red,Hydrant
31467454,Hydrant,Hydrant,34.97566046,-89.95022869,red,Hydrant
31467455,Hydrant,Hydrant,34.97562575,-89.94852948,red,Hydrant
31467456,Hydrant,Hydrant,34.96203982,-89.92764778,red,Hydrant
31467457,Hydrant,Hydrant,34.96104690,-89.92762181,red,Hydrant
31467458,Hydrant,Hydrant,34.95979078,-89.92787204,red,Hydrant
31467459,Hydrant,Hydrant,34.95975689,-89.92897577,red,Hydrant
31467460,Hydrant,Hydrant,34.96217261,-89.92888729,red,Hydrant
31467461,Hydrant,Hydrant,34.96169691,-89.92890327,red,Hydrant
31467462,Hydrant,Hydrant,34.96169385,-89.92832087,red,Hydrant
31467463,Hydrant,Hydrant,34.96118485,-89.93318851,red,Hydrant
31467464,Hydrant,Hydrant,34.96215335,-89.93254648,red,Hydrant
31467465,Hydrant,Hydrant,34.91739226,-89.97749316,red,Hydrant
31467466,Hydrant,Hydrant,34.91745721,-89.97881706,red,Hydrant
31467467,Hydrant,Hydrant,34.91874181,-89.98036536,red,Hydrant
31467468,Hydrant,Hydrant,34.92165630,-89.97968234,red,Hydrant
31467469,Hydrant,Hydrant,34.91747834,-89.98036557,red,Hydrant
31467470,Hydrant,Hydrant,34.97580603,-89.93366198,red,Hydrant
31467471,Hydrant,Hydrant,34.86670044,-89.99522785,red,Hydrant
31467472,Hydrant,Hydrant,34.91375095,-89.98841678,red,Hydrant
31467473,Hydrant,Hydrant,34.88470144,-89.99377085,red,Hydrant
31467474,Hydrant,Hydrant,34.93221740,-89.92986902,red,Hydrant
31467475,Hydrant,Hydrant,34.93241771,-89.92807318,red,Hydrant
31467476,Hydrant,Hydrant,34.93183532,-89.92656847,red,Hydrant
31467477,Hydrant,Hydrant,34.93068902,-89.92810820,red,Hydrant
31467478,Hydrant,Hydrant,34.93091606,-89.92567952,red,Hydrant
31467479,Hydrant,Hydrant,34.92934006,-89.92572884,red,Hydrant
31467480,Hydrant,Hydrant,34.93073618,-89.92975823,red,Hydrant
31467481,Hydrant,Hydrant,34.92754187,-89.92949462,red,Hydrant
31467482,Hydrant,Hydrant,34.92864910,-89.93050331,red,Hydrant
31467483,Hydrant,Hydrant,34.92806454,-89.92627540,red,Hydrant
31467484,Hydrant,Hydrant,34.92697797,-89.92702193,red,Hydrant
31467485,Hydrant,Hydrant,34.92639245,-89.93012544,red,Hydrant
31467486,Hydrant,Hydrant,34.92658142,-89.92895651,red,Hydrant
31467487,Hydrant,Hydrant,34.92601355,-89.92852643,red,Hydrant
31467488,Hydrant,Hydrant,34.92443436,-89.92839039,red,Hydrant
31467489,Hydrant,Hydrant,34.92320206,-89.92763244,red,Hydrant
31467490,Hydrant,Hydrant,34.92363391,-89.93030366,red,Hydrant
31467491,Hydrant,Hydrant,34.92239733,-89.92903851,red,Hydrant
31467492,Hydrant,Hydrant,34.92465097,-89.92566725,red,Hydrant
31467493,Hydrant,Hydrant,34.92259840,-89.92594621,red,Hydrant
31467494,Hydrant,Hydrant,34.92032811,-89.92957934,red,Hydrant
31467495,Hydrant,Hydrant,34.91883362,-89.92984399,red,Hydrant
31467496,Hydrant,Hydrant,34.91885812,-89.92596459,red,Hydrant
31467497,Hydrant,Hydrant,34.92016288,-89.92597493,red,Hydrant
31467498,Hydrant,Hydrant,34.92152919,-89.92743321,red,Hydrant
31467499,Hydrant,Hydrant,34.92930130,-89.92879686,red,Hydrant
31467500,Hydrant,Hydrant,34.92867285,-89.92771541,red,Hydrant
31467501,Hydrant,Hydrant,34.94430644,-89.98395450,red,Hydrant
31467502,Hydrant,Hydrant,34.94430973,-89.98688463,red,Hydrant
31467503,Hydrant,Hydrant,34.94562023,-89.98721324,red,Hydrant
31467504,Hydrant,Hydrant,34.94279898,-89.98648856,red,Hydrant
31467505,Hydrant,Hydrant,34.94103011,-89.98589052,red,Hydrant
31467506,Hydrant,Hydrant,34.94167369,-89.98505173,red,Hydrant
31467507,Hydrant,Hydrant,34.94285547,-89.98248048,red,Hydrant
31467508,Hydrant,Hydrant,34.94163036,-89.98124283,red,Hydrant
31467509,Hydrant,Hydrant,34.94033811,-89.98256607,red,Hydrant
31467510,Hydrant,Hydrant,34.93975606,-89.98525380,red,Hydrant
31467511,Hydrant,Hydrant,34.93805378,-89.98559697,red,Hydrant
31467512,Hydrant,Hydrant,34.93605488,-89.98494319,red,Hydrant
31467513,Hydrant,Hydrant,34.93535126,-89.98389526,red,Hydrant
31467514,Hydrant,Hydrant,34.93771164,-89.98452746,red,Hydrant
31467515,Hydrant,Hydrant,34.93858203,-89.98335004,red,Hydrant
31467516,Hydrant,Hydrant,34.93898227,-89.98167687,red,Hydrant
31467517,Hydrant,Hydrant,34.93818759,-89.98127958,red,Hydrant
31467518,Hydrant,Hydrant,34.93668485,-89.98268928,red,Hydrant
31467519,Hydrant,Hydrant,34.93649921,-89.98164328,red,Hydrant
31467520,Hydrant,Hydrant,34.93531892,-89.98192004,red,Hydrant
31467521,Hydrant,Hydrant,34.94721261,-89.99295513,red,Hydrant
31467522,Hydrant,Hydrant,34.96543558,-89.95424197,red,Hydrant
31467523,Hydrant,Hydrant,34.96544624,-89.95286906,red,Hydrant
31467524,Hydrant,Hydrant,34.96701143,-89.95377846,red,Hydrant
31467525,Hydrant,Hydrant,34.96698693,-89.95095273,red,Hydrant
31467526,Hydrant,Hydrant,34.96699729,-89.94890909,red,Hydrant
31467527,Hydrant,Hydrant,34.96205843,-89.97898045,red,Hydrant
31467528,Hydrant,Hydrant,34.93113783,-89.93346469,red,Hydrant
31467529,Hydrant,Hydrant,34.93266653,-89.93257062,red,Hydrant
31467530,Hydrant,Hydrant,34.93111192,-89.93650721,red,Hydrant
31467531,Hydrant,Hydrant,34.93184953,-89.93138451,red,Hydrant
31467532,Hydrant,Hydrant,34.93063833,-89.93140336,red,Hydrant
31467533,Hydrant,Hydrant,34.92944130,-89.93141351,red,Hydrant
31467534,Hydrant,Hydrant,34.92927795,-89.93250119,red,Hydrant
31467535,Hydrant,Hydrant,34.92928524,-89.93363548,red,Hydrant
31467536,Hydrant,Hydrant,34.92930025,-89.93496383,red,Hydrant
31467537,Hydrant,Hydrant,34.92930393,-89.93608520,red,Hydrant
31467538,Hydrant,Hydrant,34.92993610,-90.01168048,red,Hydrant
31467539,Hydrant,Hydrant,34.93118762,-90.00780466,red,Hydrant
31467540,Hydrant,Hydrant,34.92983473,-90.00780818,red,Hydrant
31467541,Hydrant,Hydrant,34.92861645,-90.01116586,red,Hydrant
31467542,Hydrant,Hydrant,34.93637800,-89.97248735,red,Hydrant
31467543,Hydrant,Hydrant,34.96059886,-89.97192336,red,Hydrant
31467544,Hydrant,Hydrant,34.96041894,-89.97120838,red,Hydrant
31467545,Hydrant,Hydrant,34.94800980,-89.98680116,red,Hydrant
31467546,Hydrant,Hydrant,34.91393069,-89.97957424,red,Hydrant
31467547,Hydrant,Hydrant,34.91289878,-89.98008738,red,Hydrant
31467548,Hydrant,Hydrant,34.91218790,-89.98000281,red,Hydrant
31467549,Hydrant,Hydrant,34.91379453,-89.98109553,red,Hydrant
31467550,Hydrant,Hydrant,34.82064743,-89.97603185,red,Hydrant
31467551,Hydrant,Hydrant,34.81905043,-89.97826885,red,Hydrant
31467552,Hydrant,Hydrant,34.81890643,-89.97683685,red,Hydrant
31467553,Hydrant,Hydrant,34.97520357,-89.94559150,red,Hydrant
31467554,Hydrant,Hydrant,34.97520663,-89.94405300,red,Hydrant
31467555,Hydrant,Hydrant,34.97510902,-89.94235854,red,Hydrant
31467556,Hydrant,Hydrant,34.97505934,-89.94101313,red,Hydrant
31467557,Hydrant,Hydrant,34.97575684,-89.94290803,red,Hydrant
31467558,Hydrant,Hydrant,34.97692891,-89.94290502,red,Hydrant
31467559,Hydrant,Hydrant,34.97838449,-89.94404516,red,Hydrant
31467560,Hydrant,Hydrant,34.97775762,-89.94449714,red,Hydrant
31467561,Hydrant,Hydrant,34.97673871,-89.94417371,red,Hydrant
31467562,Hydrant,Hydrant,34.97755388,-89.94643321,red,Hydrant
31467563,Hydrant,Hydrant,34.97687681,-89.94744863,red,Hydrant
31467564,Hydrant,Hydrant,34.97690473,-89.94886336,red,Hydrant
31467565,Hydrant,Hydrant,34.97960648,-89.94239282,red,Hydrant
31467566,Hydrant,Hydrant,34.97894801,-89.94378468,red,Hydrant
31467567,Hydrant,Hydrant,34.97849125,-89.94155563,red,Hydrant
31467568,Hydrant,Hydrant,34.97958635,-89.94087456,red,Hydrant
31467569,Hydrant,Hydrant,34.97860073,-89.94006455,red,Hydrant
31467570,Hydrant,Hydrant,34.97955866,-89.93938411,red,Hydrant
31467571,Hydrant,Hydrant,34.97866447,-89.93857368,red,Hydrant
31467572,Hydrant,Hydrant,34.97901181,-89.93694855,red,Hydrant
31467573,Hydrant,Hydrant,34.97950713,-89.93787155,red,Hydrant
31467574,Hydrant,Hydrant,34.97685486,-89.94601356,red,Hydrant
31467575,Hydrant,Hydrant,34.97518975,-89.94710069,red,Hydrant
31467576,Hydrant,Hydrant,34.89349734,-89.95979847,red,Hydrant
31467577,Hydrant,Hydrant,34.89294311,-89.95980871,red,Hydrant
31467578,Hydrant,Hydrant,34.89201996,-89.96000619,red,Hydrant
31467579,Hydrant,Hydrant,34.89049480,-89.96125018,red,Hydrant
31467580,Hydrant,Hydrant,34.89141875,-89.96131560,red,Hydrant
31467581,Hydrant,Hydrant,34.89201130,-89.96133612,red,Hydrant
31467582,Hydrant,Hydrant,34.88986859,-89.96272203,red,Hydrant
31467583,Hydrant,Hydrant,34.89091331,-89.96269414,red,Hydrant
31467584,Hydrant,Hydrant,34.89200939,-89.96279747,red,Hydrant
31467585,Hydrant,Hydrant,34.89320618,-89.96249828,red,Hydrant
31467586,Hydrant,Hydrant,34.89325966,-89.96123771,red,Hydrant
31467587,Hydrant,Hydrant,34.89378015,-89.96269673,red,Hydrant
31467588,Hydrant,Hydrant,34.93389230,-90.01067538,red,Hydrant
31467589,Hydrant,Hydrant,34.96357732,-89.92103131,red,Hydrant
31467590,Hydrant,Hydrant,34.96419444,-89.92146324,red,Hydrant
31467591,Hydrant,Hydrant,34.96457759,-89.92058522,red,Hydrant
31467592,Hydrant,Hydrant,34.91546289,-89.97935722,red,Hydrant
31467593,Hydrant,Hydrant,34.91546832,-89.98068305,red,Hydrant
31467594,Hydrant,Hydrant,34.94618955,-89.93645439,red,Hydrant
31467595,Hydrant,Hydrant,34.94692642,-89.93646270,red,Hydrant
31467596,Hydrant,Hydrant,34.94770479,-89.93644960,red,Hydrant
31467597,Hydrant,Hydrant,34.94533653,-89.93650724,red,Hydrant
31467598,Hydrant,Hydrant,34.94431567,-89.93597280,red,Hydrant
31467599,Hydrant,Hydrant,34.94350912,-89.93651058,red,Hydrant
31467600,Hydrant,Hydrant,34.94727614,-89.93321743,red,Hydrant
31467601,Hydrant,Hydrant,34.94636911,-89.93082372,red,Hydrant
31467602,Hydrant,Hydrant,34.94715253,-89.93081485,red,Hydrant
31467603,Hydrant,Hydrant,34.94409762,-89.93298966,red,Hydrant
31467604,Hydrant,Hydrant,34.94478767,-89.93315952,red,Hydrant
31467605,Hydrant,Hydrant,34.94523433,-89.93365108,red,Hydrant
31467606,Hydrant,Hydrant,34.94565420,-89.93428626,red,Hydrant
31467607,Hydrant,Hydrant,34.94530155,-89.93500893,red,Hydrant
31467608,Hydrant,Hydrant,34.94455442,-89.93486843,red,Hydrant
31467609,Hydrant,Hydrant,34.94389891,-89.93464194,red,Hydrant
31467610,Hydrant,Hydrant,34.94312661,-89.93511957,red,Hydrant
31467611,Hydrant,Hydrant,34.94285578,-89.93421262,red,Hydrant
31467612,Hydrant,Hydrant,34.94276097,-89.93331473,red,Hydrant
31467613,Hydrant,Hydrant,34.94252008,-89.93112402,red,Hydrant
31467614,Hydrant,Hydrant,34.94187847,-89.93403040,red,Hydrant
31467615,Hydrant,Hydrant,34.94167016,-89.93252809,red,Hydrant
31467616,Hydrant,Hydrant,34.94127079,-89.93090939,red,Hydrant
31467617,Hydrant,Hydrant,34.94069526,-89.93316814,red,Hydrant
31467618,Hydrant,Hydrant,34.94079333,-89.93496647,red,Hydrant
31467619,Hydrant,Hydrant,34.94084069,-89.93572706,red,Hydrant
31467620,Hydrant,Hydrant,34.94062919,-89.93020153,red,Hydrant
31467621,Hydrant,Hydrant,34.93959791,-89.93085349,red,Hydrant
31467622,Hydrant,Hydrant,34.93944403,-89.93206330,red,Hydrant
31467623,Hydrant,Hydrant,34.93968105,-89.93359915,red,Hydrant
31467624,Hydrant,Hydrant,34.94007130,-89.93498577,red,Hydrant
31467625,Hydrant,Hydrant,34.93961187,-89.93536187,red,Hydrant
31467626,Hydrant,Hydrant,34.93979080,-89.93592394,red,Hydrant
31467627,Hydrant,Hydrant,34.93898154,-89.93413433,red,Hydrant
31467628,Hydrant,Hydrant,34.93849282,-89.93318031,red,Hydrant
31467629,Hydrant,Hydrant,34.93718477,-89.93192509,red,Hydrant
31467630,Hydrant,Hydrant,34.93631055,-89.93082714,red,Hydrant
31467631,Hydrant,Hydrant,34.93459074,-89.92993442,red,Hydrant
31467632,Hydrant,Hydrant,34.93387270,-89.93004070,red,Hydrant
31467633,Hydrant,Hydrant,34.93465682,-89.93099383,red,Hydrant
31467634,Hydrant,Hydrant,34.93387097,-89.93122026,red,Hydrant
31467635,Hydrant,Hydrant,34.93559395,-89.93208415,red,Hydrant
31467636,Hydrant,Hydrant,34.93549653,-89.93287863,red,Hydrant
31467637,Hydrant,Hydrant,34.93567501,-89.93395799,red,Hydrant
31467638,Hydrant,Hydrant,34.93620487,-89.93521332,red,Hydrant
31467639,Hydrant,Hydrant,34.93670628,-89.93590759,red,Hydrant
31467640,Hydrant,Hydrant,34.94707136,-89.92998373,red,Hydrant
31467641,Hydrant,Hydrant,34.94672349,-89.92864878,red,Hydrant
31467642,Hydrant,Hydrant,34.94549557,-89.92873954,red,Hydrant
31467643,Hydrant,Hydrant,34.94608149,-89.93009184,red,Hydrant
31467644,Hydrant,Hydrant,34.94413837,-89.92886133,red,Hydrant
31467645,Hydrant,Hydrant,34.94765819,-89.93452405,red,Hydrant
31467646,Hydrant,Hydrant,34.94705458,-89.93436741,red,Hydrant
31467647,Hydrant,Hydrant,34.94659324,-89.93471912,red,Hydrant
31467648,Hydrant,Hydrant,34.94651610,-89.93545103,red,Hydrant
31467649,Hydrant,Hydrant,34.94692546,-89.93546902,red,Hydrant
31467650,Hydrant,Hydrant,34.94768829,-89.93555823,red,Hydrant
31467651,Hydrant,Hydrant,34.93371636,-89.93220027,red,Hydrant
31467652,Hydrant,Hydrant,34.93474853,-89.93208711,red,Hydrant
31467653,Hydrant,Hydrant,34.93634174,-89.93218873,red,Hydrant
31467654,Hydrant,Hydrant,34.93830869,-89.93186209,red,Hydrant
31467655,Hydrant,Hydrant,34.94070303,-89.93222500,red,Hydrant
31467656,Hydrant,Hydrant,34.94285914,-89.93210495,red,Hydrant
31467657,Hydrant,Hydrant,34.94417538,-89.93200047,red,Hydrant
31467658,Hydrant,Hydrant,34.94414088,-89.93088136,red,Hydrant
31467659,Hydrant,Hydrant,34.94508147,-89.93229632,red,Hydrant
31467660,Hydrant,Hydrant,34.94577903,-89.93266831,red,Hydrant
31467661,Hydrant,Hydrant,34.94626989,-89.93381489,red,Hydrant
31467662,Hydrant,Hydrant,34.94676252,-89.93338771,red,Hydrant
31467663,Hydrant,Hydrant,34.94719328,-89.93223537,red,Hydrant
31467664,Hydrant,Hydrant,34.94497483,-89.93112428,red,Hydrant
31467665,Hydrant,Hydrant,34.94554613,-89.93111966,red,Hydrant
31467666,Hydrant,Hydrant,34.94589942,-89.93154770,red,Hydrant
31467667,Hydrant,Hydrant,34.94647798,-89.93227280,red,Hydrant
31467668,Hydrant,Hydrant,34.94274287,-89.93599064,red,Hydrant
31467669,Hydrant,Hydrant,34.94167654,-89.93562215,red,Hydrant
31467670,Hydrant,Hydrant,34.81974443,-89.97222484,red,Hydrant
31467671,Hydrant,Hydrant,34.81928043,-89.97227584,red,Hydrant
31467672,Hydrant,Hydrant,34.81920443,-89.97359684,red,Hydrant
31467673,Hydrant,Hydrant,34.81982643,-89.97365784,red,Hydrant
31467674,Hydrant,Hydrant,34.94168759,-89.99929051,red,Hydrant
31467675,Hydrant,Hydrant,34.95891248,-89.99438417,red,Hydrant
31467676,Hydrant,Hydrant,34.95968903,-89.99438468,red,Hydrant
31467677,Hydrant,Hydrant,34.96073702,-89.99434856,red,Hydrant
31467678,Hydrant,Hydrant,34.98522025,-90.01785573,red,Hydrant
31467679,Hydrant,Hydrant,34.95410873,-89.99007828,red,Hydrant
31467680,Hydrant,Hydrant,34.95064532,-89.99029870,red,Hydrant
31467681,Hydrant,Hydrant,34.95338610,-89.99134230,red,Hydrant
31467682,Hydrant,Hydrant,34.95367227,-89.99105294,red,Hydrant
31467683,Hydrant,Hydrant,34.95439951,-89.99104714,red,Hydrant
31467684,Hydrant,Hydrant,34.95529816,-89.99104203,red,Hydrant
31467685,Hydrant,Hydrant,34.95622030,-89.99129653,red,Hydrant
31467686,Hydrant,Hydrant,34.95685430,-89.99129390,red,Hydrant
31467687,Hydrant,Hydrant,34.95746483,-89.99129136,red,Hydrant
31467688,Hydrant,Hydrant,34.95774683,-89.99084523,red,Hydrant
31467689,Hydrant,Hydrant,34.95759864,-89.99188342,red,Hydrant
31467690,Hydrant,Hydrant,34.95797851,-89.99103942,red,Hydrant
31467691,Hydrant,Hydrant,34.95818457,-89.99302012,red,Hydrant
31467692,Hydrant,Hydrant,34.95833987,-89.99219697,red,Hydrant
31467693,Hydrant,Hydrant,34.95833225,-89.99364347,red,Hydrant
31467694,Hydrant,Hydrant,34.95345950,-89.99171990,red,Hydrant
31467695,Hydrant,Hydrant,34.95346830,-89.99240345,red,Hydrant
31467696,Hydrant,Hydrant,34.95312396,-89.99367646,red,Hydrant
31467697,Hydrant,Hydrant,34.95328792,-89.99498350,red,Hydrant
31467698,Hydrant,Hydrant,34.95375886,-89.99468390,red,Hydrant
31467699,Hydrant,Hydrant,34.95411267,-89.99578594,red,Hydrant
31467700,Hydrant,Hydrant,34.95325986,-89.99517794,red,Hydrant
31467701,Hydrant,Hydrant,34.95361876,-89.99571476,red,Hydrant
31467702,Hydrant,Hydrant,34.95518488,-89.99647888,red,Hydrant
31467703,Hydrant,Hydrant,34.95771475,-89.99550713,red,Hydrant
31467704,Hydrant,Hydrant,34.95665158,-89.99545095,red,Hydrant
31467705,Hydrant,Hydrant,34.95552691,-89.99551730,red,Hydrant
31467706,Hydrant,Hydrant,34.95459547,-89.99473437,red,Hydrant
31467707,Hydrant,Hydrant,34.95442766,-89.99341458,red,Hydrant
31467708,Hydrant,Hydrant,34.95445706,-89.99162457,red,Hydrant
31467709,Hydrant,Hydrant,34.95541028,-89.99446037,red,Hydrant
31467710,Hydrant,Hydrant,34.95671949,-89.99475498,red,Hydrant
31467711,Hydrant,Hydrant,34.95685840,-89.99436195,red,Hydrant
31467712,Hydrant,Hydrant,34.95761715,-89.99431850,red,Hydrant
31467713,Hydrant,Hydrant,34.95763763,-89.99694784,red,Hydrant
31467714,Hydrant,Hydrant,34.95631103,-89.99684655,red,Hydrant
31467715,Hydrant,Hydrant,34.95485661,-89.99603610,red,Hydrant
31467716,Hydrant,Hydrant,34.95548311,-89.99273435,red,Hydrant
31467717,Hydrant,Hydrant,34.95536953,-89.99185479,red,Hydrant
31467718,Hydrant,Hydrant,34.97791753,-90.02438849,red,Hydrant
31467719,Hydrant,Hydrant,34.97069701,-89.99524672,red,Hydrant
31467720,Hydrant,Hydrant,34.96642638,-89.99782952,red,Hydrant
31467721,Hydrant,Hydrant,34.96303587,-89.99434718,red,Hydrant
31467722,Hydrant,Hydrant,34.96585149,-89.99641713,red,Hydrant
31467723,Hydrant,Hydrant,34.96589037,-89.99572887,red,Hydrant
31467724,Hydrant,Hydrant,34.96520707,-89.99607847,red,Hydrant
31467725,Hydrant,Hydrant,34.96696516,-89.99439228,red,Hydrant
31467726,Hydrant,Hydrant,34.96772961,-89.99389920,red,Hydrant
31467727,Hydrant,Hydrant,34.97060867,-89.99954453,red,Hydrant
31467728,Hydrant,Hydrant,34.96588951,-89.99498127,red,Hydrant
31467729,Hydrant,Hydrant,34.97464773,-89.99283200,red,Hydrant
31467730,Hydrant,Hydrant,34.97351954,-89.99352505,red,Hydrant
31467731,Hydrant,Hydrant,34.97272264,-89.99269381,red,Hydrant
31467732,Hydrant,Hydrant,34.97324457,-89.99191688,red,Hydrant
31467733,Hydrant,Hydrant,34.97405877,-89.99193266,red,Hydrant
31467734,Hydrant,Hydrant,34.97389296,-89.99106705,red,Hydrant
31467735,Hydrant,Hydrant,34.97350262,-89.99069827,red,Hydrant
31467736,Hydrant,Hydrant,34.96767513,-89.99785173,red,Hydrant
31467737,Hydrant,Hydrant,34.96711034,-89.99890764,red,Hydrant
31467738,Hydrant,Hydrant,34.96885208,-89.99765590,red,Hydrant
31467739,Hydrant,Hydrant,34.96964810,-89.99654053,red,Hydrant
31467740,Hydrant,Hydrant,34.97060901,-89.99689854,red,Hydrant
31467741,Hydrant,Hydrant,34.81821597,-89.99316849,red,Hydrant
31467742,Hydrant,Hydrant,34.95206931,-89.97596578,red,Hydrant
31467743,Hydrant,Hydrant,34.95305592,-89.97522727,red,Hydrant
31467744,Hydrant,Hydrant,34.95306381,-89.97357941,red,Hydrant
31467745,Hydrant,Hydrant,34.95386812,-89.97594564,red,Hydrant
31467746,Hydrant,Hydrant,34.95475787,-89.97595994,red,Hydrant
31467747,Hydrant,Hydrant,34.95575224,-89.97595562,red,Hydrant
31467748,Hydrant,Hydrant,34.95684514,-89.97387127,red,Hydrant
31467749,Hydrant,Hydrant,34.95581945,-89.97275673,red,Hydrant
31467750,Hydrant,Hydrant,34.95570345,-89.97462091,red,Hydrant
31467751,Hydrant,Hydrant,34.95771895,-89.97452866,red,Hydrant
31467752,Hydrant,Hydrant,34.95879856,-89.97606010,red,Hydrant
31467753,Hydrant,Hydrant,34.95967492,-89.97494407,red,Hydrant
31467754,Hydrant,Hydrant,34.95893565,-89.97396536,red,Hydrant
31467755,Hydrant,Hydrant,34.95989123,-89.97390691,red,Hydrant
31467756,Hydrant,Hydrant,34.95843488,-89.97315290,red,Hydrant
31467757,Hydrant,Hydrant,34.95483042,-89.97269841,red,Hydrant
31467758,Hydrant,Hydrant,34.95393747,-89.97270232,red,Hydrant
31467759,Hydrant,Hydrant,34.95663029,-89.97596946,red,Hydrant
31467760,Hydrant,Hydrant,34.96812894,-89.95262112,red,Hydrant
31467761,Hydrant,Hydrant,34.96812468,-89.95014926,red,Hydrant
31467762,Hydrant,Hydrant,34.96811736,-89.94854011,red,Hydrant
31467763,Hydrant,Hydrant,34.96810693,-89.94632545,red,Hydrant
31467764,Hydrant,Hydrant,34.96810363,-89.94420765,red,Hydrant
31467765,Hydrant,Hydrant,34.96808880,-89.94245219,red,Hydrant
31467766,Hydrant,Hydrant,34.96836952,-89.94076198,red,Hydrant
31467767,Hydrant,Hydrant,34.96965086,-89.94078199,red,Hydrant
31467768,Hydrant,Hydrant,34.97072430,-89.94083011,red,Hydrant
31467769,Hydrant,Hydrant,34.96920426,-89.94509031,red,Hydrant
31467770,Hydrant,Hydrant,34.96907461,-89.94658336,red,Hydrant
31467771,Hydrant,Hydrant,34.96909410,-89.94799951,red,Hydrant
31467772,Hydrant,Hydrant,34.96911121,-89.95161382,red,Hydrant
31467773,Hydrant,Hydrant,34.97007344,-89.95277388,red,Hydrant
31467774,Hydrant,Hydrant,34.97006544,-89.95115725,red,Hydrant
31467775,Hydrant,Hydrant,34.97006361,-89.94964872,red,Hydrant
31467776,Hydrant,Hydrant,34.97005845,-89.94802079,red,Hydrant
31467777,Hydrant,Hydrant,34.97013413,-89.94188797,red,Hydrant
31467778,Hydrant,Hydrant,34.97103391,-89.94265230,red,Hydrant
31467779,Hydrant,Hydrant,34.96903849,-89.94285249,red,Hydrant
31467780,Hydrant,Hydrant,34.97006309,-89.94640470,red,Hydrant
31467781,Hydrant,Hydrant,34.97070481,-89.94509284,red,Hydrant
31467782,Hydrant,Hydrant,34.97108890,-89.94748516,red,Hydrant
31467783,Hydrant,Hydrant,34.97109077,-89.94931836,red,Hydrant
31467784,Hydrant,Hydrant,34.96275281,-89.96523960,red,Hydrant
31467785,Hydrant,Hydrant,34.92203460,-89.96879723,red,Hydrant
31467786,Hydrant,Hydrant,34.92128345,-89.96678825,red,Hydrant
31467787,Hydrant,Hydrant,34.92125128,-89.96551783,red,Hydrant
31467788,Hydrant,Hydrant,34.92130775,-89.96435773,red,Hydrant
31467789,Hydrant,Hydrant,34.92122308,-89.96842159,red,Hydrant
31467790,Hydrant,Hydrant,34.90659813,-89.96896928,red,Hydrant
31467791,Hydrant,Hydrant,34.90741113,-89.96753715,red,Hydrant
31467792,Hydrant,Hydrant,34.90723477,-89.96593536,red,Hydrant
31467793,Hydrant,Hydrant,34.90695782,-89.96434890,red,Hydrant
31467794,Hydrant,Hydrant,34.90683460,-89.96271867,red,Hydrant
31467795,Hydrant,Hydrant,34.90685069,-89.96059695,red,Hydrant
31467796,Hydrant,Hydrant,34.90862870,-89.96639949,red,Hydrant
31467797,Hydrant,Hydrant,34.90997229,-89.96596602,red,Hydrant
31467798,Hydrant,Hydrant,34.91006238,-89.96455930,red,Hydrant
31467799,Hydrant,Hydrant,34.91074777,-89.96748220,red,Hydrant
31467800,Hydrant,Hydrant,34.91146544,-89.96597132,red,Hydrant
31467801,Hydrant,Hydrant,34.91272217,-89.96597513,red,Hydrant
31467802,Hydrant,Hydrant,34.91289369,-89.96750410,red,Hydrant
31467803,Hydrant,Hydrant,34.91399428,-89.96600614,red,Hydrant
31467804,Hydrant,Hydrant,34.90350193,-89.97464841,red,Hydrant
31467805,Hydrant,Hydrant,34.90214348,-89.97465219,red,Hydrant
31467806,Hydrant,Hydrant,34.90054146,-89.97466012,red,Hydrant
31467807,Hydrant,Hydrant,34.90010216,-89.97379057,red,Hydrant
31467808,Hydrant,Hydrant,34.89484320,-89.94040036,red,Hydrant
31467809,Hydrant,Hydrant,34.89482447,-89.93829178,red,Hydrant
31467810,Hydrant,Hydrant,34.93945629,-89.98724664,red,Hydrant
31467811,Hydrant,Hydrant,34.93907198,-89.98889068,red,Hydrant
31467812,Hydrant,Hydrant,34.93936609,-89.99031900,red,Hydrant
31467813,Hydrant,Hydrant,34.94068566,-89.99077740,red,Hydrant
31467814,Hydrant,Hydrant,34.93971779,-89.98885714,red,Hydrant
31467815,Hydrant,Hydrant,34.94099318,-89.98843580,red,Hydrant
31467816,Hydrant,Hydrant,34.94150951,-89.98952932,red,Hydrant
31467817,Hydrant,Hydrant,34.94058898,-89.99010202,red,Hydrant
31467818,Hydrant,Hydrant,34.94223587,-89.98888679,red,Hydrant
31467819,Hydrant,Hydrant,34.94192022,-89.99122899,red,Hydrant
31467820,Hydrant,Hydrant,34.94193970,-89.99058710,red,Hydrant
31467821,Hydrant,Hydrant,34.94273026,-89.98995987,red,Hydrant
31467822,Hydrant,Hydrant,34.94352493,-89.98945914,red,Hydrant
31467823,Hydrant,Hydrant,34.94315845,-89.99100942,red,Hydrant
31467824,Hydrant,Hydrant,34.94325183,-89.99169229,red,Hydrant
31467825,Hydrant,Hydrant,34.94406480,-89.99042263,red,Hydrant
31467826,Hydrant,Hydrant,34.94457632,-89.98969692,red,Hydrant
31467827,Hydrant,Hydrant,34.94434399,-89.99142187,red,Hydrant
31467828,Hydrant,Hydrant,34.94460418,-89.99216174,red,Hydrant
31467829,Hydrant,Hydrant,34.94565645,-89.99252610,red,Hydrant
31467830,Hydrant,Hydrant,34.94638506,-89.99277209,red,Hydrant
31467831,Hydrant,Hydrant,34.94803133,-89.99198480,red,Hydrant
31467832,Hydrant,Hydrant,34.94746342,-89.99111113,red,Hydrant
31467833,Hydrant,Hydrant,34.94708781,-89.99146860,red,Hydrant
31467834,Hydrant,Hydrant,34.94622987,-89.99117594,red,Hydrant
31467835,Hydrant,Hydrant,34.94539821,-89.99088776,red,Hydrant
31467836,Hydrant,Hydrant,34.94586160,-89.99014615,red,Hydrant
31467837,Hydrant,Hydrant,34.94663387,-89.99041445,red,Hydrant
31467838,Hydrant,Hydrant,34.94640523,-89.99213778,red,Hydrant
31467839,Hydrant,Hydrant,34.94555939,-89.99184520,red,Hydrant
31467840,Hydrant,Hydrant,34.96117227,-89.96214768,red,Hydrant
31467841,Hydrant,Hydrant,34.96395535,-89.96825119,red,Hydrant
31467842,Hydrant,Hydrant,34.96779479,-89.96485121,red,Hydrant
31467843,Hydrant,Hydrant,34.96662299,-89.97166476,red,Hydrant
31467844,Hydrant,Hydrant,34.97555175,-89.92964697,red,Hydrant
31467845,Hydrant,Hydrant,34.99076569,-89.93245600,red,Hydrant
31467846,Hydrant,Hydrant,34.99012265,-89.93172395,red,Hydrant
31467847,Hydrant,Hydrant,34.98914170,-89.93314149,red,Hydrant
31467848,Hydrant,Hydrant,34.98974509,-89.93501880,red,Hydrant
31467849,Hydrant,Hydrant,34.98694328,-89.93513645,red,Hydrant
31467850,Hydrant,Hydrant,34.98495090,-89.93412534,red,Hydrant
31467851,Hydrant,Hydrant,34.98916958,-89.92905702,red,Hydrant
31467852,Hydrant,Hydrant,34.98832078,-89.92885438,red,Hydrant
31467853,Hydrant,Hydrant,34.98579032,-89.92908842,red,Hydrant
31467854,Hydrant,Hydrant,34.98454514,-89.92957903,red,Hydrant
31467855,Hydrant,Hydrant,34.98393060,-89.93214490,red,Hydrant
31467856,Hydrant,Hydrant,34.98436907,-89.93560006,red,Hydrant
31467857,Hydrant,Hydrant,34.98195843,-89.93186241,red,Hydrant
31467858,Hydrant,Hydrant,34.98052621,-89.93535120,red,Hydrant
31467859,Hydrant,Hydrant,34.98289568,-89.92852016,red,Hydrant
31467860,Hydrant,Hydrant,34.98330295,-89.92685311,red,Hydrant
31467861,Hydrant,Hydrant,34.98240035,-89.92277030,red,Hydrant
31467862,Hydrant,Hydrant,34.98238682,-89.92440292,red,Hydrant
31467863,Hydrant,Hydrant,34.98161807,-89.92559778,red,Hydrant
31467864,Hydrant,Hydrant,34.98000206,-89.92891815,red,Hydrant
31467865,Hydrant,Hydrant,34.97847784,-89.92629792,red,Hydrant
31467866,Hydrant,Hydrant,34.97806748,-89.92194079,red,Hydrant
31467867,Hydrant,Hydrant,34.97776464,-89.92946202,red,Hydrant
31467868,Hydrant,Hydrant,34.97807310,-89.93168426,red,Hydrant
31467869,Hydrant,Hydrant,34.97838269,-89.93433915,red,Hydrant
31467870,Hydrant,Hydrant,34.97780460,-89.93566551,red,Hydrant
31467871,Hydrant,Hydrant,34.98832521,-89.93059902,red,Hydrant
31467872,Hydrant,Hydrant,34.98663626,-89.93105342,red,Hydrant
31467873,Hydrant,Hydrant,34.98528466,-89.93174780,red,Hydrant
31467874,Hydrant,Hydrant,34.98001300,-89.93364154,red,Hydrant
31467875,Hydrant,Hydrant,34.97931671,-89.92438862,red,Hydrant
31467876,Hydrant,Hydrant,34.98389763,-89.94331912,red,Hydrant
31467877,Hydrant,Hydrant,34.98392314,-89.94454247,red,Hydrant
31467878,Hydrant,Hydrant,34.98372543,-89.94500436,red,Hydrant
31467879,Hydrant,Hydrant,34.98276230,-89.94502553,red,Hydrant
31467880,Hydrant,Hydrant,34.98352022,-89.94394618,red,Hydrant
31467881,Hydrant,Hydrant,34.98271851,-89.94400149,red,Hydrant
31467882,Hydrant,Hydrant,34.98350615,-89.94286712,red,Hydrant
31467883,Hydrant,Hydrant,34.98188040,-89.94205168,red,Hydrant
31467884,Hydrant,Hydrant,34.98298663,-89.94186802,red,Hydrant
31467885,Hydrant,Hydrant,34.98015141,-89.94059231,red,Hydrant
31467886,Hydrant,Hydrant,34.98096220,-89.94411342,red,Hydrant
31467887,Hydrant,Hydrant,34.98110592,-89.94244644,red,Hydrant
31467888,Hydrant,Hydrant,34.98164776,-89.94357992,red,Hydrant
31467889,Hydrant,Hydrant,34.98185691,-89.94499932,red,Hydrant
31467890,Hydrant,Hydrant,34.91349125,-89.97520935,red,Hydrant
31467891,Hydrant,Hydrant,34.91345572,-89.97749458,red,Hydrant
31467892,Hydrant,Hydrant,34.91540168,-89.97255209,red,Hydrant
31467893,Hydrant,Hydrant,34.91542153,-89.97500759,red,Hydrant
31467894,Hydrant,Hydrant,34.91544722,-89.97717754,red,Hydrant
31467895,Hydrant,Hydrant,34.96264584,-89.92578185,red,Hydrant
31467896,Hydrant,Hydrant,34.96301964,-89.92510436,red,Hydrant
31467897,Hydrant,Hydrant,34.96341309,-89.92504263,red,Hydrant
31467898,Hydrant,Hydrant,34.95238121,-89.97074610,red,Hydrant
31467899,Hydrant,Hydrant,34.95239135,-89.96738494,red,Hydrant
31467900,Hydrant,Hydrant,34.95253697,-89.96476215,red,Hydrant
31467901,Hydrant,Hydrant,34.95345062,-89.96414160,red,Hydrant
31467902,Hydrant,Hydrant,34.95447854,-89.96517208,red,Hydrant
31467903,Hydrant,Hydrant,34.95437534,-89.96767488,red,Hydrant
31467904,Hydrant,Hydrant,34.90160019,-89.98528458,red,Hydrant
31467905,Hydrant,Hydrant,34.93489108,-89.95208852,red,Hydrant
31467906,Hydrant,Hydrant,34.93973771,-89.95211089,red,Hydrant
31467907,Hydrant,Hydrant,34.93741986,-89.95274751,red,Hydrant
31467908,Hydrant,Hydrant,34.93864705,-89.95282389,red,Hydrant
31467909,Hydrant,Hydrant,34.93966948,-89.95278108,red,Hydrant
31467910,Hydrant,Hydrant,34.94052771,-89.95358536,red,Hydrant
31467911,Hydrant,Hydrant,34.93970754,-89.95166412,red,Hydrant
31467912,Hydrant,Hydrant,34.92245993,-90.00718571,red,Hydrant
31467913,Hydrant,Hydrant,34.92237486,-90.00547401,red,Hydrant
31467914,Hydrant,Hydrant,34.92246232,-90.00439576,red,Hydrant
31467915,Hydrant,Hydrant,34.92236682,-90.00321684,red,Hydrant
31467916,Hydrant,Hydrant,34.92141649,-90.00664355,red,Hydrant
31467917,Hydrant,Hydrant,34.92084104,-90.00571817,red,Hydrant
31467918,Hydrant,Hydrant,34.92066412,-90.00363264,red,Hydrant
31467919,Hydrant,Hydrant,34.91994676,-90.00273933,red,Hydrant
31467920,Hydrant,Hydrant,34.91974807,-90.00385247,red,Hydrant
31467921,Hydrant,Hydrant,34.91976996,-90.00476352,red,Hydrant
31467922,Hydrant,Hydrant,34.91987335,-90.00571026,red,Hydrant
31467923,Hydrant,Hydrant,34.92845501,-90.00449962,red,Hydrant
31467924,Hydrant,Hydrant,34.92847073,-90.00557121,red,Hydrant
31467925,Hydrant,Hydrant,34.92847607,-90.00786581,red,Hydrant
31467926,Hydrant,Hydrant,34.96266443,-89.93207852,red,Hydrant
31467927,Hydrant,Hydrant,34.96266580,-89.93440322,red,Hydrant
31467928,Hydrant,Hydrant,34.99253757,-89.94919622,red,Hydrant
31467929,Hydrant,Hydrant,34.99247028,-89.94710096,red,Hydrant
31467930,Hydrant,Hydrant,34.99375002,-89.94685318,red,Hydrant
31467931,Hydrant,Hydrant,34.99376439,-89.94907691,red,Hydrant
31467932,Hydrant,Hydrant,34.84050187,-90.00678542,red,Hydrant
31467933,Hydrant,Hydrant,34.95349851,-89.97822484,red,Hydrant
31467934,Hydrant,Hydrant,34.99172878,-90.00878900,red,Hydrant
31467935,Hydrant,Hydrant,34.97216040,-89.93345512,red,Hydrant
31467936,Hydrant,Hydrant,34.97283921,-89.92982306,red,Hydrant
31467937,Hydrant,Hydrant,34.97293758,-89.92619778,red,Hydrant
31467938,Hydrant,Hydrant,34.97294787,-89.92328065,red,Hydrant
31467939,Hydrant,Hydrant,34.97308837,-89.92151340,red,Hydrant
31467940,Hydrant,Hydrant,34.97097541,-89.92812805,red,Hydrant
31467941,Hydrant,Hydrant,34.97103489,-89.92523966,red,Hydrant
31467942,Hydrant,Hydrant,34.97106392,-89.92329462,red,Hydrant
31467943,Hydrant,Hydrant,34.97106975,-89.92119730,red,Hydrant
31467944,Hydrant,Hydrant,34.96836646,-89.92677556,red,Hydrant
31467945,Hydrant,Hydrant,34.96880451,-89.92887987,red,Hydrant
31467946,Hydrant,Hydrant,34.96968646,-89.93062282,red,Hydrant
31467947,Hydrant,Hydrant,34.97054135,-89.93243809,red,Hydrant
31467948,Hydrant,Hydrant,34.96646018,-89.92743663,red,Hydrant
31467949,Hydrant,Hydrant,34.93784965,-89.93698459,red,Hydrant
31467950,Hydrant,Hydrant,34.93411928,-89.94499538,red,Hydrant
31467951,Hydrant,Hydrant,34.93550050,-89.94539495,red,Hydrant
31467952,Hydrant,Hydrant,34.93637082,-89.94537884,red,Hydrant
31467953,Hydrant,Hydrant,34.93675632,-89.94336572,red,Hydrant
31467954,Hydrant,Hydrant,34.93676064,-89.94102346,red,Hydrant
31467955,Hydrant,Hydrant,34.93656707,-89.93949262,red,Hydrant
31467956,Hydrant,Hydrant,34.90450522,-89.98652967,red,Hydrant
31467957,Hydrant,Hydrant,34.90451350,-89.98740900,red,Hydrant
31467958,Hydrant,Hydrant,34.90456436,-89.98821878,red,Hydrant
31467959,Hydrant,Hydrant,34.90624575,-89.98690321,red,Hydrant
31467960,Hydrant,Hydrant,34.90756386,-89.98509557,red,Hydrant
31467961,Hydrant,Hydrant,34.90917886,-89.98632020,red,Hydrant
31467962,Hydrant,Hydrant,34.91021184,-89.98520109,red,Hydrant
31467963,Hydrant,Hydrant,34.91083188,-89.98667712,red,Hydrant
31467964,Hydrant,Hydrant,34.90936669,-89.98878874,red,Hydrant
31467965,Hydrant,Hydrant,34.90761369,-89.98862444,red,Hydrant
31467966,Hydrant,Hydrant,34.94008272,-90.01584224,red,Hydrant
31467967,Hydrant,Hydrant,34.93870453,-90.01527786,red,Hydrant
31467968,Hydrant,Hydrant,34.93539645,-90.01394586,red,Hydrant
31467969,Hydrant,Hydrant,34.97717646,-90.08894589,red,Hydrant
31467970,Hydrant,Hydrant,34.97717646,-90.09140589,red,Hydrant
31467971,Hydrant,Hydrant,34.97716861,-90.09344305,red,Hydrant
31467972,Hydrant,Hydrant,34.97716646,-90.09525589,red,Hydrant
31467973,Hydrant,Hydrant,34.93328645,-90.07356588,red,Hydrant
31467974,Hydrant,Hydrant,34.97786646,-90.06062588,red,Hydrant
31467975,Hydrant,Hydrant,34.96047645,-90.04863587,red,Hydrant
31467976,Hydrant,Hydrant,34.95945645,-90.04676587,red,Hydrant
31467977,Hydrant,Hydrant,34.96105645,-90.04665587,red,Hydrant
31467978,Hydrant,Hydrant,34.96093645,-90.04597587,red,Hydrant
31467979,Hydrant,Hydrant,34.96100645,-90.04495587,red,Hydrant
31467980,Hydrant,Hydrant,34.96175645,-90.04472587,red,Hydrant
31467981,Hydrant,Hydrant,34.96176645,-90.04543587,red,Hydrant
31467982,Hydrant,Hydrant,34.96179646,-90.04615587,red,Hydrant
31467983,Hydrant,Hydrant,34.96253646,-90.04415587,red,Hydrant
31467984,Hydrant,Hydrant,34.96143645,-90.04282587,red,Hydrant
31467985,Hydrant,Hydrant,34.96030645,-90.04488587,red,Hydrant
31467986,Hydrant,Hydrant,34.95966645,-90.04410587,red,Hydrant
31467987,Hydrant,Hydrant,34.96110645,-90.04106587,red,Hydrant
31467988,Hydrant,Hydrant,34.95948645,-90.04168587,red,Hydrant
31467989,Hydrant,Hydrant,34.95864645,-90.04350587,red,Hydrant
31467990,Hydrant,Hydrant,34.95808645,-90.04527587,red,Hydrant
31467991,Hydrant,Hydrant,34.95809645,-90.04671587,red,Hydrant
31467992,Hydrant,Hydrant,34.95722645,-90.04679587,red,Hydrant
31467993,Hydrant,Hydrant,34.95730645,-90.04480587,red,Hydrant
31467994,Hydrant,Hydrant,34.95766645,-90.04283587,red,Hydrant
31467995,Hydrant,Hydrant,34.95824645,-90.04175587,red,Hydrant
31467996,Hydrant,Hydrant,34.95793645,-90.04085587,red,Hydrant
31467997,Hydrant,Hydrant,34.95931645,-90.03957587,red,Hydrant
31467998,Hydrant,Hydrant,34.96014646,-90.04025587,red,Hydrant
31467999,Hydrant,Hydrant,34.96190646,-90.04009587,red,Hydrant
31468000,Hydrant,Hydrant,34.95646645,-90.04359587,red,Hydrant
31468001,Hydrant,Hydrant,34.95561645,-90.04668587,red,Hydrant
31468002,Hydrant,Hydrant,34.95299645,-90.04501587,red,Hydrant
31468003,Hydrant,Hydrant,34.95568645,-90.04315587,red,Hydrant
31468004,Hydrant,Hydrant,34.95503645,-90.04462587,red,Hydrant
31468005,Hydrant,Hydrant,34.95360645,-90.04420587,red,Hydrant
31468006,Hydrant,Hydrant,34.95246645,-90.04331587,red,Hydrant
31468007,Hydrant,Hydrant,34.95329645,-90.04241587,red,Hydrant
31468008,Hydrant,Hydrant,34.95486645,-90.04282587,red,Hydrant
31468009,Hydrant,Hydrant,34.95061645,-90.04226587,red,Hydrant
31468010,Hydrant,Hydrant,34.94849645,-90.04190587,red,Hydrant
31468011,Hydrant,Hydrant,34.94869645,-90.03967587,red,Hydrant
31468012,Hydrant,Hydrant,34.95029645,-90.04069587,red,Hydrant
31468013,Hydrant,Hydrant,34.95162645,-90.03990587,red,Hydrant
31468014,Hydrant,Hydrant,34.95176645,-90.03754587,red,Hydrant
31468015,Hydrant,Hydrant,34.95159645,-90.03625587,red,Hydrant
31468016,Hydrant,Hydrant,34.96155646,-90.03752587,red,Hydrant
31468017,Hydrant,Hydrant,34.96126646,-90.03616587,red,Hydrant
31468018,Hydrant,Hydrant,34.96022645,-90.03575587,red,Hydrant
31468019,Hydrant,Hydrant,34.95930646,-90.03470587,red,Hydrant
31468020,Hydrant,Hydrant,34.95848645,-90.03595587,red,Hydrant
31468021,Hydrant,Hydrant,34.95953645,-90.03769587,red,Hydrant
31468022,Hydrant,Hydrant,34.95773645,-90.03749587,red,Hydrant
31468023,Hydrant,Hydrant,34.95658645,-90.03609587,red,Hydrant
31468024,Hydrant,Hydrant,34.95520645,-90.03430587,red,Hydrant
31468025,Hydrant,Hydrant,34.95721645,-90.03478587,red,Hydrant
31468026,Hydrant,Hydrant,34.95700645,-90.03880587,red,Hydrant
31468027,Hydrant,Hydrant,34.95586645,-90.03775587,red,Hydrant
31468028,Hydrant,Hydrant,34.95517645,-90.03848587,red,Hydrant
31468029,Hydrant,Hydrant,34.95403645,-90.03600587,red,Hydrant
31468030,Hydrant,Hydrant,34.95317645,-90.03438587,red,Hydrant
31468031,Hydrant,Hydrant,34.95296645,-90.03830587,red,Hydrant
31468032,Hydrant,Hydrant,34.95385645,-90.03788587,red,Hydrant
31468033,Hydrant,Hydrant,34.95473645,-90.04036587,red,Hydrant
31468034,Hydrant,Hydrant,34.95330645,-90.03993587,red,Hydrant
31468035,Hydrant,Hydrant,34.94821645,-90.03433587,red,Hydrant
31468036,Hydrant,Hydrant,34.95589645,-90.04557587,red,Hydrant
31468037,Hydrant,Hydrant,34.95414645,-90.04596587,red,Hydrant
31468038,Hydrant,Hydrant,34.95147645,-90.04386587,red,Hydrant
31468039,Hydrant,Hydrant,34.94907645,-90.04306587,red,Hydrant
31468040,Hydrant,Hydrant,34.95621645,-90.04089587,red,Hydrant
31468041,Hydrant,Hydrant,34.95337645,-90.04107587,red,Hydrant
31468042,Hydrant,Hydrant,34.94862645,-90.03651587,red,Hydrant
31468043,Hydrant,Hydrant,34.94789645,-90.05278587,red,Hydrant
31468044,Hydrant,Hydrant,34.94653645,-90.05261587,red,Hydrant
31468045,Hydrant,Hydrant,34.94519645,-90.05273587,red,Hydrant
31468046,Hydrant,Hydrant,34.94399645,-90.05274587,red,Hydrant
31468047,Hydrant,Hydrant,34.94390645,-90.05472587,red,Hydrant
31468048,Hydrant,Hydrant,34.94571645,-90.05493587,red,Hydrant
31468049,Hydrant,Hydrant,34.94406645,-90.05618587,red,Hydrant
31468050,Hydrant,Hydrant,34.94244645,-90.05466587,red,Hydrant
31468051,Hydrant,Hydrant,34.94255645,-90.05303587,red,Hydrant
31468052,Hydrant,Hydrant,34.94065645,-90.05305587,red,Hydrant
31468053,Hydrant,Hydrant,34.94069645,-90.05465587,red,Hydrant
31468054,Hydrant,Hydrant,34.94070645,-90.05610587,red,Hydrant
31468055,Hydrant,Hydrant,34.93952645,-90.05309587,red,Hydrant
31468056,Hydrant,Hydrant,34.93871645,-90.05262587,red,Hydrant
31468057,Hydrant,Hydrant,34.93791645,-90.05417587,red,Hydrant
31468058,Hydrant,Hydrant,34.93869645,-90.05507587,red,Hydrant
31468059,Hydrant,Hydrant,34.93693645,-90.05388587,red,Hydrant
31468060,Hydrant,Hydrant,34.93606645,-90.05303587,red,Hydrant
31468061,Hydrant,Hydrant,34.93542645,-90.05195587,red,Hydrant
31468062,Hydrant,Hydrant,34.94764645,-90.04680587,red,Hydrant
31468063,Hydrant,Hydrant,34.94756645,-90.04571587,red,Hydrant
31468064,Hydrant,Hydrant,34.94676645,-90.04544587,red,Hydrant
31468065,Hydrant,Hydrant,34.94683645,-90.04682587,red,Hydrant
31468066,Hydrant,Hydrant,34.94588645,-90.04544587,red,Hydrant
31468067,Hydrant,Hydrant,34.94577645,-90.04704587,red,Hydrant
31468068,Hydrant,Hydrant,34.94504645,-90.04543587,red,Hydrant
31468069,Hydrant,Hydrant,34.94500645,-90.04700587,red,Hydrant
31468070,Hydrant,Hydrant,34.94504645,-90.04389587,red,Hydrant
31468071,Hydrant,Hydrant,34.94780645,-90.04290587,red,Hydrant
31468072,Hydrant,Hydrant,34.94791645,-90.05442588,red,Hydrant
31468073,Hydrant,Hydrant,34.94798645,-90.05632588,red,Hydrant
31468074,Hydrant,Hydrant,34.94805645,-90.05826588,red,Hydrant
31468075,Hydrant,Hydrant,34.97388646,-90.05315588,red,Hydrant
31468076,Hydrant,Hydrant,34.97324646,-90.05213588,red,Hydrant
31468077,Hydrant,Hydrant,34.97280646,-90.05061588,red,Hydrant
31468078,Hydrant,Hydrant,34.97241646,-90.04912587,red,Hydrant
31468079,Hydrant,Hydrant,34.97183646,-90.04702587,red,Hydrant
31468080,Hydrant,Hydrant,34.97143646,-90.04259587,red,Hydrant
31468081,Hydrant,Hydrant,34.97107646,-90.04129587,red,Hydrant
31468082,Hydrant,Hydrant,34.97069646,-90.03979587,red,Hydrant
31468083,Hydrant,Hydrant,34.97039646,-90.04188587,red,Hydrant
31468084,Hydrant,Hydrant,34.97004646,-90.04057587,red,Hydrant
31468085,Hydrant,Hydrant,34.96958646,-90.03899587,red,Hydrant
31468086,Hydrant,Hydrant,34.96884646,-90.04292587,red,Hydrant
31468087,Hydrant,Hydrant,34.96789646,-90.04369587,red,Hydrant
31468088,Hydrant,Hydrant,34.96679646,-90.04469587,red,Hydrant
31468089,Hydrant,Hydrant,34.96562646,-90.04472587,red,Hydrant
31468090,Hydrant,Hydrant,34.96343646,-90.04458587,red,Hydrant
31468091,Hydrant,Hydrant,34.96380646,-90.04370587,red,Hydrant
31468092,Hydrant,Hydrant,34.96565646,-90.04369587,red,Hydrant
31468093,Hydrant,Hydrant,34.96684646,-90.04342587,red,Hydrant
31468094,Hydrant,Hydrant,34.96747646,-90.04292587,red,Hydrant
31468095,Hydrant,Hydrant,34.96859646,-90.04196587,red,Hydrant
31468096,Hydrant,Hydrant,34.96845646,-90.04097587,red,Hydrant
31468097,Hydrant,Hydrant,34.96747646,-90.04171587,red,Hydrant
31468098,Hydrant,Hydrant,34.96642646,-90.04266587,red,Hydrant
31468099,Hydrant,Hydrant,34.96388646,-90.04277587,red,Hydrant
31468100,Hydrant,Hydrant,34.96556646,-90.04274587,red,Hydrant
31468101,Hydrant,Hydrant,34.96762646,-90.04038587,red,Hydrant
31468102,Hydrant,Hydrant,34.96700646,-90.03969587,red,Hydrant
31468103,Hydrant,Hydrant,34.96666646,-90.03881587,red,Hydrant
31468104,Hydrant,Hydrant,34.96772646,-90.03772587,red,Hydrant
31468105,Hydrant,Hydrant,34.96623646,-90.03786587,red,Hydrant
31468106,Hydrant,Hydrant,34.96539646,-90.03960587,red,Hydrant
31468107,Hydrant,Hydrant,34.96418646,-90.03925587,red,Hydrant
31468108,Hydrant,Hydrant,34.96376646,-90.03988587,red,Hydrant
31468109,Hydrant,Hydrant,34.96376646,-90.04088587,red,Hydrant
31468110,Hydrant,Hydrant,34.96425646,-90.04182587,red,Hydrant
31468111,Hydrant,Hydrant,34.96489646,-90.04150587,red,Hydrant
31468112,Hydrant,Hydrant,34.96453646,-90.04067587,red,Hydrant
31468113,Hydrant,Hydrant,34.96732646,-90.04585587,red,Hydrant
31468114,Hydrant,Hydrant,34.96790646,-90.04632587,red,Hydrant
31468115,Hydrant,Hydrant,34.96878646,-90.04630587,red,Hydrant
31468116,Hydrant,Hydrant,34.96643646,-90.04605587,red,Hydrant
31468117,Hydrant,Hydrant,34.96535646,-90.04613587,red,Hydrant
31468118,Hydrant,Hydrant,34.96620646,-90.04590587,red,Hydrant
31468119,Hydrant,Hydrant,34.96474646,-90.04621587,red,Hydrant
31468120,Hydrant,Hydrant,34.96391646,-90.04629587,red,Hydrant
31468121,Hydrant,Hydrant,34.96283645,-90.04613587,red,Hydrant
31468122,Hydrant,Hydrant,34.96286646,-90.04551587,red,Hydrant
31468123,Hydrant,Hydrant,34.96286646,-90.03987587,red,Hydrant
31468124,Hydrant,Hydrant,34.96926646,-90.04383587,red,Hydrant
31468125,Hydrant,Hydrant,34.96972646,-90.04534587,red,Hydrant
31468126,Hydrant,Hydrant,34.97018646,-90.04685587,red,Hydrant
31468127,Hydrant,Hydrant,34.97062646,-90.04853587,red,Hydrant
31468128,Hydrant,Hydrant,34.96898646,-90.04790587,red,Hydrant
31468129,Hydrant,Hydrant,34.96754646,-90.04766587,red,Hydrant
31468130,Hydrant,Hydrant,34.96666646,-90.04803587,red,Hydrant
31468131,Hydrant,Hydrant,34.96777646,-90.04845587,red,Hydrant
31468132,Hydrant,Hydrant,34.96898646,-90.04907587,red,Hydrant
31468133,Hydrant,Hydrant,34.97036646,-90.05007588,red,Hydrant
31468134,Hydrant,Hydrant,34.96966646,-90.05134588,red,Hydrant
31468135,Hydrant,Hydrant,34.96926646,-90.05045588,red,Hydrant
31468136,Hydrant,Hydrant,34.96786646,-90.04951587,red,Hydrant
31468137,Hydrant,Hydrant,34.96648646,-90.04959587,red,Hydrant
31468138,Hydrant,Hydrant,34.96698646,-90.05038587,red,Hydrant
31468139,Hydrant,Hydrant,34.96823646,-90.05072587,red,Hydrant
31468140,Hydrant,Hydrant,34.96729646,-90.05271588,red,Hydrant
31468141,Hydrant,Hydrant,34.96471646,-90.05246588,red,Hydrant
31468142,Hydrant,Hydrant,34.96489646,-90.05140587,red,Hydrant
31468143,Hydrant,Hydrant,34.96740646,-90.05133588,red,Hydrant
31468144,Hydrant,Hydrant,34.96895646,-90.05224588,red,Hydrant
31468145,Hydrant,Hydrant,34.96790646,-90.05420588,red,Hydrant
31468146,Hydrant,Hydrant,34.96577646,-90.05447588,red,Hydrant
31468147,Hydrant,Hydrant,34.96367645,-90.05228588,red,Hydrant
31468148,Hydrant,Hydrant,34.96339645,-90.05446588,red,Hydrant
31468149,Hydrant,Hydrant,34.96331645,-90.05047587,red,Hydrant
31468150,Hydrant,Hydrant,34.96283645,-90.05151587,red,Hydrant
31468151,Hydrant,Hydrant,34.96285645,-90.05325587,red,Hydrant
31468152,Hydrant,Hydrant,34.96295645,-90.05555588,red,Hydrant
31468153,Hydrant,Hydrant,34.96285645,-90.05645588,red,Hydrant
31468154,Hydrant,Hydrant,34.96297645,-90.05749588,red,Hydrant
31468155,Hydrant,Hydrant,34.96433646,-90.05700588,red,Hydrant
31468156,Hydrant,Hydrant,34.96533645,-90.05657588,red,Hydrant
31468157,Hydrant,Hydrant,34.96584646,-90.05564588,red,Hydrant
31468158,Hydrant,Hydrant,34.96443645,-90.05582588,red,Hydrant
31468159,Hydrant,Hydrant,34.96713646,-90.05555588,red,Hydrant
31468160,Hydrant,Hydrant,34.96715646,-90.05649588,red,Hydrant
31468161,Hydrant,Hydrant,34.96630646,-90.05798588,red,Hydrant
31468162,Hydrant,Hydrant,34.96586646,-90.05711588,red,Hydrant
31468163,Hydrant,Hydrant,34.96552645,-90.05841588,red,Hydrant
31468164,Hydrant,Hydrant,34.96554645,-90.05965588,red,Hydrant
31468165,Hydrant,Hydrant,34.96479645,-90.05885588,red,Hydrant
31468166,Hydrant,Hydrant,34.96482645,-90.06026588,red,Hydrant
31468167,Hydrant,Hydrant,34.96404645,-90.05987588,red,Hydrant
31468168,Hydrant,Hydrant,34.96404645,-90.05879588,red,Hydrant
31468169,Hydrant,Hydrant,34.96292646,-90.05814588,red,Hydrant
31468170,Hydrant,Hydrant,34.96297645,-90.05939588,red,Hydrant
31468171,Hydrant,Hydrant,34.96324646,-90.06027588,red,Hydrant
31468172,Hydrant,Hydrant,34.97189646,-90.05998588,red,Hydrant
31468173,Hydrant,Hydrant,34.96992646,-90.05993588,red,Hydrant
31468174,Hydrant,Hydrant,34.97190646,-90.05844588,red,Hydrant
31468175,Hydrant,Hydrant,34.96890646,-90.05636588,red,Hydrant
31468176,Hydrant,Hydrant,34.97300646,-90.05719588,red,Hydrant
31468177,Hydrant,Hydrant,34.97243646,-90.05510588,red,Hydrant
31468178,Hydrant,Hydrant,34.97069646,-90.05877588,red,Hydrant
31468179,Hydrant,Hydrant,34.97135646,-90.05756588,red,Hydrant
31468180,Hydrant,Hydrant,34.97135646,-90.05444588,red,Hydrant
31468181,Hydrant,Hydrant,34.96974646,-90.05664588,red,Hydrant
31468182,Hydrant,Hydrant,34.96880646,-90.05895588,red,Hydrant
31468183,Hydrant,Hydrant,34.96976646,-90.05874588,red,Hydrant
31468184,Hydrant,Hydrant,34.97040646,-90.05745588,red,Hydrant
31468185,Hydrant,Hydrant,34.97117646,-90.05594588,red,Hydrant
31468186,Hydrant,Hydrant,34.97009646,-90.05386588,red,Hydrant
31468187,Hydrant,Hydrant,34.96766646,-90.05902588,red,Hydrant
31468188,Hydrant,Hydrant,34.96279646,-90.03685587,red,Hydrant
31468189,Hydrant,Hydrant,34.96275646,-90.03811587,red,Hydrant
31468190,Hydrant,Hydrant,34.96417646,-90.04667587,red,Hydrant
31468191,Hydrant,Hydrant,34.96571646,-90.04673587,red,Hydrant
31468192,Hydrant,Hydrant,34.96565646,-90.04802587,red,Hydrant
31468193,Hydrant,Hydrant,34.96582646,-90.04922587,red,Hydrant
31468194,Hydrant,Hydrant,34.96527646,-90.04901587,red,Hydrant
31468195,Hydrant,Hydrant,34.96444646,-90.05003587,red,Hydrant
31468196,Hydrant,Hydrant,34.96486646,-90.04727587,red,Hydrant
31468197,Hydrant,Hydrant,34.96431646,-90.04791587,red,Hydrant
31468198,Hydrant,Hydrant,34.96387646,-90.04789587,red,Hydrant
31468199,Hydrant,Hydrant,34.96395646,-90.04886587,red,Hydrant
31468200,Hydrant,Hydrant,34.96396645,-90.04985587,red,Hydrant
31468201,Hydrant,Hydrant,34.96512646,-90.05043588,red,Hydrant
31468202,Hydrant,Hydrant,34.97154646,-90.04416587,red,Hydrant
31468203,Hydrant,Hydrant,34.97072646,-90.04335587,red,Hydrant
31468204,Hydrant,Hydrant,34.96600646,-90.05351588,red,Hydrant
31468205,Hydrant,Hydrant,34.96280646,-90.04758587,red,Hydrant
31468206,Hydrant,Hydrant,34.96276645,-90.04887587,red,Hydrant
31468207,Hydrant,Hydrant,34.96560646,-90.06060588,red,Hydrant
31468208,Hydrant,Hydrant,34.96230645,-90.05790588,red,Hydrant
31468209,Hydrant,Hydrant,34.96077645,-90.05784588,red,Hydrant
31468210,Hydrant,Hydrant,34.96030645,-90.05765588,red,Hydrant
31468211,Hydrant,Hydrant,34.96088645,-90.05647588,red,Hydrant
31468212,Hydrant,Hydrant,34.96191645,-90.05631588,red,Hydrant
31468213,Hydrant,Hydrant,34.96191645,-90.05782588,red,Hydrant
31468214,Hydrant,Hydrant,34.96075645,-90.05925588,red,Hydrant
31468215,Hydrant,Hydrant,34.96034645,-90.05985588,red,Hydrant
31468216,Hydrant,Hydrant,34.95918645,-90.05990588,red,Hydrant
31468217,Hydrant,Hydrant,34.95933645,-90.05853588,red,Hydrant
31468218,Hydrant,Hydrant,34.96106645,-90.05443588,red,Hydrant
31468219,Hydrant,Hydrant,34.96055645,-90.05370588,red,Hydrant
31468220,Hydrant,Hydrant,34.96097645,-90.05250588,red,Hydrant
31468221,Hydrant,Hydrant,34.95962645,-90.05286588,red,Hydrant
31468222,Hydrant,Hydrant,34.95868645,-90.05209587,red,Hydrant
31468223,Hydrant,Hydrant,34.95727645,-90.05502588,red,Hydrant
31468224,Hydrant,Hydrant,34.95759645,-90.05408587,red,Hydrant
31468225,Hydrant,Hydrant,34.95812645,-90.05302587,red,Hydrant
31468226,Hydrant,Hydrant,34.95823645,-90.05543588,red,Hydrant
31468227,Hydrant,Hydrant,34.95881645,-90.05403588,red,Hydrant
31468228,Hydrant,Hydrant,34.96011645,-90.05543588,red,Hydrant
31468229,Hydrant,Hydrant,34.95892645,-90.05584588,red,Hydrant
31468230,Hydrant,Hydrant,34.95599645,-90.05840588,red,Hydrant
31468231,Hydrant,Hydrant,34.95672645,-90.05881588,red,Hydrant
31468232,Hydrant,Hydrant,34.95804645,-90.05856588,red,Hydrant
31468233,Hydrant,Hydrant,34.95851645,-90.05778588,red,Hydrant
31468234,Hydrant,Hydrant,34.95794645,-90.06004588,red,Hydrant
31468235,Hydrant,Hydrant,34.95656645,-90.06006588,red,Hydrant
31468236,Hydrant,Hydrant,34.95546645,-90.06003588,red,Hydrant
31468237,Hydrant,Hydrant,34.95428645,-90.06011588,red,Hydrant
31468238,Hydrant,Hydrant,34.95307645,-90.06014588,red,Hydrant
31468239,Hydrant,Hydrant,34.95209645,-90.06000588,red,Hydrant
31468240,Hydrant,Hydrant,34.95052645,-90.06011588,red,Hydrant
31468241,Hydrant,Hydrant,34.95088645,-90.05908588,red,Hydrant
31468242,Hydrant,Hydrant,34.95221645,-90.05909588,red,Hydrant
31468243,Hydrant,Hydrant,34.95393645,-90.05914588,red,Hydrant
31468244,Hydrant,Hydrant,34.95450645,-90.05903588,red,Hydrant
31468245,Hydrant,Hydrant,34.95514645,-90.05722588,red,Hydrant
31468246,Hydrant,Hydrant,34.95580645,-90.05588588,red,Hydrant
31468247,Hydrant,Hydrant,34.95658645,-90.05396588,red,Hydrant
31468248,Hydrant,Hydrant,34.95742645,-90.05235587,red,Hydrant
31468249,Hydrant,Hydrant,34.95813645,-90.05117587,red,Hydrant
31468250,Hydrant,Hydrant,34.95883645,-90.05040587,red,Hydrant
31468251,Hydrant,Hydrant,34.96010645,-90.04970587,red,Hydrant
31468252,Hydrant,Hydrant,34.95960645,-90.04836587,red,Hydrant
31468253,Hydrant,Hydrant,34.95979645,-90.04702587,red,Hydrant
31468254,Hydrant,Hydrant,34.96040645,-90.04770587,red,Hydrant
31468255,Hydrant,Hydrant,34.95900645,-90.04700587,red,Hydrant
31468256,Hydrant,Hydrant,34.95887645,-90.04882587,red,Hydrant
31468257,Hydrant,Hydrant,34.95994645,-90.05114587,red,Hydrant
31468258,Hydrant,Hydrant,34.95809645,-90.04886587,red,Hydrant
31468259,Hydrant,Hydrant,34.95560645,-90.04780587,red,Hydrant
31468260,Hydrant,Hydrant,34.95687645,-90.04786587,red,Hydrant
31468261,Hydrant,Hydrant,34.95680645,-90.04886587,red,Hydrant
31468262,Hydrant,Hydrant,34.95659645,-90.04992587,red,Hydrant
31468263,Hydrant,Hydrant,34.95729645,-90.05094587,red,Hydrant
31468264,Hydrant,Hydrant,34.95615645,-90.05103587,red,Hydrant
31468265,Hydrant,Hydrant,34.95520645,-90.05127587,red,Hydrant
31468266,Hydrant,Hydrant,34.95535645,-90.05007587,red,Hydrant
31468267,Hydrant,Hydrant,34.95535645,-90.04897587,red,Hydrant
31468268,Hydrant,Hydrant,34.95631645,-90.05284587,red,Hydrant
31468269,Hydrant,Hydrant,34.95567645,-90.05361587,red,Hydrant
31468270,Hydrant,Hydrant,34.95501645,-90.05351588,red,Hydrant
31468271,Hydrant,Hydrant,34.95384645,-90.05348587,red,Hydrant
31468272,Hydrant,Hydrant,34.95292645,-90.05356587,red,Hydrant
31468273,Hydrant,Hydrant,34.95196645,-90.05454588,red,Hydrant
31468274,Hydrant,Hydrant,34.95329645,-90.05456588,red,Hydrant
31468275,Hydrant,Hydrant,34.95457645,-90.05465588,red,Hydrant
31468276,Hydrant,Hydrant,34.95553645,-90.05481588,red,Hydrant
31468277,Hydrant,Hydrant,34.95478645,-90.05265588,red,Hydrant
31468278,Hydrant,Hydrant,34.95343645,-90.05259587,red,Hydrant
31468279,Hydrant,Hydrant,34.95205645,-90.05336587,red,Hydrant
31468280,Hydrant,Hydrant,34.95164645,-90.05252587,red,Hydrant
31468281,Hydrant,Hydrant,34.95044645,-90.05242587,red,Hydrant
31468282,Hydrant,Hydrant,34.95110645,-90.05347587,red,Hydrant
31468283,Hydrant,Hydrant,34.95025645,-90.05412587,red,Hydrant
31468284,Hydrant,Hydrant,34.95097645,-90.05463588,red,Hydrant
31468285,Hydrant,Hydrant,34.95046645,-90.05563588,red,Hydrant
31468286,Hydrant,Hydrant,34.95023645,-90.05724588,red,Hydrant
31468287,Hydrant,Hydrant,34.95023645,-90.05842588,red,Hydrant
31468288,Hydrant,Hydrant,34.94947645,-90.05899588,red,Hydrant
31468289,Hydrant,Hydrant,34.94857645,-90.05888588,red,Hydrant
31468290,Hydrant,Hydrant,34.94935645,-90.05800588,red,Hydrant
31468291,Hydrant,Hydrant,34.94936645,-90.05679588,red,Hydrant
31468292,Hydrant,Hydrant,34.94937645,-90.05558587,red,Hydrant
31468293,Hydrant,Hydrant,34.94937645,-90.05411588,red,Hydrant
31468294,Hydrant,Hydrant,34.94950645,-90.05269587,red,Hydrant
31468295,Hydrant,Hydrant,34.94930645,-90.05162587,red,Hydrant
31468296,Hydrant,Hydrant,34.94853645,-90.05277587,red,Hydrant
31468297,Hydrant,Hydrant,34.94875645,-90.05116587,red,Hydrant
31468298,Hydrant,Hydrant,34.94874645,-90.05559587,red,Hydrant
31468299,Hydrant,Hydrant,34.94858645,-90.05680588,red,Hydrant
31468300,Hydrant,Hydrant,34.95152645,-90.05559588,red,Hydrant
31468301,Hydrant,Hydrant,34.95113645,-90.05634588,red,Hydrant
31468302,Hydrant,Hydrant,34.95110645,-90.05784588,red,Hydrant
31468303,Hydrant,Hydrant,34.95201645,-90.05740588,red,Hydrant
31468304,Hydrant,Hydrant,34.95278645,-90.05562587,red,Hydrant
31468305,Hydrant,Hydrant,34.95280645,-90.05693588,red,Hydrant
31468306,Hydrant,Hydrant,34.95280645,-90.05843588,red,Hydrant
31468307,Hydrant,Hydrant,34.95363645,-90.05740588,red,Hydrant
31468308,Hydrant,Hydrant,34.94854645,-90.05017587,red,Hydrant
31468309,Hydrant,Hydrant,34.94938645,-90.05013587,red,Hydrant
31468310,Hydrant,Hydrant,34.95045645,-90.05012587,red,Hydrant
31468311,Hydrant,Hydrant,34.95130645,-90.05015587,red,Hydrant
31468312,Hydrant,Hydrant,34.95254645,-90.05004587,red,Hydrant
31468313,Hydrant,Hydrant,34.95354645,-90.04934587,red,Hydrant
31468314,Hydrant,Hydrant,34.95418645,-90.04890587,red,Hydrant
31468315,Hydrant,Hydrant,34.94899645,-90.04468587,red,Hydrant
31468316,Hydrant,Hydrant,34.95077645,-90.04577587,red,Hydrant
31468317,Hydrant,Hydrant,34.94845645,-90.04877587,red,Hydrant
31468318,Hydrant,Hydrant,34.94859645,-90.04746587,red,Hydrant
31468319,Hydrant,Hydrant,34.94850645,-90.04610587,red,Hydrant
31468320,Hydrant,Hydrant,34.94977645,-90.04574587,red,Hydrant
31468321,Hydrant,Hydrant,34.95275645,-90.04880587,red,Hydrant
31468322,Hydrant,Hydrant,34.95315645,-90.04761587,red,Hydrant
31468323,Hydrant,Hydrant,34.95169645,-90.04521587,red,Hydrant
31468324,Hydrant,Hydrant,34.95263645,-90.04610587,red,Hydrant
31468325,Hydrant,Hydrant,34.95366645,-90.04696587,red,Hydrant
31468326,Hydrant,Hydrant,34.95458645,-90.04765587,red,Hydrant
31468327,Hydrant,Hydrant,34.95032645,-90.04865587,red,Hydrant
31468328,Hydrant,Hydrant,34.94946645,-90.04696587,red,Hydrant
31468329,Hydrant,Hydrant,34.94944645,-90.04945587,red,Hydrant
31468330,Hydrant,Hydrant,34.95208645,-90.04680587,red,Hydrant
31468331,Hydrant,Hydrant,34.95149645,-90.04787587,red,Hydrant
31468332,Hydrant,Hydrant,34.95113645,-90.04879587,red,Hydrant
31468333,Hydrant,Hydrant,34.95492645,-90.05565588,red,Hydrant
31468334,Hydrant,Hydrant,34.95366645,-90.05579587,red,Hydrant
31468335,Hydrant,Hydrant,34.94825645,-90.06040588,red,Hydrant
31468336,Hydrant,Hydrant,34.94886645,-90.06056588,red,Hydrant
31468337,Hydrant,Hydrant,34.94970645,-90.06043588,red,Hydrant
31468338,Hydrant,Hydrant,34.96193645,-90.05913488,red,Hydrant
31468339,Hydrant,Hydrant,34.96150645,-90.05170587,red,Hydrant
31468340,Hydrant,Hydrant,34.96149645,-90.05027587,red,Hydrant
31468341,Hydrant,Hydrant,34.96151645,-90.04993587,red,Hydrant
31468342,Hydrant,Hydrant,34.96188646,-90.04694587,red,Hydrant
31468343,Hydrant,Hydrant,34.96058645,-90.04691587,red,Hydrant
31468344,Hydrant,Hydrant,34.96221646,-90.05421588,red,Hydrant
31468345,Hydrant,Hydrant,34.95516645,-90.05887588,red,Hydrant
31468346,Hydrant,Hydrant,34.95681645,-90.05814588,red,Hydrant
31468347,Hydrant,Hydrant,34.95620645,-90.05650588,red,Hydrant
31468348,Hydrant,Hydrant,34.95569645,-90.05756588,red,Hydrant
31468349,Hydrant,Hydrant,34.95250645,-90.05160587,red,Hydrant
31468350,Hydrant,Hydrant,34.95028645,-90.05139587,red,Hydrant
31468351,Hydrant,Hydrant,34.95114645,-90.05125587,red,Hydrant
31468352,Hydrant,Hydrant,34.95380645,-90.05048587,red,Hydrant
31468353,Hydrant,Hydrant,34.94881645,-90.04403587,red,Hydrant
31468354,Hydrant,Hydrant,34.96280646,-90.04098587,red,Hydrant
31468355,Hydrant,Hydrant,34.96278645,-90.04235587,red,Hydrant
31468356,Hydrant,Hydrant,34.96457646,-90.05847588,red,Hydrant
31468357,Hydrant,Hydrant,34.94752645,-90.04004587,red,Hydrant
31468358,Hydrant,Hydrant,34.94675645,-90.03996587,red,Hydrant
31468359,Hydrant,Hydrant,34.94476645,-90.03955587,red,Hydrant
31468360,Hydrant,Hydrant,34.94174645,-90.03964587,red,Hydrant
31468361,Hydrant,Hydrant,34.94600645,-90.04197587,red,Hydrant
31468362,Hydrant,Hydrant,34.94431645,-90.04082587,red,Hydrant
31468363,Hydrant,Hydrant,34.94360645,-90.03914587,red,Hydrant
31468364,Hydrant,Hydrant,34.94404645,-90.03582587,red,Hydrant
31468365,Hydrant,Hydrant,34.94386645,-90.03718587,red,Hydrant
31468366,Hydrant,Hydrant,34.94330645,-90.03605587,red,Hydrant
31468367,Hydrant,Hydrant,34.94280645,-90.03700587,red,Hydrant
31468368,Hydrant,Hydrant,34.94264645,-90.03570587,red,Hydrant
31468369,Hydrant,Hydrant,34.94192645,-90.03548587,red,Hydrant
31468370,Hydrant,Hydrant,34.94132645,-90.03666587,red,Hydrant
31468371,Hydrant,Hydrant,34.94117345,-90.03550487,red,Hydrant
31468372,Hydrant,Hydrant,34.94412645,-90.04282587,red,Hydrant
31468373,Hydrant,Hydrant,34.94211645,-90.04184587,red,Hydrant
31468374,Hydrant,Hydrant,34.94790645,-90.05028587,red,Hydrant
31468375,Hydrant,Hydrant,34.94303645,-90.04744587,red,Hydrant
31468376,Hydrant,Hydrant,34.94163645,-90.04872587,red,Hydrant
31468377,Hydrant,Hydrant,34.94204645,-90.04395587,red,Hydrant
31468378,Hydrant,Hydrant,34.94010645,-90.04708587,red,Hydrant
31468379,Hydrant,Hydrant,34.94014645,-90.04506587,red,Hydrant
31468380,Hydrant,Hydrant,34.93671645,-90.04321587,red,Hydrant
31468381,Hydrant,Hydrant,34.93696645,-90.04586587,red,Hydrant
31468382,Hydrant,Hydrant,34.93794645,-90.04658587,red,Hydrant
31468383,Hydrant,Hydrant,34.93914645,-90.04759587,red,Hydrant
31468384,Hydrant,Hydrant,34.93849645,-90.04492587,red,Hydrant
31468385,Hydrant,Hydrant,34.93856645,-90.04320587,red,Hydrant
31468386,Hydrant,Hydrant,34.94073645,-90.04323587,red,Hydrant
31468387,Hydrant,Hydrant,34.94404645,-90.05196587,red,Hydrant
31468388,Hydrant,Hydrant,34.93601645,-90.05845588,red,Hydrant
31468389,Hydrant,Hydrant,34.93650645,-90.05727587,red,Hydrant
31468390,Hydrant,Hydrant,34.93366645,-90.05716587,red,Hydrant
31468391,Hydrant,Hydrant,34.93379645,-90.05517587,red,Hydrant
31468392,Hydrant,Hydrant,34.93366645,-90.05267587,red,Hydrant
31468393,Hydrant,Hydrant,34.93727645,-90.05052587,red,Hydrant
31468394,Hydrant,Hydrant,34.93632645,-90.04913587,red,Hydrant
31468395,Hydrant,Hydrant,34.93638645,-90.04845587,red,Hydrant
31468396,Hydrant,Hydrant,34.93642645,-90.04731587,red,Hydrant
31468397,Hydrant,Hydrant,34.93478645,-90.04696587,red,Hydrant
31468398,Hydrant,Hydrant,34.93443645,-90.04994587,red,Hydrant
31468399,Hydrant,Hydrant,34.93390645,-90.04927587,red,Hydrant
31468400,Hydrant,Hydrant,34.93358645,-90.04581587,red,Hydrant
31468401,Hydrant,Hydrant,34.93431645,-90.04316587,red,Hydrant
31468402,Hydrant,Hydrant,34.93375645,-90.04385587,red,Hydrant
31468403,Hydrant,Hydrant,34.93580645,-90.04592587,red,Hydrant
31468404,Hydrant,Hydrant,34.93539645,-90.04441587,red,Hydrant
31468405,Hydrant,Hydrant,34.93538645,-90.04318587,red,Hydrant
31468406,Hydrant,Hydrant,34.96671646,-90.00121586,red,Hydrant
31468407,Hydrant,Hydrant,34.96655646,-90.00275586,red,Hydrant
31468408,Hydrant,Hydrant,34.96667646,-90.00437586,red,Hydrant
31468409,Hydrant,Hydrant,34.96668646,-90.00553586,red,Hydrant
31468410,Hydrant,Hydrant,34.96622646,-90.00619586,red,Hydrant
31468411,Hydrant,Hydrant,34.96567646,-90.00556586,red,Hydrant
31468412,Hydrant,Hydrant,34.96566646,-90.00461586,red,Hydrant
31468413,Hydrant,Hydrant,34.96556646,-90.00281586,red,Hydrant
31468414,Hydrant,Hydrant,34.96606646,-90.00119586,red,Hydrant
31468415,Hydrant,Hydrant,34.96530646,-90.00142586,red,Hydrant
31468416,Hydrant,Hydrant,34.96473646,-90.00161586,red,Hydrant
31468417,Hydrant,Hydrant,34.96420646,-90.00181586,red,Hydrant
31468418,Hydrant,Hydrant,34.96466646,-90.00231586,red,Hydrant
31468419,Hydrant,Hydrant,34.96361646,-90.00201586,red,Hydrant
31468420,Hydrant,Hydrant,34.96384646,-90.00271586,red,Hydrant
31468421,Hydrant,Hydrant,34.96428646,-90.00625586,red,Hydrant
31468422,Hydrant,Hydrant,34.96392646,-90.00522586,red,Hydrant
31468423,Hydrant,Hydrant,34.96343646,-90.00423586,red,Hydrant
31468424,Hydrant,Hydrant,34.96293646,-90.00601586,red,Hydrant
31468425,Hydrant,Hydrant,34.96430646,-90.00000586,red,Hydrant
31468426,Hydrant,Hydrant,34.96285646,-90.00836586,red,Hydrant
31468427,Hydrant,Hydrant,34.96350646,-90.00938586,red,Hydrant
31468428,Hydrant,Hydrant,34.96460646,-90.00948586,red,Hydrant
31468429,Hydrant,Hydrant,34.96564646,-90.00929586,red,Hydrant
31468430,Hydrant,Hydrant,34.96666646,-90.00905586,red,Hydrant
31468431,Hydrant,Hydrant,34.96732646,-90.00879586,red,Hydrant
31468432,Hydrant,Hydrant,34.96711646,-90.00799586,red,Hydrant
31468433,Hydrant,Hydrant,34.96620646,-90.00803586,red,Hydrant
31468434,Hydrant,Hydrant,34.96517646,-90.00806586,red,Hydrant
31468435,Hydrant,Hydrant,34.96472646,-90.00778586,red,Hydrant
31468436,Hydrant,Hydrant,34.96296646,-90.01090586,red,Hydrant
31468437,Hydrant,Hydrant,34.96275646,-90.01307586,red,Hydrant
31468438,Hydrant,Hydrant,34.96280646,-90.01559586,red,Hydrant
31468439,Hydrant,Hydrant,34.96350646,-90.01551586,red,Hydrant
31468440,Hydrant,Hydrant,34.96083646,-90.01442587,red,Hydrant
31468441,Hydrant,Hydrant,34.96195646,-90.01618587,red,Hydrant
31468442,Hydrant,Hydrant,34.96251646,-90.01455586,red,Hydrant
31468443,Hydrant,Hydrant,34.96180646,-90.00940586,red,Hydrant
31468444,Hydrant,Hydrant,34.96067646,-90.00854586,red,Hydrant
31468445,Hydrant,Hydrant,34.96143646,-90.01068586,red,Hydrant
31468446,Hydrant,Hydrant,34.96245646,-90.00766586,red,Hydrant
31468447,Hydrant,Hydrant,34.96164646,-90.00711586,red,Hydrant
31468448,Hydrant,Hydrant,34.96123646,-90.00707586,red,Hydrant
31468449,Hydrant,Hydrant,34.96265646,-90.00487586,red,Hydrant
31468450,Hydrant,Hydrant,34.96189646,-90.00109586,red,Hydrant
31468451,Hydrant,Hydrant,34.96204646,-90.00151586,red,Hydrant
31468452,Hydrant,Hydrant,34.96204646,-90.00284586,red,Hydrant
31468453,Hydrant,Hydrant,34.96167646,-90.00367586,red,Hydrant
31468454,Hydrant,Hydrant,34.96078646,-90.00369586,red,Hydrant
31468455,Hydrant,Hydrant,34.96030646,-90.00370586,red,Hydrant
31468456,Hydrant,Hydrant,34.96015946,-90.00144086,red,Hydrant
31468457,Hydrant,Hydrant,34.96010646,-90.00272586,red,Hydrant
31468458,Hydrant,Hydrant,34.95882646,-90.00425586,red,Hydrant
31468459,Hydrant,Hydrant,34.95750646,-90.00475586,red,Hydrant
31468460,Hydrant,Hydrant,34.95666646,-90.00054586,red,Hydrant
31468461,Hydrant,Hydrant,34.95664646,-89.99979586,red,Hydrant
31468462,Hydrant,Hydrant,34.95615645,-90.02498587,red,Hydrant
31468463,Hydrant,Hydrant,34.95620646,-89.99970586,red,Hydrant
31468464,Hydrant,Hydrant,34.95494646,-89.99895586,red,Hydrant
31468465,Hydrant,Hydrant,34.95678646,-90.00123586,red,Hydrant
31468466,Hydrant,Hydrant,34.95672646,-90.00204586,red,Hydrant
31468467,Hydrant,Hydrant,34.95670646,-90.00350586,red,Hydrant
31468468,Hydrant,Hydrant,34.95603646,-90.00126586,red,Hydrant
31468469,Hydrant,Hydrant,34.95594646,-90.00296586,red,Hydrant
31468470,Hydrant,Hydrant,34.95668646,-90.00401586,red,Hydrant
31468471,Hydrant,Hydrant,34.95631646,-90.00555586,red,Hydrant
31468472,Hydrant,Hydrant,34.95672646,-90.00700586,red,Hydrant
31468473,Hydrant,Hydrant,34.95575646,-90.00710586,red,Hydrant
31468474,Hydrant,Hydrant,34.95513646,-90.00626586,red,Hydrant
31468475,Hydrant,Hydrant,34.95359646,-90.00623586,red,Hydrant
31468476,Hydrant,Hydrant,34.95247346,-90.00643786,red,Hydrant
31468477,Hydrant,Hydrant,34.95095645,-90.00634586,red,Hydrant
31468478,Hydrant,Hydrant,34.95000645,-90.00616586,red,Hydrant
31468479,Hydrant,Hydrant,34.94930645,-90.00782586,red,Hydrant
31468480,Hydrant,Hydrant,34.94927645,-90.00953586,red,Hydrant
31468481,Hydrant,Hydrant,34.94928645,-90.01121586,red,Hydrant
31468482,Hydrant,Hydrant,34.94921645,-90.01262586,red,Hydrant
31468483,Hydrant,Hydrant,34.94884645,-90.01434586,red,Hydrant
31468484,Hydrant,Hydrant,34.94849645,-90.01573586,red,Hydrant
31468485,Hydrant,Hydrant,34.94849645,-90.01616586,red,Hydrant
31468486,Hydrant,Hydrant,34.94955645,-90.01561586,red,Hydrant
31468487,Hydrant,Hydrant,34.94964645,-90.01609586,red,Hydrant
31468488,Hydrant,Hydrant,34.94633645,-90.01646586,red,Hydrant
31468489,Hydrant,Hydrant,34.94749645,-90.01637586,red,Hydrant
31468490,Hydrant,Hydrant,34.95131645,-90.01162586,red,Hydrant
31468491,Hydrant,Hydrant,34.95130645,-90.01414586,red,Hydrant
31468492,Hydrant,Hydrant,34.95184045,-90.01614486,red,Hydrant
31468493,Hydrant,Hydrant,34.95375646,-90.01339586,red,Hydrant
31468494,Hydrant,Hydrant,34.95501645,-90.01285586,red,Hydrant
31468495,Hydrant,Hydrant,34.95507646,-90.01363586,red,Hydrant
31468496,Hydrant,Hydrant,34.95502645,-90.01452586,red,Hydrant
31468497,Hydrant,Hydrant,34.95430646,-90.01463586,red,Hydrant
31468498,Hydrant,Hydrant,34.95416646,-90.01352586,red,Hydrant
31468499,Hydrant,Hydrant,34.95455645,-90.01621586,red,Hydrant
31468500,Hydrant,Hydrant,34.95497646,-90.01556586,red,Hydrant
31468501,Hydrant,Hydrant,34.95550646,-90.01595586,red,Hydrant
31468502,Hydrant,Hydrant,34.95906646,-90.01606586,red,Hydrant
31468503,Hydrant,Hydrant,34.96404646,-90.01080586,red,Hydrant
31468504,Hydrant,Hydrant,34.96411646,-90.01164586,red,Hydrant
31468505,Hydrant,Hydrant,34.94521645,-90.01638586,red,Hydrant
31468506,Hydrant,Hydrant,34.94408645,-90.01494586,red,Hydrant
31468507,Hydrant,Hydrant,34.94464645,-90.01432586,red,Hydrant
31468508,Hydrant,Hydrant,34.94454645,-90.01241586,red,Hydrant
31468509,Hydrant,Hydrant,34.94491645,-90.01302586,red,Hydrant
31468510,Hydrant,Hydrant,34.94530645,-90.01298586,red,Hydrant
31468511,Hydrant,Hydrant,34.94553645,-90.01302586,red,Hydrant
31468512,Hydrant,Hydrant,34.94500645,-90.01494586,red,Hydrant
31468513,Hydrant,Hydrant,34.94526645,-90.01527586,red,Hydrant
31468514,Hydrant,Hydrant,34.94549645,-90.01490586,red,Hydrant
31468515,Hydrant,Hydrant,34.94618645,-90.01514586,red,Hydrant
31468516,Hydrant,Hydrant,34.96345646,-90.00629586,red,Hydrant
31468517,Hydrant,Hydrant,34.96242646,-90.00227586,red,Hydrant
31468518,Hydrant,Hydrant,34.94426645,-90.01570586,red,Hydrant
31468519,Hydrant,Hydrant,34.94431645,-90.01644586,red,Hydrant
31468520,Hydrant,Hydrant,34.96384646,-90.01674587,red,Hydrant
31468521,Hydrant,Hydrant,34.94887645,-90.03092587,red,Hydrant
31468522,Hydrant,Hydrant,34.96054646,-90.00873586,red,Hydrant
31468523,Hydrant,Hydrant,34.96090646,-90.00944586,red,Hydrant
31468524,Hydrant,Hydrant,34.96172646,-90.00271586,red,Hydrant
31468525,Hydrant,Hydrant,34.96118646,-90.00255586,red,Hydrant
31468526,Hydrant,Hydrant,34.96120646,-90.00180586,red,Hydrant
31468527,Hydrant,Hydrant,34.96172646,-90.00161586,red,Hydrant
31468528,Hydrant,Hydrant,34.95922646,-89.99988586,red,Hydrant
31468529,Hydrant,Hydrant,34.95925646,-90.00094586,red,Hydrant
31468530,Hydrant,Hydrant,34.95944646,-90.00194586,red,Hydrant
31468531,Hydrant,Hydrant,34.95947646,-90.00313586,red,Hydrant
31468532,Hydrant,Hydrant,34.95883646,-90.00355586,red,Hydrant
31468533,Hydrant,Hydrant,34.95813646,-90.00355586,red,Hydrant
31468534,Hydrant,Hydrant,34.95744646,-90.00360586,red,Hydrant
31468535,Hydrant,Hydrant,34.95691646,-90.00302586,red,Hydrant
31468536,Hydrant,Hydrant,34.95690646,-90.00210586,red,Hydrant
31468537,Hydrant,Hydrant,34.95687646,-90.00102586,red,Hydrant
31468538,Hydrant,Hydrant,34.95687646,-90.00002586,red,Hydrant
31468539,Hydrant,Hydrant,34.95760646,-89.99958586,red,Hydrant
31468540,Hydrant,Hydrant,34.95838646,-89.99959586,red,Hydrant
31468541,Hydrant,Hydrant,34.94633645,-90.03402587,red,Hydrant
31468542,Hydrant,Hydrant,34.94710645,-90.03402587,red,Hydrant
31468543,Hydrant,Hydrant,34.94778645,-90.03403587,red,Hydrant
31468544,Hydrant,Hydrant,34.94798645,-90.03353587,red,Hydrant
31468545,Hydrant,Hydrant,34.94799645,-90.03243587,red,Hydrant
31468546,Hydrant,Hydrant,34.94745645,-90.03146587,red,Hydrant
31468547,Hydrant,Hydrant,34.94644645,-90.03147587,red,Hydrant
31468548,Hydrant,Hydrant,34.94561645,-90.03273587,red,Hydrant
31468549,Hydrant,Hydrant,34.94591645,-90.03372587,red,Hydrant
31468550,Hydrant,Hydrant,34.95973646,-90.00522586,red,Hydrant
31468551,Hydrant,Hydrant,34.95970646,-90.00687586,red,Hydrant
31468552,Hydrant,Hydrant,34.95153645,-90.01671586,red,Hydrant
31468553,Hydrant,Hydrant,34.94225045,-90.01718086,red,Hydrant
31468554,Hydrant,Hydrant,34.96280646,-90.01760587,red,Hydrant
31468555,Hydrant,Hydrant,34.96250646,-90.02660587,red,Hydrant
31468556,Hydrant,Hydrant,34.95882045,-90.02690487,red,Hydrant
31468557,Hydrant,Hydrant,34.95638645,-90.02640587,red,Hydrant
31468558,Hydrant,Hydrant,34.95377645,-90.01202586,red,Hydrant
31468559,Hydrant,Hydrant,34.95360646,-90.01049586,red,Hydrant
31468560,Hydrant,Hydrant,34.95292646,-90.00900586,red,Hydrant
31468561,Hydrant,Hydrant,34.95247646,-90.00746586,red,Hydrant
31468562,Hydrant,Hydrant,34.95106645,-90.00807586,red,Hydrant
31468563,Hydrant,Hydrant,34.95041645,-90.00928586,red,Hydrant
31468564,Hydrant,Hydrant,34.95056645,-90.00977586,red,Hydrant
31468565,Hydrant,Hydrant,34.95158645,-90.00928586,red,Hydrant
31468566,Hydrant,Hydrant,34.95502646,-90.01648586,red,Hydrant
31468567,Hydrant,Hydrant,34.95484645,-90.01665586,red,Hydrant
31468568,Hydrant,Hydrant,34.95067645,-90.01618586,red,Hydrant
31468569,Hydrant,Hydrant,34.96384646,-90.00762586,red,Hydrant
31468570,Hydrant,Hydrant,34.96391646,-90.00771586,red,Hydrant
31468571,Hydrant,Hydrant,34.96085646,-90.02718587,red,Hydrant
31468572,Hydrant,Hydrant,34.96000646,-90.02692587,red,Hydrant
31468573,Hydrant,Hydrant,34.96138346,-90.00893486,red,Hydrant
31468574,Hydrant,Hydrant,34.95530646,-90.00015586,red,Hydrant
31468575,Hydrant,Hydrant,34.95569646,-89.99953586,red,Hydrant
31468576,Hydrant,Hydrant,34.94883645,-90.02309587,red,Hydrant
31468577,Hydrant,Hydrant,34.94933645,-90.02439587,red,Hydrant
31468578,Hydrant,Hydrant,34.95093645,-90.02434587,red,Hydrant
31468579,Hydrant,Hydrant,34.95145645,-90.02244587,red,Hydrant
31468580,Hydrant,Hydrant,34.95145645,-90.02019587,red,Hydrant
31468581,Hydrant,Hydrant,34.95074645,-90.01811586,red,Hydrant
31468582,Hydrant,Hydrant,34.94918645,-90.01864587,red,Hydrant
31468583,Hydrant,Hydrant,34.94882645,-90.02083587,red,Hydrant
31468584,Hydrant,Hydrant,34.96397646,-90.03408587,red,Hydrant
31468585,Hydrant,Hydrant,34.96421646,-90.03258587,red,Hydrant
31468586,Hydrant,Hydrant,34.96422646,-90.03121587,red,Hydrant
31468587,Hydrant,Hydrant,34.96411646,-90.02955587,red,Hydrant
31468588,Hydrant,Hydrant,34.96502646,-90.03266587,red,Hydrant
31468589,Hydrant,Hydrant,34.96523646,-90.03444587,red,Hydrant
31468590,Hydrant,Hydrant,34.96583646,-90.03341587,red,Hydrant
31468591,Hydrant,Hydrant,34.96549646,-90.03115587,red,Hydrant
31468592,Hydrant,Hydrant,34.96691646,-90.03386587,red,Hydrant
31468593,Hydrant,Hydrant,34.96676646,-90.03226587,red,Hydrant
31468594,Hydrant,Hydrant,34.96761646,-90.03214587,red,Hydrant
31468595,Hydrant,Hydrant,34.96153646,-90.03322587,red,Hydrant
31468596,Hydrant,Hydrant,34.95933645,-90.03404587,red,Hydrant
31468597,Hydrant,Hydrant,34.95799645,-90.03291587,red,Hydrant
31468598,Hydrant,Hydrant,34.95800645,-90.03224587,red,Hydrant
31468599,Hydrant,Hydrant,34.95799646,-90.03142587,red,Hydrant
31468600,Hydrant,Hydrant,34.95439645,-90.03347587,red,Hydrant
31468601,Hydrant,Hydrant,34.95425645,-90.03072587,red,Hydrant
31468602,Hydrant,Hydrant,34.95429645,-90.02813587,red,Hydrant
31468603,Hydrant,Hydrant,34.95350645,-90.03294587,red,Hydrant
31468604,Hydrant,Hydrant,34.95350645,-90.03191587,red,Hydrant
31468605,Hydrant,Hydrant,34.95347645,-90.03083587,red,Hydrant
31468606,Hydrant,Hydrant,34.95157645,-90.03216587,red,Hydrant
31468607,Hydrant,Hydrant,34.95219645,-90.03364587,red,Hydrant
31468608,Hydrant,Hydrant,34.95118645,-90.03331587,red,Hydrant
31468609,Hydrant,Hydrant,34.95702645,-90.03399587,red,Hydrant
31468610,Hydrant,Hydrant,34.96140646,-90.02781587,red,Hydrant
31468611,Hydrant,Hydrant,34.95985646,-90.02743587,red,Hydrant
31468612,Hydrant,Hydrant,34.95604645,-90.02572587,red,Hydrant
31468613,Hydrant,Hydrant,34.95725645,-90.02563587,red,Hydrant
31468614,Hydrant,Hydrant,34.95719646,-90.02414587,red,Hydrant
31468615,Hydrant,Hydrant,34.95805645,-90.02421587,red,Hydrant
31468616,Hydrant,Hydrant,34.95810646,-90.02617587,red,Hydrant
31468617,Hydrant,Hydrant,34.96238646,-90.02763587,red,Hydrant
31468618,Hydrant,Hydrant,34.94827645,-90.03287587,red,Hydrant
31468619,Hydrant,Hydrant,34.94828645,-90.03154587,red,Hydrant
31468620,Hydrant,Hydrant,34.94821645,-90.02921587,red,Hydrant
31468621,Hydrant,Hydrant,34.94827645,-90.02414587,red,Hydrant
31468622,Hydrant,Hydrant,34.94836645,-90.01818586,red,Hydrant
31468623,Hydrant,Hydrant,34.96200646,-90.02401587,red,Hydrant
31468624,Hydrant,Hydrant,34.96161646,-90.02500587,red,Hydrant
31468625,Hydrant,Hydrant,34.96154646,-90.02246587,red,Hydrant
31468626,Hydrant,Hydrant,34.96057646,-90.02240587,red,Hydrant
31468627,Hydrant,Hydrant,34.96015646,-90.02134587,red,Hydrant
31468628,Hydrant,Hydrant,34.96018646,-90.02012587,red,Hydrant
31468629,Hydrant,Hydrant,34.95945646,-90.02086587,red,Hydrant
31468630,Hydrant,Hydrant,34.96018646,-90.01945587,red,Hydrant
31468631,Hydrant,Hydrant,34.96012646,-90.01748587,red,Hydrant
31468632,Hydrant,Hydrant,34.96014646,-90.01851587,red,Hydrant
31468633,Hydrant,Hydrant,34.96119646,-90.02083587,red,Hydrant
31468634,Hydrant,Hydrant,34.96173646,-90.02066587,red,Hydrant
31468635,Hydrant,Hydrant,34.96219646,-90.02140587,red,Hydrant
31468636,Hydrant,Hydrant,34.96164646,-90.01702587,red,Hydrant
31468637,Hydrant,Hydrant,34.95278645,-90.01657586,red,Hydrant
31468638,Hydrant,Hydrant,34.95060645,-90.01661586,red,Hydrant
31468639,Hydrant,Hydrant,34.94956645,-90.01670586,red,Hydrant
31468640,Hydrant,Hydrant,34.95444645,-90.01660586,red,Hydrant
31468641,Hydrant,Hydrant,34.95449645,-90.01812587,red,Hydrant
31468642,Hydrant,Hydrant,34.95293645,-90.01754587,red,Hydrant
31468643,Hydrant,Hydrant,34.95363645,-90.01836586,red,Hydrant
31468644,Hydrant,Hydrant,34.95418645,-90.01946587,red,Hydrant
31468645,Hydrant,Hydrant,34.95467646,-90.02038587,red,Hydrant
31468646,Hydrant,Hydrant,34.95489645,-90.02179587,red,Hydrant
31468647,Hydrant,Hydrant,34.95411645,-90.02076587,red,Hydrant
31468648,Hydrant,Hydrant,34.95385645,-90.02228587,red,Hydrant
31468649,Hydrant,Hydrant,34.95310645,-90.02190587,red,Hydrant
31468650,Hydrant,Hydrant,34.95311645,-90.02030587,red,Hydrant
31468651,Hydrant,Hydrant,34.95271645,-90.01938587,red,Hydrant
31468652,Hydrant,Hydrant,34.95355645,-90.01687587,red,Hydrant
31468653,Hydrant,Hydrant,34.94910645,-90.02840587,red,Hydrant
31468654,Hydrant,Hydrant,34.96089646,-90.03196587,red,Hydrant
31468655,Hydrant,Hydrant,34.96277646,-90.03386587,red,Hydrant
31468656,Hydrant,Hydrant,34.96281646,-90.03218587,red,Hydrant
31468657,Hydrant,Hydrant,34.96278646,-90.03051587,red,Hydrant
31468658,Hydrant,Hydrant,34.96292646,-90.02759587,red,Hydrant
31468659,Hydrant,Hydrant,34.96278646,-90.02546587,red,Hydrant
31468660,Hydrant,Hydrant,34.96296646,-90.02125587,red,Hydrant
31468661,Hydrant,Hydrant,34.96329646,-90.02034587,red,Hydrant
31468662,Hydrant,Hydrant,34.96381646,-90.01879587,red,Hydrant
31468663,Hydrant,Hydrant,34.96417646,-90.01871587,red,Hydrant
31468664,Hydrant,Hydrant,34.96390646,-90.01987587,red,Hydrant
31468665,Hydrant,Hydrant,34.96292646,-90.01902587,red,Hydrant
31468666,Hydrant,Hydrant,34.96307646,-90.01707587,red,Hydrant
31468667,Hydrant,Hydrant,34.95307645,-90.02181587,red,Hydrant
31468668,Hydrant,Hydrant,34.95187645,-90.02823587,red,Hydrant
31468669,Hydrant,Hydrant,34.95193645,-90.02921587,red,Hydrant
31468670,Hydrant,Hydrant,34.94597645,-90.02587587,red,Hydrant
31468671,Hydrant,Hydrant,34.94435645,-90.02566587,red,Hydrant
31468672,Hydrant,Hydrant,34.94324645,-90.02546587,red,Hydrant
31468673,Hydrant,Hydrant,34.94197645,-90.02545587,red,Hydrant
31468674,Hydrant,Hydrant,34.94064645,-90.02433587,red,Hydrant
31468675,Hydrant,Hydrant,34.93969645,-90.02405587,red,Hydrant
31468676,Hydrant,Hydrant,34.93824645,-90.02378587,red,Hydrant
31468677,Hydrant,Hydrant,34.93647645,-90.02328587,red,Hydrant
31468678,Hydrant,Hydrant,34.93521645,-90.02296587,red,Hydrant
31468679,Hydrant,Hydrant,34.93190645,-90.02288586,red,Hydrant
31468680,Hydrant,Hydrant,34.93097645,-90.02235587,red,Hydrant
31468681,Hydrant,Hydrant,34.92980645,-90.02270587,red,Hydrant
31468682,Hydrant,Hydrant,34.92812645,-90.01992586,red,Hydrant
31468683,Hydrant,Hydrant,34.92965645,-90.01830586,red,Hydrant
31468684,Hydrant,Hydrant,34.93064645,-90.01966586,red,Hydrant
31468685,Hydrant,Hydrant,34.93156645,-90.01951586,red,Hydrant
31468686,Hydrant,Hydrant,34.93157645,-90.01831586,red,Hydrant
31468687,Hydrant,Hydrant,34.93196645,-90.01622586,red,Hydrant
31468688,Hydrant,Hydrant,34.93118645,-90.01710586,red,Hydrant
31468689,Hydrant,Hydrant,34.93105645,-90.01598586,red,Hydrant
31468690,Hydrant,Hydrant,34.93021645,-90.01548586,red,Hydrant
31468691,Hydrant,Hydrant,34.93011645,-90.01713586,red,Hydrant
31468692,Hydrant,Hydrant,34.93240645,-90.01850586,red,Hydrant
31468693,Hydrant,Hydrant,34.93713645,-90.01896586,red,Hydrant
31468694,Hydrant,Hydrant,34.93817645,-90.01944586,red,Hydrant
31468695,Hydrant,Hydrant,34.93955645,-90.02012586,red,Hydrant
31468696,Hydrant,Hydrant,34.94091645,-90.02078586,red,Hydrant
31468697,Hydrant,Hydrant,34.94284645,-90.02092586,red,Hydrant
31468698,Hydrant,Hydrant,34.94469645,-90.02102586,red,Hydrant
31468699,Hydrant,Hydrant,34.94575645,-90.02024587,red,Hydrant
31468700,Hydrant,Hydrant,34.94588645,-90.02145587,red,Hydrant
31468701,Hydrant,Hydrant,34.94587645,-90.02303587,red,Hydrant
31468702,Hydrant,Hydrant,34.94577645,-90.02469587,red,Hydrant
31468703,Hydrant,Hydrant,34.94503645,-90.02237587,red,Hydrant
31468704,Hydrant,Hydrant,34.94397645,-90.02119586,red,Hydrant
31468705,Hydrant,Hydrant,34.94398645,-90.02245587,red,Hydrant
31468706,Hydrant,Hydrant,34.94398645,-90.02401587,red,Hydrant
31468707,Hydrant,Hydrant,34.94316645,-90.02411587,red,Hydrant
31468708,Hydrant,Hydrant,34.94313645,-90.02257587,red,Hydrant
31468709,Hydrant,Hydrant,34.94145645,-90.02410587,red,Hydrant
31468710,Hydrant,Hydrant,34.94153645,-90.02276587,red,Hydrant
31468711,Hydrant,Hydrant,34.94249645,-90.02183587,red,Hydrant
31468712,Hydrant,Hydrant,34.94152645,-90.02124587,red,Hydrant
31468713,Hydrant,Hydrant,34.94173645,-90.01914586,red,Hydrant
31468714,Hydrant,Hydrant,34.94177645,-90.01836586,red,Hydrant
31468715,Hydrant,Hydrant,34.94083645,-90.01696586,red,Hydrant
31468716,Hydrant,Hydrant,34.94010645,-90.01790586,red,Hydrant
31468717,Hydrant,Hydrant,34.94072645,-90.01875586,red,Hydrant
31468718,Hydrant,Hydrant,34.93955645,-90.02222586,red,Hydrant
31468719,Hydrant,Hydrant,34.93809645,-90.01699586,red,Hydrant
31468720,Hydrant,Hydrant,34.93921645,-90.01749586,red,Hydrant
31468721,Hydrant,Hydrant,34.93789645,-90.01824586,red,Hydrant
31468722,Hydrant,Hydrant,34.93661645,-90.02007586,red,Hydrant
31468723,Hydrant,Hydrant,34.93655645,-90.02184586,red,Hydrant
31468724,Hydrant,Hydrant,34.93609645,-90.01878586,red,Hydrant
31468725,Hydrant,Hydrant,34.93609645,-90.01708586,red,Hydrant
31468726,Hydrant,Hydrant,34.93655645,-90.01567586,red,Hydrant
31468727,Hydrant,Hydrant,34.93719645,-90.02678587,red,Hydrant
31468728,Hydrant,Hydrant,34.93829645,-90.02706587,red,Hydrant
31468729,Hydrant,Hydrant,34.94035645,-90.02767587,red,Hydrant
31468730,Hydrant,Hydrant,34.94085645,-90.02938587,red,Hydrant
31468731,Hydrant,Hydrant,34.94088645,-90.03094587,red,Hydrant
31468732,Hydrant,Hydrant,34.94086645,-90.03223587,red,Hydrant
31468733,Hydrant,Hydrant,34.94090645,-90.03330587,red,Hydrant
31468734,Hydrant,Hydrant,34.94023645,-90.03401587,red,Hydrant
31468735,Hydrant,Hydrant,34.93870645,-90.03390587,red,Hydrant
31468736,Hydrant,Hydrant,34.93822645,-90.03297587,red,Hydrant
31468737,Hydrant,Hydrant,34.93815645,-90.03141587,red,Hydrant
31468738,Hydrant,Hydrant,34.93893645,-90.02954587,red,Hydrant
31468739,Hydrant,Hydrant,34.93930645,-90.02849587,red,Hydrant
31468740,Hydrant,Hydrant,34.93750645,-90.02873587,red,Hydrant
31468741,Hydrant,Hydrant,34.93541645,-90.02689587,red,Hydrant
31468742,Hydrant,Hydrant,34.93606645,-90.02946587,red,Hydrant
31468743,Hydrant,Hydrant,34.93333645,-90.03005587,red,Hydrant
31468744,Hydrant,Hydrant,34.93119645,-90.02921587,red,Hydrant
31468745,Hydrant,Hydrant,34.93022645,-90.02824587,red,Hydrant
31468746,Hydrant,Hydrant,34.93120645,-90.02597587,red,Hydrant
31468747,Hydrant,Hydrant,34.92844645,-90.02520587,red,Hydrant
31468748,Hydrant,Hydrant,34.93333645,-90.03333587,red,Hydrant
31468749,Hydrant,Hydrant,34.93132645,-90.03329587,red,Hydrant
31468750,Hydrant,Hydrant,34.92913645,-90.03297587,red,Hydrant
31468751,Hydrant,Hydrant,34.92680645,-90.03250587,red,Hydrant
31468752,Hydrant,Hydrant,34.92692645,-90.02928587,red,Hydrant
31468753,Hydrant,Hydrant,34.92698645,-90.02784587,red,Hydrant
31468754,Hydrant,Hydrant,34.92818645,-90.03111587,red,Hydrant
31468755,Hydrant,Hydrant,34.92542645,-90.03193587,red,Hydrant
31468756,Hydrant,Hydrant,34.92434645,-90.03183587,red,Hydrant
31468757,Hydrant,Hydrant,34.92278645,-90.03150587,red,Hydrant
31468758,Hydrant,Hydrant,34.92255645,-90.03343587,red,Hydrant
31468759,Hydrant,Hydrant,34.92186645,-90.03174587,red,Hydrant
31468760,Hydrant,Hydrant,34.91988645,-90.03173587,red,Hydrant
31468761,Hydrant,Hydrant,34.91901645,-90.02421586,red,Hydrant
31468762,Hydrant,Hydrant,34.91890645,-90.02180586,red,Hydrant
31468763,Hydrant,Hydrant,34.91935645,-90.02291586,red,Hydrant
31468764,Hydrant,Hydrant,34.92047645,-90.02316586,red,Hydrant
31468765,Hydrant,Hydrant,34.92191645,-90.02276586,red,Hydrant
31468766,Hydrant,Hydrant,34.92182645,-90.02439586,red,Hydrant
31468767,Hydrant,Hydrant,34.92062645,-90.02432586,red,Hydrant
31468768,Hydrant,Hydrant,34.92313645,-90.02315586,red,Hydrant
31468769,Hydrant,Hydrant,34.92441645,-90.02390587,red,Hydrant
31468770,Hydrant,Hydrant,34.92429645,-90.02525587,red,Hydrant
31468771,Hydrant,Hydrant,34.92434645,-90.02586587,red,Hydrant
31468772,Hydrant,Hydrant,34.92440645,-90.02820587,red,Hydrant
31468773,Hydrant,Hydrant,34.92440645,-90.02991587,red,Hydrant
31468774,Hydrant,Hydrant,34.91910645,-90.02512587,red,Hydrant
31468775,Hydrant,Hydrant,34.91895645,-90.02668586,red,Hydrant
31468776,Hydrant,Hydrant,34.91906645,-90.02916587,red,Hydrant
31468777,Hydrant,Hydrant,34.91910645,-90.03048587,red,Hydrant
31468778,Hydrant,Hydrant,34.91909645,-90.03222587,red,Hydrant
31468779,Hydrant,Hydrant,34.93337645,-90.03220587,red,Hydrant
31468780,Hydrant,Hydrant,34.93375645,-90.02686587,red,Hydrant
31468781,Hydrant,Hydrant,34.93338645,-90.02619587,red,Hydrant
31468782,Hydrant,Hydrant,34.93360645,-90.02320586,red,Hydrant
31468783,Hydrant,Hydrant,34.93338645,-90.02174586,red,Hydrant
31468784,Hydrant,Hydrant,34.93370645,-90.02120586,red,Hydrant
31468785,Hydrant,Hydrant,34.93337645,-90.01924586,red,Hydrant
31468786,Hydrant,Hydrant,34.93371645,-90.01920586,red,Hydrant
31468787,Hydrant,Hydrant,34.93379645,-90.01749586,red,Hydrant
31468788,Hydrant,Hydrant,34.93343645,-90.01415586,red,Hydrant
31468789,Hydrant,Hydrant,34.92432645,-90.01166586,red,Hydrant
31468790,Hydrant,Hydrant,34.92469645,-90.01202586,red,Hydrant
31468791,Hydrant,Hydrant,34.92445645,-90.01322586,red,Hydrant
31468792,Hydrant,Hydrant,34.92442645,-90.01415586,red,Hydrant
31468793,Hydrant,Hydrant,34.92453645,-90.01502586,red,Hydrant
31468794,Hydrant,Hydrant,34.92521645,-90.01595586,red,Hydrant
31468795,Hydrant,Hydrant,34.92545245,-90.01562686,red,Hydrant
31468796,Hydrant,Hydrant,34.92580645,-90.01602586,red,Hydrant
31468797,Hydrant,Hydrant,34.92516645,-90.01465586,red,Hydrant
31468798,Hydrant,Hydrant,34.92573645,-90.01377586,red,Hydrant
31468799,Hydrant,Hydrant,34.92551645,-90.01292586,red,Hydrant
31468800,Hydrant,Hydrant,34.92637645,-90.01314586,red,Hydrant
31468801,Hydrant,Hydrant,34.92928645,-90.01188586,red,Hydrant
31468802,Hydrant,Hydrant,34.94802645,-90.02040587,red,Hydrant
31468803,Hydrant,Hydrant,34.92796645,-90.01211586,red,Hydrant
31468804,Hydrant,Hydrant,34.92845645,-90.01155586,red,Hydrant
31468805,Hydrant,Hydrant,34.92702645,-90.01099586,red,Hydrant
31468806,Hydrant,Hydrant,34.94718645,-90.02257587,red,Hydrant
31468807,Hydrant,Hydrant,34.94723645,-90.02200587,red,Hydrant
31468808,Hydrant,Hydrant,34.94723645,-90.02122587,red,Hydrant
31468809,Hydrant,Hydrant,34.94170645,-90.01640586,red,Hydrant
31468810,Hydrant,Hydrant,34.94232645,-90.02436587,red,Hydrant
31468811,Hydrant,Hydrant,34.93833645,-90.01547586,red,Hydrant
31468812,Hydrant,Hydrant,34.93343645,-90.01571586,red,Hydrant
31468813,Hydrant,Hydrant,34.92558645,-90.01717586,red,Hydrant
31468814,Hydrant,Hydrant,34.92637645,-90.01727586,red,Hydrant
31468815,Hydrant,Hydrant,34.92728645,-90.01743586,red,Hydrant
31468816,Hydrant,Hydrant,34.92887645,-90.01723586,red,Hydrant
31468817,Hydrant,Hydrant,34.92925645,-90.01683586,red,Hydrant
31468818,Hydrant,Hydrant,34.92784645,-90.01822586,red,Hydrant
31468819,Hydrant,Hydrant,34.92681645,-90.01856586,red,Hydrant
31468820,Hydrant,Hydrant,34.92596645,-90.01836586,red,Hydrant
31468821,Hydrant,Hydrant,34.94804645,-90.01766586,red,Hydrant
31468822,Hydrant,Hydrant,34.94839645,-90.03023587,red,Hydrant
31468823,Hydrant,Hydrant,34.92482645,-90.01060586,red,Hydrant
31468824,Hydrant,Hydrant,34.92712645,-90.01297586,red,Hydrant
31468825,Hydrant,Hydrant,34.93289645,-90.01323586,red,Hydrant
31468826,Hydrant,Hydrant,34.92712045,-90.01985686,red,Hydrant
31468827,Hydrant,Hydrant,34.93373645,-90.01578586,red,Hydrant
31468828,Hydrant,Hydrant,34.92406645,-90.00958586,red,Hydrant
31468829,Hydrant,Hydrant,34.94581645,-90.01600586,red,Hydrant
31468830,Hydrant,Hydrant,34.92230645,-90.00906586,red,Hydrant
31468831,Hydrant,Hydrant,34.92205645,-90.00997586,red,Hydrant
31468832,Hydrant,Hydrant,34.92186645,-90.01068586,red,Hydrant
31468833,Hydrant,Hydrant,34.92209645,-90.01154586,red,Hydrant
31468834,Hydrant,Hydrant,34.92182645,-90.01234586,red,Hydrant
31468835,Hydrant,Hydrant,34.92207645,-90.01318586,red,Hydrant
31468836,Hydrant,Hydrant,34.92181645,-90.01402586,red,Hydrant
31468837,Hydrant,Hydrant,34.92069645,-90.01413586,red,Hydrant
31468838,Hydrant,Hydrant,34.91974645,-90.01372586,red,Hydrant
31468839,Hydrant,Hydrant,34.91972645,-90.01217586,red,Hydrant
31468840,Hydrant,Hydrant,34.91933645,-90.01111586,red,Hydrant
31468841,Hydrant,Hydrant,34.91984645,-90.00966586,red,Hydrant
31468842,Hydrant,Hydrant,34.92073645,-90.00975586,red,Hydrant
31468843,Hydrant,Hydrant,34.92156645,-90.01022586,red,Hydrant
31468844,Hydrant,Hydrant,34.92149645,-90.01381586,red,Hydrant
31468845,Hydrant,Hydrant,34.92281645,-90.01350586,red,Hydrant
31468846,Hydrant,Hydrant,34.92335645,-90.01316586,red,Hydrant
31468847,Hydrant,Hydrant,34.92333645,-90.01002586,red,Hydrant
31468848,Hydrant,Hydrant,34.92335645,-90.01316586,red,Hydrant
31468849,Hydrant,Hydrant,34.92330645,-90.00973586,red,Hydrant
31468850,Hydrant,Hydrant,34.92286645,-90.00978586,red,Hydrant
31468851,Hydrant,Hydrant,34.92228645,-90.01349586,red,Hydrant
31468852,Hydrant,Hydrant,34.92329645,-90.01350586,red,Hydrant
31468853,Hydrant,Hydrant,34.92334645,-90.01547586,red,Hydrant
31468854,Hydrant,Hydrant,34.92331645,-90.01690586,red,Hydrant
31468855,Hydrant,Hydrant,34.92283645,-90.01724586,red,Hydrant
31468856,Hydrant,Hydrant,34.92205645,-90.01718586,red,Hydrant
31468857,Hydrant,Hydrant,34.92218645,-90.01573586,red,Hydrant
31468858,Hydrant,Hydrant,34.92218645,-90.01448586,red,Hydrant
31468859,Hydrant,Hydrant,34.92188645,-90.01542586,red,Hydrant
31468860,Hydrant,Hydrant,34.92189645,-90.01685586,red,Hydrant
31468861,Hydrant,Hydrant,34.92361645,-90.01454586,red,Hydrant
31468862,Hydrant,Hydrant,34.92361645,-90.01455586,red,Hydrant
31468863,Hydrant,Hydrant,34.92147645,-90.01485586,red,Hydrant
31468864,Hydrant,Hydrant,34.91970645,-90.01566586,red,Hydrant
31468865,Hydrant,Hydrant,34.92070645,-90.01740586,red,Hydrant
31468866,Hydrant,Hydrant,34.91999645,-90.01691586,red,Hydrant
31468867,Hydrant,Hydrant,34.92122645,-90.01741586,red,Hydrant
31468868,Hydrant,Hydrant,34.92016645,-90.01434586,red,Hydrant
31468869,Hydrant,Hydrant,34.92201645,-90.01784586,red,Hydrant
31468870,Hydrant,Hydrant,34.92363645,-90.01873586,red,Hydrant
31468871,Hydrant,Hydrant,34.91922645,-90.01874586,red,Hydrant
31468872,Hydrant,Hydrant,34.92366645,-90.01999586,red,Hydrant
31468873,Hydrant,Hydrant,34.92338645,-90.02064586,red,Hydrant
31468874,Hydrant,Hydrant,34.92248645,-90.02061586,red,Hydrant
31468875,Hydrant,Hydrant,34.92143645,-90.02062586,red,Hydrant
31468876,Hydrant,Hydrant,34.92035645,-90.02055586,red,Hydrant
31468877,Hydrant,Hydrant,34.91944645,-90.02063586,red,Hydrant
31468878,Hydrant,Hydrant,34.91921645,-90.01997586,red,Hydrant
31468879,Hydrant,Hydrant,34.92067645,-90.01439586,red,Hydrant
31468880,Hydrant,Hydrant,34.91994645,-90.01839586,red,Hydrant
31468881,Hydrant,Hydrant,34.92103645,-90.01841586,red,Hydrant
31468882,Hydrant,Hydrant,34.97716646,-90.07227588,red,Hydrant
31468883,Hydrant,Hydrant,34.97726646,-90.07075588,red,Hydrant
31468884,Hydrant,Hydrant,34.97718646,-90.06945588,red,Hydrant
31468885,Hydrant,Hydrant,34.97717646,-90.06518588,red,Hydrant
31468886,Hydrant,Hydrant,34.97714646,-90.06223588,red,Hydrant
31468887,Hydrant,Hydrant,34.97694646,-90.06090588,red,Hydrant
31468888,Hydrant,Hydrant,34.97596646,-90.06094588,red,Hydrant
31468889,Hydrant,Hydrant,34.97464646,-90.06082588,red,Hydrant
31468890,Hydrant,Hydrant,34.97343646,-90.06092588,red,Hydrant
31468891,Hydrant,Hydrant,34.97225646,-90.06085588,red,Hydrant
31468892,Hydrant,Hydrant,34.97149646,-90.06308588,red,Hydrant
31468893,Hydrant,Hydrant,34.97704646,-90.06769588,red,Hydrant
31468894,Hydrant,Hydrant,34.97586646,-90.06768588,red,Hydrant
31468895,Hydrant,Hydrant,34.97454646,-90.06769588,red,Hydrant
31468896,Hydrant,Hydrant,34.97327646,-90.06761588,red,Hydrant
31468897,Hydrant,Hydrant,34.97230646,-90.06773588,red,Hydrant
31468898,Hydrant,Hydrant,34.97202646,-90.06999588,red,Hydrant
31468899,Hydrant,Hydrant,34.97210646,-90.07160588,red,Hydrant
31468900,Hydrant,Hydrant,34.96996646,-90.06684588,red,Hydrant
31468901,Hydrant,Hydrant,34.96728646,-90.06636588,red,Hydrant
31468902,Hydrant,Hydrant,34.96592645,-90.06782588,red,Hydrant
31468903,Hydrant,Hydrant,34.96585645,-90.07045588,red,Hydrant
31468904,Hydrant,Hydrant,34.96915646,-90.07060588,red,Hydrant
31468905,Hydrant,Hydrant,34.96964646,-90.06405588,red,Hydrant
31468906,Hydrant,Hydrant,34.96949646,-90.06102588,red,Hydrant
31468907,Hydrant,Hydrant,34.96372646,-90.06102588,red,Hydrant
31468908,Hydrant,Hydrant,34.96349645,-90.06090588,red,Hydrant
31468909,Hydrant,Hydrant,34.96282645,-90.06165588,red,Hydrant
31468910,Hydrant,Hydrant,34.96277645,-90.06251588,red,Hydrant
31468911,Hydrant,Hydrant,34.96280645,-90.06920588,red,Hydrant
31468912,Hydrant,Hydrant,34.96286645,-90.07226588,red,Hydrant
31468913,Hydrant,Hydrant,34.96240645,-90.07690588,red,Hydrant
31468914,Hydrant,Hydrant,34.94270645,-90.07270588,red,Hydrant
31468915,Hydrant,Hydrant,34.94160645,-90.07160588,red,Hydrant
31468916,Hydrant,Hydrant,34.94280645,-90.07140588,red,Hydrant
31468917,Hydrant,Hydrant,34.94380645,-90.07130588,red,Hydrant
31468918,Hydrant,Hydrant,34.94470645,-90.07080588,red,Hydrant
31468919,Hydrant,Hydrant,34.94510645,-90.06960588,red,Hydrant
31468920,Hydrant,Hydrant,34.94580645,-90.06960588,red,Hydrant
31468921,Hydrant,Hydrant,34.94710645,-90.06960588,red,Hydrant
31468922,Hydrant,Hydrant,34.96270645,-90.06681588,red,Hydrant
31468923,Hydrant,Hydrant,34.96216645,-90.06950588,red,Hydrant
31468924,Hydrant,Hydrant,34.96025645,-90.06950588,red,Hydrant
31468925,Hydrant,Hydrant,34.95870645,-90.06954588,red,Hydrant
31468926,Hydrant,Hydrant,34.95750645,-90.06955588,red,Hydrant
31468927,Hydrant,Hydrant,34.95608645,-90.06909588,red,Hydrant
31468928,Hydrant,Hydrant,34.95609645,-90.06710588,red,Hydrant
31468929,Hydrant,Hydrant,34.95694645,-90.06665588,red,Hydrant
31468930,Hydrant,Hydrant,34.95791645,-90.06809588,red,Hydrant
31468931,Hydrant,Hydrant,34.96041645,-90.06822588,red,Hydrant
31468932,Hydrant,Hydrant,34.96157645,-90.06688588,red,Hydrant
31468933,Hydrant,Hydrant,34.96195645,-90.06855588,red,Hydrant
31468934,Hydrant,Hydrant,34.95848645,-90.06820588,red,Hydrant
31468935,Hydrant,Hydrant,34.95731645,-90.06872588,red,Hydrant
31468936,Hydrant,Hydrant,34.95674645,-90.06762588,red,Hydrant
31468937,Hydrant,Hydrant,34.95632645,-90.06565588,red,Hydrant
31468938,Hydrant,Hydrant,34.95747645,-90.06576588,red,Hydrant
31468939,Hydrant,Hydrant,34.95823645,-90.06731588,red,Hydrant
31468940,Hydrant,Hydrant,34.95978645,-90.06732588,red,Hydrant
31468941,Hydrant,Hydrant,34.96076645,-90.06651588,red,Hydrant
31468942,Hydrant,Hydrant,34.96138645,-90.06495588,red,Hydrant
31468943,Hydrant,Hydrant,34.96042645,-90.06331588,red,Hydrant
31468944,Hydrant,Hydrant,34.95974645,-90.06169588,red,Hydrant
31468945,Hydrant,Hydrant,34.95858645,-90.06147588,red,Hydrant
31468946,Hydrant,Hydrant,34.95842645,-90.06306588,red,Hydrant
31468947,Hydrant,Hydrant,34.95919645,-90.06362588,red,Hydrant
31468948,Hydrant,Hydrant,34.95920645,-90.06247588,red,Hydrant
31468949,Hydrant,Hydrant,34.95829645,-90.06546588,red,Hydrant
31468950,Hydrant,Hydrant,34.95887645,-90.06627588,red,Hydrant
31468951,Hydrant,Hydrant,34.96002645,-90.06578588,red,Hydrant
31468952,Hydrant,Hydrant,34.95835645,-90.06078588,red,Hydrant
31468953,Hydrant,Hydrant,34.95726645,-90.06114588,red,Hydrant
31468954,Hydrant,Hydrant,34.95769645,-90.06144588,red,Hydrant
31468955,Hydrant,Hydrant,34.95773645,-90.06286588,red,Hydrant
31468956,Hydrant,Hydrant,34.95718645,-90.06328588,red,Hydrant
31468957,Hydrant,Hydrant,34.95583645,-90.06298588,red,Hydrant
31468958,Hydrant,Hydrant,34.95615645,-90.06152588,red,Hydrant
31468959,Hydrant,Hydrant,34.95591645,-90.06093588,red,Hydrant
31468960,Hydrant,Hydrant,34.95694645,-90.06184588,red,Hydrant
31468961,Hydrant,Hydrant,34.95451645,-90.06160588,red,Hydrant
31468962,Hydrant,Hydrant,34.95435645,-90.06299588,red,Hydrant
31468963,Hydrant,Hydrant,34.95530645,-90.06290588,red,Hydrant
31468964,Hydrant,Hydrant,34.95528645,-90.06453588,red,Hydrant
31468965,Hydrant,Hydrant,34.95521645,-90.06674588,red,Hydrant
31468966,Hydrant,Hydrant,34.95508645,-90.06877588,red,Hydrant
31468967,Hydrant,Hydrant,34.95429645,-90.06854588,red,Hydrant
31468968,Hydrant,Hydrant,34.95433645,-90.06710588,red,Hydrant
31468969,Hydrant,Hydrant,34.95222645,-90.06704588,red,Hydrant
31468970,Hydrant,Hydrant,34.95073645,-90.06697588,red,Hydrant
31468971,Hydrant,Hydrant,34.95341645,-90.06876588,red,Hydrant
31468972,Hydrant,Hydrant,34.95336645,-90.06674588,red,Hydrant
31468973,Hydrant,Hydrant,34.95336645,-90.06531588,red,Hydrant
31468974,Hydrant,Hydrant,34.95336645,-90.06391588,red,Hydrant
31468975,Hydrant,Hydrant,34.95334645,-90.06267588,red,Hydrant
31468976,Hydrant,Hydrant,34.95186645,-90.06567588,red,Hydrant
31468977,Hydrant,Hydrant,34.95258645,-90.06539588,red,Hydrant
31468978,Hydrant,Hydrant,34.95259645,-90.06351588,red,Hydrant
31468979,Hydrant,Hydrant,34.95257645,-90.06199588,red,Hydrant
31468980,Hydrant,Hydrant,34.95160645,-90.06144588,red,Hydrant
31468981,Hydrant,Hydrant,34.95029645,-90.06309588,red,Hydrant
31468982,Hydrant,Hydrant,34.95191645,-90.06250588,red,Hydrant
31468983,Hydrant,Hydrant,34.95110645,-90.06369588,red,Hydrant
31468984,Hydrant,Hydrant,34.95112645,-90.06618588,red,Hydrant
31468985,Hydrant,Hydrant,34.95172645,-90.06460588,red,Hydrant
31468986,Hydrant,Hydrant,34.95011645,-90.06151588,red,Hydrant
31468987,Hydrant,Hydrant,34.94948645,-90.06217588,red,Hydrant
31468988,Hydrant,Hydrant,34.94944645,-90.06399588,red,Hydrant
31468989,Hydrant,Hydrant,34.94986645,-90.06087588,red,Hydrant
31468990,Hydrant,Hydrant,34.96115645,-90.06071588,red,Hydrant
31468991,Hydrant,Hydrant,34.95075645,-90.06088588,red,Hydrant
31468992,Hydrant,Hydrant,34.96260645,-90.06338588,red,Hydrant
31468993,Hydrant,Hydrant,34.96275645,-90.07006588,red,Hydrant
31468994,Hydrant,Hydrant,34.96248645,-90.07373588,red,Hydrant
31468995,Hydrant,Hydrant,34.97186646,-90.06881588,red,Hydrant
31468996,Hydrant,Hydrant,34.96270645,-90.08665588,red,Hydrant
31468997,Hydrant,Hydrant,34.96408645,-90.08679589,red,Hydrant
31468998,Hydrant,Hydrant,34.96605645,-90.08685589,red,Hydrant
31468999,Hydrant,Hydrant,34.94947645,-90.06562588,red,Hydrant
31469000,Hydrant,Hydrant,34.94943645,-90.06740588,red,Hydrant
31469001,Hydrant,Hydrant,34.94908645,-90.06821588,red,Hydrant
31469002,Hydrant,Hydrant,34.95022645,-90.06798588,red,Hydrant
31469003,Hydrant,Hydrant,34.95024645,-90.06627588,red,Hydrant
31469004,Hydrant,Hydrant,34.95023645,-90.06474588,red,Hydrant
31469005,Hydrant,Hydrant,34.96333645,-90.07114588,red,Hydrant
31469006,Hydrant,Hydrant,34.96924646,-90.07209588,red,Hydrant
31469007,Hydrant,Hydrant,34.96136645,-90.07237588,red,Hydrant
31469008,Hydrant,Hydrant,34.96048645,-90.07232588,red,Hydrant
31469009,Hydrant,Hydrant,34.96051645,-90.07396588,red,Hydrant
31469010,Hydrant,Hydrant,34.95910645,-90.07237588,red,Hydrant
31469011,Hydrant,Hydrant,34.95837645,-90.07116588,red,Hydrant
31469012,Hydrant,Hydrant,34.95793645,-90.07245588,red,Hydrant
31469013,Hydrant,Hydrant,34.95653645,-90.07235588,red,Hydrant
31469014,Hydrant,Hydrant,34.95648645,-90.07112588,red,Hydrant
31469015,Hydrant,Hydrant,34.95642645,-90.07423588,red,Hydrant
31469016,Hydrant,Hydrant,34.95641645,-90.07602588,red,Hydrant
31469017,Hydrant,Hydrant,34.95649645,-90.07761588,red,Hydrant
31469018,Hydrant,Hydrant,34.95777645,-90.07408588,red,Hydrant
31469019,Hydrant,Hydrant,34.95867645,-90.07312588,red,Hydrant
31469020,Hydrant,Hydrant,34.95872645,-90.07470588,red,Hydrant
31469021,Hydrant,Hydrant,34.95869645,-90.07653588,red,Hydrant
31469022,Hydrant,Hydrant,34.95413645,-90.07069588,red,Hydrant
31469023,Hydrant,Hydrant,34.95321845,-90.07073088,red,Hydrant
31469024,Hydrant,Hydrant,34.95325145,-90.09728289,red,Hydrant
31469025,Hydrant,Hydrant,34.95325945,-90.09637189,red,Hydrant
31469026,Hydrant,Hydrant,34.97710646,-90.06360588,red,Hydrant
31469027,Hydrant,Hydrant,34.97710646,-90.06630588,red,Hydrant
31469028,Hydrant,Hydrant,34.96327645,-90.06412588,red,Hydrant
31469029,Hydrant,Hydrant,34.96428545,-90.06465788,red,Hydrant
31469030,Hydrant,Hydrant,34.96513646,-90.06439588,red,Hydrant
31469031,Hydrant,Hydrant,34.96536646,-90.06350588,red,Hydrant
31469032,Hydrant,Hydrant,34.96537646,-90.06255588,red,Hydrant
31469033,Hydrant,Hydrant,34.96475645,-90.06196588,red,Hydrant
31469034,Hydrant,Hydrant,34.96404646,-90.06238588,red,Hydrant
31469035,Hydrant,Hydrant,34.96405245,-90.06366588,red,Hydrant
31469036,Hydrant,Hydrant,34.96375645,-90.06466588,red,Hydrant
31469037,Hydrant,Hydrant,34.94327045,-90.09308189,red,Hydrant
31469038,Hydrant,Hydrant,34.94414545,-90.09477089,red,Hydrant
31469039,Hydrant,Hydrant,34.94559645,-90.09095588,red,Hydrant
31469040,Hydrant,Hydrant,34.96142945,-90.06151988,red,Hydrant
31469041,Hydrant,Hydrant,34.97183645,-90.08849589,red,Hydrant
31469042,Hydrant,Hydrant,34.96663645,-90.08696588,red,Hydrant
31469043,Hydrant,Hydrant,34.96735645,-90.08600588,red,Hydrant
31469044,Hydrant,Hydrant,34.96744645,-90.08700588,red,Hydrant
31469045,Hydrant,Hydrant,34.96850645,-90.08700589,red,Hydrant
31469046,Hydrant,Hydrant,34.96962645,-90.08703589,red,Hydrant
31469047,Hydrant,Hydrant,34.97149645,-90.08540589,red,Hydrant
31469048,Hydrant,Hydrant,34.97278646,-90.08534589,red,Hydrant
31469049,Hydrant,Hydrant,34.97275646,-90.08658589,red,Hydrant
31469050,Hydrant,Hydrant,34.97137646,-90.08703589,red,Hydrant
31469051,Hydrant,Hydrant,34.97049645,-90.08784589,red,Hydrant
31469052,Hydrant,Hydrant,34.97613646,-90.08858589,red,Hydrant
31469053,Hydrant,Hydrant,34.97626646,-90.08932589,red,Hydrant
31469054,Hydrant,Hydrant,34.97456646,-90.08963589,red,Hydrant
31469055,Hydrant,Hydrant,34.97450646,-90.08830589,red,Hydrant
31469056,Hydrant,Hydrant,34.97324646,-90.08984589,red,Hydrant
31469057,Hydrant,Hydrant,34.97181645,-90.09039589,red,Hydrant
31469058,Hydrant,Hydrant,34.97072645,-90.09045589,red,Hydrant
31469059,Hydrant,Hydrant,34.97052646,-90.08931589,red,Hydrant
31469060,Hydrant,Hydrant,34.97616646,-90.09602589,red,Hydrant
31469061,Hydrant,Hydrant,34.96732645,-90.09557589,red,Hydrant
31469062,Hydrant,Hydrant,34.96849645,-90.09450589,red,Hydrant
31469063,Hydrant,Hydrant,34.96930645,-90.09289589,red,Hydrant
31469064,Hydrant,Hydrant,34.96948645,-90.09161589,red,Hydrant
31469065,Hydrant,Hydrant,34.96942645,-90.08997589,red,Hydrant
31469066,Hydrant,Hydrant,34.96943645,-90.08879589,red,Hydrant
31469067,Hydrant,Hydrant,34.96881645,-90.08792589,red,Hydrant
31469068,Hydrant,Hydrant,34.96770645,-90.08865589,red,Hydrant
31469069,Hydrant,Hydrant,34.96688645,-90.08790589,red,Hydrant
31469070,Hydrant,Hydrant,34.96692645,-90.08939589,red,Hydrant
31469071,Hydrant,Hydrant,34.96789645,-90.09012589,red,Hydrant
31469072,Hydrant,Hydrant,34.96732645,-90.09201589,red,Hydrant
31469073,Hydrant,Hydrant,34.96650645,-90.09095589,red,Hydrant
31469074,Hydrant,Hydrant,34.96588645,-90.08989589,red,Hydrant
31469075,Hydrant,Hydrant,34.96562645,-90.08798589,red,Hydrant
31469076,Hydrant,Hydrant,34.96570645,-90.09252589,red,Hydrant
31469077,Hydrant,Hydrant,34.96653645,-90.09334589,red,Hydrant
31469078,Hydrant,Hydrant,34.96799645,-90.09316589,red,Hydrant
31469079,Hydrant,Hydrant,34.96570645,-90.09420589,red,Hydrant
31469080,Hydrant,Hydrant,34.96567645,-90.09517589,red,Hydrant
31469082,Hydrant,Hydrant,34.96439645,-90.09520589,red,Hydrant
31469083,Hydrant,Hydrant,34.96441645,-90.09362589,red,Hydrant
31469084,Hydrant,Hydrant,34.96449645,-90.09143589,red,Hydrant
31469085,Hydrant,Hydrant,34.96226645,-90.09530589,red,Hydrant
31469086,Hydrant,Hydrant,34.96332645,-90.09480589,red,Hydrant
31469087,Hydrant,Hydrant,34.96330645,-90.09404589,red,Hydrant
31469088,Hydrant,Hydrant,34.96339645,-90.09325589,red,Hydrant
31469089,Hydrant,Hydrant,34.96335645,-90.09268589,red,Hydrant
31469090,Hydrant,Hydrant,34.96340645,-90.09204589,red,Hydrant
31469091,Hydrant,Hydrant,34.96225645,-90.09246589,red,Hydrant
31469092,Hydrant,Hydrant,34.96235645,-90.08359588,red,Hydrant
31469093,Hydrant,Hydrant,34.96219645,-90.08021588,red,Hydrant
31469094,Hydrant,Hydrant,34.96268645,-90.08881588,red,Hydrant
31469095,Hydrant,Hydrant,34.94656645,-90.09599589,red,Hydrant
31469096,Hydrant,Hydrant,34.95023645,-90.09601589,red,Hydrant
31469097,Hydrant,Hydrant,34.95228645,-90.09585589,red,Hydrant
31469098,Hydrant,Hydrant,34.95500045,-90.09585389,red,Hydrant
31469099,Hydrant,Hydrant,34.95670645,-90.09580589,red,Hydrant
31469100,Hydrant,Hydrant,34.95864645,-90.09584589,red,Hydrant
31469101,Hydrant,Hydrant,34.96056645,-90.09584589,red,Hydrant
31469102,Hydrant,Hydrant,34.94805645,-90.08760588,red,Hydrant
31469103,Hydrant,Hydrant,34.94869645,-90.08830588,red,Hydrant
31469104,Hydrant,Hydrant,34.94959645,-90.08771588,red,Hydrant
31469105,Hydrant,Hydrant,34.95045645,-90.08798588,red,Hydrant
31469106,Hydrant,Hydrant,34.95202645,-90.08761588,red,Hydrant
31469107,Hydrant,Hydrant,34.95240645,-90.08917588,red,Hydrant
31469108,Hydrant,Hydrant,34.95182645,-90.09012588,red,Hydrant
31469109,Hydrant,Hydrant,34.95153645,-90.08893588,red,Hydrant
31469110,Hydrant,Hydrant,34.95038645,-90.09012589,red,Hydrant
31469111,Hydrant,Hydrant,34.95010645,-90.08918588,red,Hydrant
31469112,Hydrant,Hydrant,34.94805645,-90.09035588,red,Hydrant
31469113,Hydrant,Hydrant,34.94781645,-90.08830588,red,Hydrant
31469114,Hydrant,Hydrant,34.94783645,-90.08706588,red,Hydrant
31469115,Hydrant,Hydrant,34.94790645,-90.08559588,red,Hydrant
31469116,Hydrant,Hydrant,34.94789645,-90.08392588,red,Hydrant
31469117,Hydrant,Hydrant,34.94780645,-90.08233588,red,Hydrant
31469118,Hydrant,Hydrant,34.94776645,-90.07991588,red,Hydrant
31469119,Hydrant,Hydrant,34.94720645,-90.08054588,red,Hydrant
31469120,Hydrant,Hydrant,34.94702645,-90.08224588,red,Hydrant
31469121,Hydrant,Hydrant,34.94695645,-90.08385588,red,Hydrant
31469122,Hydrant,Hydrant,34.94691645,-90.08571588,red,Hydrant
31469123,Hydrant,Hydrant,34.94610645,-90.08070588,red,Hydrant
31469124,Hydrant,Hydrant,34.94636645,-90.08230588,red,Hydrant
31469125,Hydrant,Hydrant,34.94568645,-90.08333588,red,Hydrant
31469126,Hydrant,Hydrant,34.94463645,-90.08285588,red,Hydrant
31469127,Hydrant,Hydrant,34.94399645,-90.08368588,red,Hydrant
31469128,Hydrant,Hydrant,34.94288645,-90.08278588,red,Hydrant
31469129,Hydrant,Hydrant,34.94185645,-90.08310588,red,Hydrant
31469130,Hydrant,Hydrant,34.94451645,-90.08140588,red,Hydrant
31469131,Hydrant,Hydrant,34.94400645,-90.07905588,red,Hydrant
31469132,Hydrant,Hydrant,34.94302645,-90.07895588,red,Hydrant
31469133,Hydrant,Hydrant,34.94165645,-90.07897588,red,Hydrant
31469134,Hydrant,Hydrant,34.94186645,-90.08061588,red,Hydrant
31469135,Hydrant,Hydrant,34.94268645,-90.08025588,red,Hydrant
31469136,Hydrant,Hydrant,34.94354645,-90.08024588,red,Hydrant
31469137,Hydrant,Hydrant,34.94108645,-90.08171588,red,Hydrant
31469138,Hydrant,Hydrant,34.94110645,-90.08847588,red,Hydrant
31469139,Hydrant,Hydrant,34.94126645,-90.09209589,red,Hydrant
31469140,Hydrant,Hydrant,34.94222645,-90.09449589,red,Hydrant
31469141,Hydrant,Hydrant,34.94219645,-90.09071588,red,Hydrant
31469142,Hydrant,Hydrant,34.94216645,-90.08748588,red,Hydrant
31469143,Hydrant,Hydrant,34.94509645,-90.09390588,red,Hydrant
31469144,Hydrant,Hydrant,34.94378645,-90.09105588,red,Hydrant
31469145,Hydrant,Hydrant,34.94626645,-90.08914588,red,Hydrant
31469146,Hydrant,Hydrant,34.94597645,-90.09448589,red,Hydrant
31469147,Hydrant,Hydrant,34.94633645,-90.09090589,red,Hydrant
31469148,Hydrant,Hydrant,34.95226645,-90.09118588,red,Hydrant
31469149,Hydrant,Hydrant,34.94106645,-90.07922588,red,Hydrant
31469150,Hydrant,Hydrant,34.94639645,-90.08488588,red,Hydrant
31469151,Hydrant,Hydrant,34.94511645,-90.08487588,red,Hydrant
31469152,Hydrant,Hydrant,34.94810645,-90.09522589,red,Hydrant
31469153,Hydrant,Hydrant,34.94806645,-90.06100588,red,Hydrant
31469154,Hydrant,Hydrant,34.94806645,-90.06193588,red,Hydrant
31469155,Hydrant,Hydrant,34.94793645,-90.06393588,red,Hydrant
31469156,Hydrant,Hydrant,34.94800645,-90.06576588,red,Hydrant
31469157,Hydrant,Hydrant,34.94794645,-90.06734588,red,Hydrant
31469158,Hydrant,Hydrant,34.94789645,-90.06905588,red,Hydrant
31469159,Hydrant,Hydrant,34.94790645,-90.07090588,red,Hydrant
31469160,Hydrant,Hydrant,34.94798645,-90.07267588,red,Hydrant
31469161,Hydrant,Hydrant,34.94796645,-90.07417588,red,Hydrant
31469162,Hydrant,Hydrant,34.94790645,-90.07605588,red,Hydrant
31469163,Hydrant,Hydrant,34.94787645,-90.07743588,red,Hydrant
31469164,Hydrant,Hydrant,34.94736645,-90.07735588,red,Hydrant
31469165,Hydrant,Hydrant,34.94633645,-90.07796588,red,Hydrant
31469166,Hydrant,Hydrant,34.94559645,-90.07766588,red,Hydrant
31469167,Hydrant,Hydrant,34.94610645,-90.07619588,red,Hydrant
31469168,Hydrant,Hydrant,34.94723645,-90.07612588,red,Hydrant
31469169,Hydrant,Hydrant,34.94824645,-90.06104588,red,Hydrant
31469170,Hydrant,Hydrant,34.94821645,-90.06370588,red,Hydrant
31469171,Hydrant,Hydrant,34.94815645,-90.06717588,red,Hydrant
31469172,Hydrant,Hydrant,34.94815645,-90.06899588,red,Hydrant
31469173,Hydrant,Hydrant,34.94815645,-90.07097588,red,Hydrant
31469174,Hydrant,Hydrant,34.94814645,-90.07286588,red,Hydrant
31469175,Hydrant,Hydrant,34.94812645,-90.07487588,red,Hydrant
31469176,Hydrant,Hydrant,34.94806645,-90.07690588,red,Hydrant
31469177,Hydrant,Hydrant,34.94793645,-90.08086588,red,Hydrant
31469178,Hydrant,Hydrant,34.94419645,-90.07796588,red,Hydrant
31469179,Hydrant,Hydrant,34.94282945,-90.07794488,red,Hydrant
31469180,Hydrant,Hydrant,34.94470645,-90.07712588,red,Hydrant
31469181,Hydrant,Hydrant,34.94807645,-90.08594588,red,Hydrant
31469182,Hydrant,Hydrant,34.94811645,-90.08425588,red,Hydrant
31469183,Hydrant,Hydrant,34.94807645,-90.08259588,red,Hydrant
31469184,Hydrant,Hydrant,34.94807645,-90.07885588,red,Hydrant
31469185,Hydrant,Hydrant,34.94804845,-90.09409289,red,Hydrant
31469186,Hydrant,Hydrant,34.96292645,-90.06594588,red,Hydrant
31469187,Hydrant,Hydrant,34.94142645,-90.07620588,red,Hydrant
31469188,Hydrant,Hydrant,34.94193645,-90.07665588,red,Hydrant
31469189,Hydrant,Hydrant,34.94238645,-90.07633588,red,Hydrant
31469190,Hydrant,Hydrant,34.94265645,-90.07705588,red,Hydrant
31469191,Hydrant,Hydrant,34.94355645,-90.07707588,red,Hydrant
31469192,Hydrant,Hydrant,34.94356645,-90.07263188,red,Hydrant
31469193,Hydrant,Hydrant,34.94413645,-90.07607588,red,Hydrant
31469194,Hydrant,Hydrant,34.94524645,-90.07634588,red,Hydrant
31469195,Hydrant,Hydrant,34.94740645,-90.07472588,red,Hydrant
31469196,Hydrant,Hydrant,34.94624645,-90.07481588,red,Hydrant
31469197,Hydrant,Hydrant,34.94526645,-90.07472588,red,Hydrant
31469198,Hydrant,Hydrant,34.94428645,-90.07467588,red,Hydrant
31469199,Hydrant,Hydrant,34.94342645,-90.07453588,red,Hydrant
31469200,Hydrant,Hydrant,34.94304645,-90.07488588,red,Hydrant
31469201,Hydrant,Hydrant,34.94235645,-90.07449588,red,Hydrant
31469202,Hydrant,Hydrant,34.94216645,-90.07517588,red,Hydrant
31469203,Hydrant,Hydrant,34.94115645,-90.07447588,red,Hydrant
31469204,Hydrant,Hydrant,34.94119645,-90.07548588,red,Hydrant
31469205,Hydrant,Hydrant,34.97064645,-90.09475589,red,Hydrant
31469206,Hydrant,Hydrant,34.97065645,-90.09306589,red,Hydrant
31469207,Hydrant,Hydrant,34.97205646,-90.09272589,red,Hydrant
31469208,Hydrant,Hydrant,34.97337646,-90.09266589,red,Hydrant
31469209,Hydrant,Hydrant,34.97436646,-90.09264589,red,Hydrant
31469210,Hydrant,Hydrant,34.97462646,-90.09372589,red,Hydrant
31469211,Hydrant,Hydrant,34.97336646,-90.09442589,red,Hydrant
31469212,Hydrant,Hydrant,34.97230646,-90.09485589,red,Hydrant
31469213,Hydrant,Hydrant,34.97053646,-90.08501589,red,Hydrant
31469214,Hydrant,Hydrant,34.97087646,-90.08374588,red,Hydrant
31469215,Hydrant,Hydrant,34.97214646,-90.08415588,red,Hydrant
31469216,Hydrant,Hydrant,34.94050645,-90.14993923,red,Hydrant
31469217,Hydrant,Hydrant,34.94155645,-90.15372257,red,Hydrant
31469218,Hydrant,Hydrant,34.94078978,-90.15358923,red,Hydrant
31469219,Hydrant,Hydrant,34.94037311,-90.15222257,red,Hydrant
31469220,Hydrant,Hydrant,34.90589554,-90.17821852,red,Hydrant
31469221,Hydrant,Hydrant,34.90564924,-90.17722804,red,Hydrant
31469222,Hydrant,Hydrant,34.90487304,-90.17627235,red,Hydrant
31469223,Hydrant,Hydrant,34.90523564,-90.17565511,red,Hydrant
31469224,Hydrant,Hydrant,34.90615894,-90.17526809,red,Hydrant
31469225,Hydrant,Hydrant,34.93290594,-90.16524284,red,Hydrant
31469226,Hydrant,Hydrant,34.93216294,-90.16433186,red,Hydrant
31469227,Hydrant,Hydrant,34.93248254,-90.16450787,red,Hydrant
31469228,Hydrant,Hydrant,34.93247144,-90.16331762,red,Hydrant
31469229,Hydrant,Hydrant,34.93127804,-90.16294048,red,Hydrant
31469230,Hydrant,Hydrant,34.94100545,-90.15490049,red,Hydrant
31469231,Hydrant,Hydrant,34.94025165,-90.15432662,red,Hydrant
31469232,Hydrant,Hydrant,34.93959055,-90.15380972,red,Hydrant
31469233,Hydrant,Hydrant,34.93993565,-90.15320909,red,Hydrant
31469234,Hydrant,Hydrant,34.93929615,-90.15263455,red,Hydrant
31469235,Hydrant,Hydrant,34.93964945,-90.15213895,red,Hydrant
31469236,Hydrant,Hydrant,34.93920915,-90.15107267,red,Hydrant
31469237,Hydrant,Hydrant,34.93417125,-90.14983131,red,Hydrant
31469238,Hydrant,Hydrant,34.86066644,-89.93119583,red,Hydrant
31469239,Hydrant,Hydrant,34.86248644,-89.95458584,red,Hydrant
31469240,Hydrant,Hydrant,34.83613643,-89.95439584,red,Hydrant
31469241,Hydrant,Hydrant,34.82981643,-89.95467584,red,Hydrant
31469242,Hydrant,Hydrant,34.83254643,-89.95435584,red,Hydrant
31469243,Hydrant,Hydrant,34.81681643,-89.94562584,red,Hydrant
31469244,Hydrant,Hydrant,34.81675643,-89.96089584,red,Hydrant
31469245,Hydrant,Hydrant,34.93317645,-90.09484589,red,Hydrant
31469246,Hydrant,Hydrant,34.90343550,-89.91901525,red,Hydrant
31469247,Hydrant,Hydrant,34.89782017,-89.92867370,red,Hydrant
31469248,Hydrant,Hydrant,34.89697933,-89.93044637,red,Hydrant
31469249,Hydrant,Hydrant,34.89654030,-89.92869876,red,Hydrant
31469250,Hydrant,Hydrant,34.89566848,-89.93063507,red,Hydrant
31469251,Hydrant,Hydrant,34.89527481,-89.92920472,red,Hydrant
31469252,Hydrant,Hydrant,34.89404336,-89.92919187,red,Hydrant
31469253,Hydrant,Hydrant,34.88872955,-89.92585406,red,Hydrant
31469254,Hydrant,Hydrant,34.89270784,-89.93008505,red,Hydrant
31469255,Hydrant,Hydrant,34.89144577,-89.92927863,red,Hydrant
31469256,Hydrant,Hydrant,34.89056846,-89.92884811,red,Hydrant
31469257,Hydrant,Hydrant,34.88973233,-89.92986815,red,Hydrant
31469258,Hydrant,Hydrant,34.88824686,-89.92994763,red,Hydrant
31469259,Hydrant,Hydrant,34.88808678,-89.92853478,red,Hydrant
31469260,Hydrant,Hydrant,34.88762305,-89.92698117,red,Hydrant
31469261,Hydrant,Hydrant,34.89256645,-89.91406402,red,Hydrant
31469262,Hydrant,Hydrant,34.89108778,-89.91216071,red,Hydrant
31469263,Hydrant,Hydrant,34.89201824,-89.91333352,red,Hydrant
31469264,Hydrant,Hydrant,34.89316533,-89.91288650,red,Hydrant
31469265,Hydrant,Hydrant,34.89437372,-89.91287406,red,Hydrant
31469266,Hydrant,Hydrant,34.89522406,-89.91341032,red,Hydrant
31469267,Hydrant,Hydrant,34.89362949,-89.91431232,red,Hydrant
31469268,Hydrant,Hydrant,34.89446891,-89.91861982,red,Hydrant
31469269,Hydrant,Hydrant,34.89448764,-89.91722592,red,Hydrant
31469270,Hydrant,Hydrant,34.89364558,-89.91756344,red,Hydrant
31469271,Hydrant,Hydrant,34.89330014,-89.91626472,red,Hydrant
31469272,Hydrant,Hydrant,34.89464807,-89.91593896,red,Hydrant
31469273,Hydrant,Hydrant,34.89670005,-89.91651713,red,Hydrant
31469274,Hydrant,Hydrant,34.89635287,-89.91798943,red,Hydrant
31469275,Hydrant,Hydrant,34.89527007,-89.91738579,red,Hydrant
31469276,Hydrant,Hydrant,34.89528447,-89.91885856,red,Hydrant
31469277,Hydrant,Hydrant,34.89542236,-89.91237574,red,Hydrant
31469278,Hydrant,Hydrant,34.89980829,-89.90722192,red,Hydrant
31469279,Hydrant,Hydrant,34.89786333,-89.90776701,red,Hydrant
31469280,Hydrant,Hydrant,34.90006625,-89.90970275,red,Hydrant
31469281,Hydrant,Hydrant,34.89823844,-89.90996345,red,Hydrant
31469282,Hydrant,Hydrant,34.90046202,-89.91070024,red,Hydrant
31469283,Hydrant,Hydrant,34.90020693,-89.91198161,red,Hydrant
31469284,Hydrant,Hydrant,34.89893085,-89.91250040,red,Hydrant
31469285,Hydrant,Hydrant,34.90033391,-89.90301701,red,Hydrant
31469286,Hydrant,Hydrant,34.89931551,-89.90268044,red,Hydrant
31469287,Hydrant,Hydrant,34.90031675,-89.90601096,red,Hydrant
31469288,Hydrant,Hydrant,34.90169710,-89.90377147,red,Hydrant
31469289,Hydrant,Hydrant,34.90243802,-89.90749708,red,Hydrant
31469290,Hydrant,Hydrant,34.90146540,-89.90868879,red,Hydrant
31469291,Hydrant,Hydrant,34.90165976,-89.91520882,red,Hydrant
31469292,Hydrant,Hydrant,34.89913390,-89.91429741,red,Hydrant
31469293,Hydrant,Hydrant,34.90246079,-89.91383233,red,Hydrant
31469294,Hydrant,Hydrant,34.90244900,-89.91096984,red,Hydrant
31469295,Hydrant,Hydrant,34.90328900,-89.90577507,red,Hydrant
31469296,Hydrant,Hydrant,34.90355227,-89.90904714,red,Hydrant
31469297,Hydrant,Hydrant,34.90026812,-89.91459853,red,Hydrant
31469298,Hydrant,Hydrant,34.90080009,-89.91666964,red,Hydrant
31469299,Hydrant,Hydrant,34.89970563,-89.91600583,red,Hydrant
31469300,Hydrant,Hydrant,34.89978781,-89.91810486,red,Hydrant
31469301,Hydrant,Hydrant,34.90088300,-89.91846096,red,Hydrant
31469302,Hydrant,Hydrant,34.90157877,-89.91714967,red,Hydrant
31469303,Hydrant,Hydrant,34.90245008,-89.91837058,red,Hydrant
31469304,Hydrant,Hydrant,34.89824594,-89.91863107,red,Hydrant
31469305,Hydrant,Hydrant,34.96875645,-90.13475590,red,Hydrant
31469306,Hydrant,Hydrant,34.96792312,-90.13370590,red,Hydrant
31469307,Hydrant,Hydrant,34.96704312,-90.13288923,red,Hydrant
31469308,Hydrant,Hydrant,34.96725645,-90.13372256,red,Hydrant
31469309,Hydrant,Hydrant,34.96612312,-90.13382256,red,Hydrant
31469310,Hydrant,Hydrant,34.96610645,-90.13460590,red,Hydrant
31469311,Hydrant,Hydrant,34.96952312,-90.13570590,red,Hydrant
31469312,Hydrant,Hydrant,34.96858979,-90.13643923,red,Hydrant
31469313,Hydrant,Hydrant,34.96997312,-90.14503923,red,Hydrant
31469314,Hydrant,Hydrant,34.96982312,-90.14430590,red,Hydrant
31469315,Hydrant,Hydrant,34.96998979,-90.14373923,red,Hydrant
31469316,Hydrant,Hydrant,34.96908979,-90.14415590,red,Hydrant
31469317,Hydrant,Hydrant,34.96880645,-90.14317257,red,Hydrant
31469318,Hydrant,Hydrant,34.96902312,-90.14578923,red,Hydrant
31469319,Hydrant,Hydrant,34.96745645,-90.14392257,red,Hydrant
31469320,Hydrant,Hydrant,34.96705645,-90.14285590,red,Hydrant
31469321,Hydrant,Hydrant,34.96695645,-90.14395590,red,Hydrant
31469322,Hydrant,Hydrant,34.96725645,-90.14515590,red,Hydrant
31469323,Hydrant,Hydrant,34.96337312,-90.14650590,red,Hydrant
31469324,Hydrant,Hydrant,34.96335645,-90.14565590,red,Hydrant
31469325,Hydrant,Hydrant,34.88420644,-89.93485584,red,Hydrant
31469326,Hydrant,Hydrant,34.88706800,-89.92941204,red,Hydrant
31469327,Hydrant,Hydrant,34.88721603,-89.93104170,red,Hydrant
31469328,Hydrant,Hydrant,34.88717906,-89.93215477,red,Hydrant
31469329,Hydrant,Hydrant,34.88659869,-89.93355353,red,Hydrant
31469330,Hydrant,Hydrant,34.88589634,-89.93433712,red,Hydrant
31469331,Hydrant,Hydrant,34.88471419,-89.93454597,red,Hydrant
31469332,Hydrant,Hydrant,34.88449926,-89.93365223,red,Hydrant
31469333,Hydrant,Hydrant,34.88453063,-89.93216210,red,Hydrant
31469334,Hydrant,Hydrant,34.88494117,-89.93125020,red,Hydrant
31469335,Hydrant,Hydrant,34.88572765,-89.93152566,red,Hydrant
31469336,Hydrant,Hydrant,34.88597214,-89.93274911,red,Hydrant
31469337,Hydrant,Hydrant,34.88636563,-89.93104464,red,Hydrant
31469338,Hydrant,Hydrant,34.96823979,-90.10010589,red,Hydrant
31469339,Hydrant,Hydrant,34.96652312,-90.10040589,red,Hydrant
31469340,Hydrant,Hydrant,34.96342312,-90.10212256,red,Hydrant
31469341,Hydrant,Hydrant,34.96725645,-90.10173922,red,Hydrant
31469342,Hydrant,Hydrant,34.96867312,-90.10360589,red,Hydrant
31469343,Hydrant,Hydrant,34.96570645,-90.10358922,red,Hydrant
31469344,Hydrant,Hydrant,34.96732312,-90.10367256,red,Hydrant
31469345,Hydrant,Hydrant,34.96752312,-90.10538922,red,Hydrant
31469346,Hydrant,Hydrant,34.96825645,-90.10675589,red,Hydrant
31469347,Hydrant,Hydrant,34.96442312,-90.10557256,red,Hydrant
31469348,Hydrant,Hydrant,34.85934644,-89.93900584,red,Hydrant
31469349,Hydrant,Hydrant,34.85797644,-89.94439584,red,Hydrant
31469350,Hydrant,Hydrant,34.97232312,-90.09685589,red,Hydrant
31469351,Hydrant,Hydrant,34.97152312,-90.09778922,red,Hydrant
31469352,Hydrant,Hydrant,34.82979643,-89.96174584,red,Hydrant
31469353,Hydrant,Hydrant,34.96528979,-90.11172256,red,Hydrant
31469354,Hydrant,Hydrant,34.96620645,-90.11168922,red,Hydrant
31469355,Hydrant,Hydrant,34.96803979,-90.11027256,red,Hydrant
31469356,Hydrant,Hydrant,34.96758979,-90.10903922,red,Hydrant
31469357,Hydrant,Hydrant,34.96633979,-90.10895589,red,Hydrant
31469358,Hydrant,Hydrant,34.96495645,-90.10960589,red,Hydrant
31469359,Hydrant,Hydrant,34.96650645,-90.10768922,red,Hydrant
31469360,Hydrant,Hydrant,34.96512312,-90.10757256,red,Hydrant
31469361,Hydrant,Hydrant,34.96302312,-90.10983922,red,Hydrant
31469362,Hydrant,Hydrant,34.96313979,-90.10917256,red,Hydrant
31469363,Hydrant,Hydrant,34.96447312,-90.11362256,red,Hydrant
31469364,Hydrant,Hydrant,34.96435645,-90.11137256,red,Hydrant
31469365,Hydrant,Hydrant,34.96167312,-90.10803922,red,Hydrant
31469366,Hydrant,Hydrant,34.96097312,-90.10617256,red,Hydrant
31469367,Hydrant,Hydrant,34.95967312,-90.10557256,red,Hydrant
31469368,Hydrant,Hydrant,34.95732312,-90.10500589,red,Hydrant
31469369,Hydrant,Hydrant,34.95567312,-90.10510589,red,Hydrant
31469370,Hydrant,Hydrant,34.95578978,-90.10635589,red,Hydrant
31469371,Hydrant,Hydrant,34.95645645,-90.10600589,red,Hydrant
31469372,Hydrant,Hydrant,34.95770645,-90.10685589,red,Hydrant
31469373,Hydrant,Hydrant,34.95932312,-90.10677256,red,Hydrant
31469374,Hydrant,Hydrant,34.95732312,-90.11000589,red,Hydrant
31469375,Hydrant,Hydrant,34.95945645,-90.10982256,red,Hydrant
31469376,Hydrant,Hydrant,34.96063979,-90.11025589,red,Hydrant
31469377,Hydrant,Hydrant,34.96310645,-90.09650589,red,Hydrant
31469378,Hydrant,Hydrant,34.96775645,-90.13217256,red,Hydrant
31469379,Hydrant,Hydrant,34.96853979,-90.13172256,red,Hydrant
31469380,Hydrant,Hydrant,34.96892312,-90.13320590,red,Hydrant
31469381,Hydrant,Hydrant,34.96950645,-90.13335590,red,Hydrant
31469382,Hydrant,Hydrant,34.96978979,-90.13430590,red,Hydrant
31469383,Hydrant,Hydrant,34.97073979,-90.13368923,red,Hydrant
31469384,Hydrant,Hydrant,34.97285645,-90.13703923,red,Hydrant
31469385,Hydrant,Hydrant,34.97397312,-90.13570590,red,Hydrant
31469386,Hydrant,Hydrant,34.97255645,-90.13573923,red,Hydrant
31469387,Hydrant,Hydrant,34.97173979,-90.13618923,red,Hydrant
31469388,Hydrant,Hydrant,34.97198979,-90.13445590,red,Hydrant
31469389,Hydrant,Hydrant,34.97042312,-90.13560590,red,Hydrant
31469390,Hydrant,Hydrant,34.96382312,-90.13363923,red,Hydrant
31469391,Hydrant,Hydrant,34.96443979,-90.13060590,red,Hydrant
31469392,Hydrant,Hydrant,34.96578979,-90.13147256,red,Hydrant
31469393,Hydrant,Hydrant,34.96727312,-90.12435590,red,Hydrant
31469394,Hydrant,Hydrant,34.96675645,-90.12947256,red,Hydrant
31469395,Hydrant,Hydrant,34.96653979,-90.12648923,red,Hydrant
31469396,Hydrant,Hydrant,34.96848979,-90.12932256,red,Hydrant
31469397,Hydrant,Hydrant,34.97123979,-90.12875590,red,Hydrant
31469398,Hydrant,Hydrant,34.97042312,-90.12868923,red,Hydrant
31469399,Hydrant,Hydrant,34.97158979,-90.13003923,red,Hydrant
31469400,Hydrant,Hydrant,34.97015645,-90.12930590,red,Hydrant
31469401,Hydrant,Hydrant,34.96925645,-90.13030590,red,Hydrant
31469402,Hydrant,Hydrant,34.96848979,-90.13102256,red,Hydrant
31469403,Hydrant,Hydrant,34.97038979,-90.13148923,red,Hydrant
31469404,Hydrant,Hydrant,34.98685646,-90.12845590,red,Hydrant
31469405,Hydrant,Hydrant,34.98525646,-90.12443923,red,Hydrant
31469406,Hydrant,Hydrant,34.89216908,-89.90802695,red,Hydrant
31469407,Hydrant,Hydrant,34.89335371,-89.90553602,red,Hydrant
31469408,Hydrant,Hydrant,34.89418497,-89.90869949,red,Hydrant
31469409,Hydrant,Hydrant,34.89186879,-89.91140589,red,Hydrant
31469410,Hydrant,Hydrant,34.89515574,-89.91137486,red,Hydrant
31469411,Hydrant,Hydrant,34.89292039,-89.90408101,red,Hydrant
31469412,Hydrant,Hydrant,34.97050645,-90.09803922,red,Hydrant
31469413,Hydrant,Hydrant,34.83042643,-89.95209584,red,Hydrant
31469414,Hydrant,Hydrant,34.82569643,-89.95750584,red,Hydrant
31469415,Hydrant,Hydrant,34.82621643,-89.95602584,red,Hydrant
31469416,Hydrant,Hydrant,34.82624643,-89.95467584,red,Hydrant
31469417,Hydrant,Hydrant,34.99147313,-90.09892256,red,Hydrant
31469418,Hydrant,Hydrant,34.99133979,-90.10128922,red,Hydrant
31469419,Hydrant,Hydrant,34.99145646,-90.10167256,red,Hydrant
31469420,Hydrant,Hydrant,34.82845643,-89.94860584,red,Hydrant
31469421,Hydrant,Hydrant,34.82633643,-89.94866584,red,Hydrant
31469422,Hydrant,Hydrant,34.82528643,-89.95071584,red,Hydrant
31469423,Hydrant,Hydrant,34.82469643,-89.94732584,red,Hydrant
31469424,Hydrant,Hydrant,34.82702643,-89.94666584,red,Hydrant
31469425,Hydrant,Hydrant,34.82952643,-89.94702584,red,Hydrant
31469426,Hydrant,Hydrant,34.82997643,-89.94445584,red,Hydrant
31469427,Hydrant,Hydrant,34.84831644,-89.95601584,red,Hydrant
31469428,Hydrant,Hydrant,34.84651644,-89.95706584,red,Hydrant
31469429,Hydrant,Hydrant,34.84669644,-89.95995584,red,Hydrant
31469430,Hydrant,Hydrant,34.84462644,-89.96075584,red,Hydrant
31469431,Hydrant,Hydrant,34.84340644,-89.95908584,red,Hydrant
31469432,Hydrant,Hydrant,34.84430644,-89.95618584,red,Hydrant
31469433,Hydrant,Hydrant,34.89984400,-89.92363324,red,Hydrant
31469434,Hydrant,Hydrant,34.88429912,-89.93023126,red,Hydrant
31469435,Hydrant,Hydrant,34.96842312,-90.11143923,red,Hydrant
31469436,Hydrant,Hydrant,34.96808979,-90.11227256,red,Hydrant
31469437,Hydrant,Hydrant,34.96720645,-90.11223923,red,Hydrant
31469438,Hydrant,Hydrant,34.96732312,-90.11145589,red,Hydrant
31469439,Hydrant,Hydrant,34.96917312,-90.11275589,red,Hydrant
31469440,Hydrant,Hydrant,34.96892312,-90.11063922,red,Hydrant
31469441,Hydrant,Hydrant,34.95037312,-90.09943922,red,Hydrant
31469442,Hydrant,Hydrant,34.97317312,-90.11252256,red,Hydrant
31469443,Hydrant,Hydrant,34.97078979,-90.11222256,red,Hydrant
31469444,Hydrant,Hydrant,34.96990645,-90.11173923,red,Hydrant
31469445,Hydrant,Hydrant,34.97170645,-90.11238923,red,Hydrant
31469446,Hydrant,Hydrant,34.97362312,-90.11170589,red,Hydrant
31469447,Hydrant,Hydrant,34.97468979,-90.11300589,red,Hydrant
31469448,Hydrant,Hydrant,34.97587312,-90.11270589,red,Hydrant
31469449,Hydrant,Hydrant,34.97597312,-90.11150589,red,Hydrant
31469450,Hydrant,Hydrant,34.97598979,-90.11040589,red,Hydrant
31469451,Hydrant,Hydrant,34.97540646,-90.11040589,red,Hydrant
31469452,Hydrant,Hydrant,34.97430645,-90.11003923,red,Hydrant
31469453,Hydrant,Hydrant,34.97198979,-90.10627256,red,Hydrant
31469454,Hydrant,Hydrant,34.97312312,-90.10703922,red,Hydrant
31469455,Hydrant,Hydrant,34.97258979,-90.10792256,red,Hydrant
31469456,Hydrant,Hydrant,34.97157312,-90.10907256,red,Hydrant
31469457,Hydrant,Hydrant,34.97053979,-90.10962256,red,Hydrant
31469458,Hydrant,Hydrant,34.97153979,-90.11037256,red,Hydrant
31469459,Hydrant,Hydrant,34.97242312,-90.11083923,red,Hydrant
31469460,Hydrant,Hydrant,34.97227312,-90.11000589,red,Hydrant
31469461,Hydrant,Hydrant,34.97223979,-90.10970589,red,Hydrant
31469462,Hydrant,Hydrant,34.97333979,-90.11015589,red,Hydrant
31469463,Hydrant,Hydrant,34.97037312,-90.10065589,red,Hydrant
31469464,Hydrant,Hydrant,34.97355645,-90.10078922,red,Hydrant
31469465,Hydrant,Hydrant,34.97235646,-90.10168922,red,Hydrant
31469466,Hydrant,Hydrant,34.97077312,-90.10297256,red,Hydrant
31469467,Hydrant,Hydrant,34.96983979,-90.11175589,red,Hydrant
31469468,Hydrant,Hydrant,34.95348978,-90.12957256,red,Hydrant
31469469,Hydrant,Hydrant,34.95738978,-90.12957256,red,Hydrant
31469470,Hydrant,Hydrant,34.89168140,-89.93161506,red,Hydrant
31469471,Hydrant,Hydrant,34.89238014,-89.93550003,red,Hydrant
31469472,Hydrant,Hydrant,34.89301024,-89.93394619,red,Hydrant
31469473,Hydrant,Hydrant,34.89329401,-89.93210892,red,Hydrant
31469474,Hydrant,Hydrant,34.82542643,-89.96219584,red,Hydrant
31469475,Hydrant,Hydrant,34.82522643,-89.96017584,red,Hydrant
31469476,Hydrant,Hydrant,34.82906643,-89.95860584,red,Hydrant
31469477,Hydrant,Hydrant,34.82720643,-89.96147584,red,Hydrant
31469478,Hydrant,Hydrant,34.93030645,-90.10345589,red,Hydrant
31469479,Hydrant,Hydrant,34.93030645,-90.10165589,red,Hydrant
31469480,Hydrant,Hydrant,34.93167311,-90.09930589,red,Hydrant
31469481,Hydrant,Hydrant,34.95115645,-90.12103923,red,Hydrant
31469482,Hydrant,Hydrant,34.90422310,-90.19697258,red,Hydrant
31469483,Hydrant,Hydrant,34.88571466,-89.92744804,red,Hydrant
31469484,Hydrant,Hydrant,34.88409786,-89.93189701,red,Hydrant
31469485,Hydrant,Hydrant,34.88408055,-89.93480933,red,Hydrant
31469486,Hydrant,Hydrant,34.88484938,-89.92873951,red,Hydrant
31469487,Hydrant,Hydrant,34.97750646,-90.09860589,red,Hydrant
31469488,Hydrant,Hydrant,34.98327312,-90.09648922,red,Hydrant
31469489,Hydrant,Hydrant,34.98245645,-90.13170590,red,Hydrant
31469490,Hydrant,Hydrant,34.98682312,-90.13545590,red,Hydrant
31469491,Hydrant,Hydrant,34.97565645,-90.11378923,red,Hydrant
31469492,Hydrant,Hydrant,34.97480645,-90.11380589,red,Hydrant
31469493,Hydrant,Hydrant,34.96620645,-90.11378923,red,Hydrant
31469494,Hydrant,Hydrant,34.96267312,-90.10455589,red,Hydrant
31469495,Hydrant,Hydrant,34.96578979,-90.13715590,red,Hydrant
31469496,Hydrant,Hydrant,34.96407312,-90.13737256,red,Hydrant
31469497,Hydrant,Hydrant,34.97152312,-90.13765590,red,Hydrant
31469498,Hydrant,Hydrant,34.96710645,-90.13665590,red,Hydrant
31469499,Hydrant,Hydrant,34.97222312,-90.12798923,red,Hydrant
31469500,Hydrant,Hydrant,34.96222312,-90.09917255,red,Hydrant
31469501,Hydrant,Hydrant,34.96225645,-90.10223922,red,Hydrant
31469502,Hydrant,Hydrant,34.96278979,-90.10587256,red,Hydrant
31469503,Hydrant,Hydrant,34.96205645,-90.12150589,red,Hydrant
31469504,Hydrant,Hydrant,34.96175645,-90.11400589,red,Hydrant
31469505,Hydrant,Hydrant,34.96230645,-90.11235589,red,Hydrant
31469506,Hydrant,Hydrant,34.90472310,-90.21403925,red,Hydrant
31469507,Hydrant,Hydrant,34.90477310,-90.21957258,red,Hydrant
31469508,Hydrant,Hydrant,34.90475644,-90.21603925,red,Hydrant
31469509,Hydrant,Hydrant,34.94797311,-90.22020592,red,Hydrant
31469510,Hydrant,Hydrant,34.94788978,-90.22535592,red,Hydrant
31469511,Hydrant,Hydrant,34.94797312,-90.12275589,red,Hydrant
31469512,Hydrant,Hydrant,34.95303978,-90.12275589,red,Hydrant
31469513,Hydrant,Hydrant,34.94798978,-90.11402256,red,Hydrant
31469514,Hydrant,Hydrant,34.94803978,-90.10457255,red,Hydrant
31469515,Hydrant,Hydrant,34.94808978,-90.09843922,red,Hydrant
31469516,Hydrant,Hydrant,34.96125645,-90.09628922,red,Hydrant
31469517,Hydrant,Hydrant,34.95968979,-90.09632255,red,Hydrant
31469518,Hydrant,Hydrant,34.94443978,-90.11395589,red,Hydrant
31469519,Hydrant,Hydrant,34.94213978,-90.11395589,red,Hydrant
31469520,Hydrant,Hydrant,34.93798978,-90.11400589,red,Hydrant
31469521,Hydrant,Hydrant,34.93535645,-90.11388922,red,Hydrant
31469522,Hydrant,Hydrant,34.93348978,-90.09742255,red,Hydrant
31469523,Hydrant,Hydrant,34.94722312,-90.11392256,red,Hydrant
31469524,Hydrant,Hydrant,34.94219785,-89.73248931,red,Hydrant
31469525,Hydrant,Hydrant,34.96121264,-89.73323045,red,Hydrant
31469526,Hydrant,Hydrant,34.90399290,-89.77755617,red,Hydrant
31469527,Hydrant,Hydrant,34.90394549,-89.78122146,red,Hydrant
31469528,Hydrant,Hydrant,34.90393897,-89.78518644,red,Hydrant
31469529,Hydrant,Hydrant,34.88139645,-89.75886579,red,Hydrant
31469530,Hydrant,Hydrant,34.96266184,-89.72910648,red,Hydrant
31469531,Hydrant,Hydrant,34.91046333,-89.78720191,red,Hydrant
31469532,Hydrant,Hydrant,34.92100025,-89.75013590,red,Hydrant
31469533,Hydrant,Hydrant,34.91908955,-89.75015072,red,Hydrant
31469534,Hydrant,Hydrant,34.87525645,-89.75871579,red,Hydrant
31469535,Hydrant,Hydrant,34.92086136,-89.74406473,red,Hydrant
31469536,Hydrant,Hydrant,34.93850173,-89.73966942,red,Hydrant
31469537,Hydrant,Hydrant,34.94340993,-89.74214378,red,Hydrant
31469538,Hydrant,Hydrant,34.94694406,-89.74205301,red,Hydrant
31469539,Hydrant,Hydrant,34.96255448,-89.73694032,red,Hydrant
31469540,Hydrant,Hydrant,34.96253009,-89.73573950,red,Hydrant
31469541,Hydrant,Hydrant,34.96256672,-89.73404820,red,Hydrant
31469542,Hydrant,Hydrant,34.96265133,-89.73179363,red,Hydrant
31469543,Hydrant,Hydrant,34.92722244,-89.78829347,red,Hydrant
31469544,Hydrant,Hydrant,34.92622240,-89.78662976,red,Hydrant
31469545,Hydrant,Hydrant,34.90915440,-89.76828664,red,Hydrant
31469546,Hydrant,Hydrant,34.88819514,-89.93700190,red,Hydrant
31469547,Hydrant,Hydrant,34.90438890,-90.01616887,red,Hydrant
31469548,Hydrant,Hydrant,34.88067615,-90.02487196,red,Hydrant
31469549,Hydrant,Hydrant,34.91371588,-90.04797415,red,Hydrant
31469550,Hydrant,Hydrant,34.91532558,-90.06706416,red,Hydrant
31469551,Hydrant,Hydrant,34.85713273,-90.02427977,red,Hydrant
31469552,Hydrant,Hydrant,34.85316873,-90.04061058,red,Hydrant
31469553,Hydrant,Hydrant,34.88870864,-89.96335300,red,Hydrant
31469554,Hydrant,Hydrant,34.88962685,-90.04267381,red,Hydrant
31469555,Hydrant,Hydrant,34.88756241,-89.93702544,red,Hydrant
31469556,Hydrant,Hydrant,34.89077644,-89.97227585,red,Hydrant
31469557,Hydrant,Hydrant,34.88376644,-89.96344585,red,Hydrant
31469558,Hydrant,Hydrant,34.90989236,-90.02962301,red,Hydrant
31469559,Hydrant,Hydrant,34.88960443,-90.03855532,red,Hydrant
31469560,Hydrant,Hydrant,34.85873044,-90.01934848,red,Hydrant
31469561,Hydrant,Hydrant,34.87681584,-90.01609671,red,Hydrant
31469562,Hydrant,Hydrant,34.88124609,-90.03828922,red,Hydrant
31469563,Hydrant,Hydrant,34.88409365,-90.04269220,red,Hydrant
31469564,Hydrant,Hydrant,34.88745180,-89.95485748,red,Hydrant
31469565,Hydrant,Hydrant,34.89525026,-90.06228397,red,Hydrant
31469566,Hydrant,Hydrant,34.90124496,-90.04310519,red,Hydrant
31469567,Hydrant,Hydrant,34.88453644,-89.96338585,red,Hydrant
31469568,Hydrant,Hydrant,34.88347644,-89.95476584,red,Hydrant
31469569,Hydrant,Hydrant,34.88590644,-89.96339585,red,Hydrant
31469570,Hydrant,Hydrant,34.88960523,-89.97921969,red,Hydrant
31469571,Hydrant,Hydrant,34.86016167,-90.03583058,red,Hydrant
31469572,Hydrant,Hydrant,34.90761707,-90.02534666,red,Hydrant
31469573,Hydrant,Hydrant,34.86246644,-89.95457584,red,Hydrant
31469574,Hydrant,Hydrant,34.88958644,-90.04715587,red,Hydrant
31469575,Hydrant,Hydrant,34.90288644,-90.04311587,red,Hydrant
31469576,Hydrant,Hydrant,34.91210645,-90.04296587,red,Hydrant
31469577,Hydrant,Hydrant,34.90459645,-90.01849586,red,Hydrant
31469578,Hydrant,Hydrant,34.89767644,-90.06102587,red,Hydrant
31469579,Hydrant,Hydrant,34.90447644,-90.06034587,red,Hydrant
31469580,Hydrant,Hydrant,34.92391645,-90.06215588,red,Hydrant
31469581,Hydrant,Hydrant,34.89381451,-89.93683466,red,Hydrant
31469582,Hydrant,Hydrant,34.89383464,-89.90234907,red,Hydrant
31469583,Hydrant,Hydrant,34.89490761,-89.90168822,red,Hydrant
31469584,Hydrant,Hydrant,34.89075464,-89.93672800,red,Hydrant
31469585,Hydrant,Hydrant,34.86788268,-89.92496549,red,Hydrant
31469586,Hydrant,Hydrant,34.87088342,-89.92486843,red,Hydrant
31469587,Hydrant,Hydrant,34.86404100,-89.92517737,red,Hydrant
31469588,Hydrant,Hydrant,34.86044150,-89.91956420,red,Hydrant
31469589,Hydrant,Hydrant,34.86060520,-89.90304518,red,Hydrant
31469590,Hydrant,Hydrant,34.85450951,-89.93659351,red,Hydrant
31469591,Hydrant,Hydrant,34.85755984,-89.93666824,red,Hydrant
31469592,Hydrant,Hydrant,34.85319095,-89.91253938,red,Hydrant
31469593,Hydrant,Hydrant,34.85339792,-89.90849869,red,Hydrant
31469594,Hydrant,Hydrant,34.85318742,-89.91579255,red,Hydrant
31469595,Hydrant,Hydrant,34.84579228,-89.94957532,red,Hydrant
31469596,Hydrant,Hydrant,34.84582555,-89.93697477,red,Hydrant
31469597,Hydrant,Hydrant,34.84622203,-89.91888472,red,Hydrant
31469598,Hydrant,Hydrant,34.84595674,-89.91030635,red,Hydrant
31469599,Hydrant,Hydrant,34.83994385,-89.93660115,red,Hydrant
31469600,Hydrant,Hydrant,34.83488820,-89.91009341,red,Hydrant
31469601,Hydrant,Hydrant,34.83895756,-89.90144214,red,Hydrant
31469602,Hydrant,Hydrant,34.83036313,-89.93761376,red,Hydrant
31469603,Hydrant,Hydrant,34.82540391,-89.91039360,red,Hydrant
31469604,Hydrant,Hydrant,34.83027930,-89.90148752,red,Hydrant
31469605,Hydrant,Hydrant,34.82952790,-89.90150932,red,Hydrant
31469606,Hydrant,Hydrant,34.81986311,-89.95443252,red,Hydrant
31469607,Hydrant,Hydrant,34.82251207,-89.95446547,red,Hydrant
31469608,Hydrant,Hydrant,34.82351591,-89.95448342,red,Hydrant
31469609,Hydrant,Hydrant,34.81676334,-89.95530294,red,Hydrant
31469610,Hydrant,Hydrant,34.81675812,-89.95837602,red,Hydrant
31469611,Hydrant,Hydrant,34.81623594,-89.94210487,red,Hydrant
31469612,Hydrant,Hydrant,34.82167938,-89.91029432,red,Hydrant
31469613,Hydrant,Hydrant,34.81679391,-89.90127213,red,Hydrant
31469614,Hydrant,Hydrant,34.81438607,-89.93671881,red,Hydrant
31469615,Hydrant,Hydrant,34.80925396,-89.91005311,red,Hydrant
31469616,Hydrant,Hydrant,34.90909339,-89.79304144,red,Hydrant
31469617,Hydrant,Hydrant,34.90758029,-89.78897227,red,Hydrant
31469618,Hydrant,Hydrant,34.90922138,-89.78970910,red,Hydrant
31469619,Hydrant,Hydrant,34.90922618,-89.79141651,red,Hydrant
31469620,Hydrant,Hydrant,34.90802404,-89.78692639,red,Hydrant
31469621,Hydrant,Hydrant,34.90915549,-89.78719442,red,Hydrant
31469622,Hydrant,Hydrant,34.90875222,-89.78845997,red,Hydrant
31469623,Hydrant,Hydrant,34.90927615,-89.79454875,red,Hydrant
31469624,Hydrant,Hydrant,34.95845848,-89.73046792,red,Hydrant
31469625,Hydrant,Hydrant,34.96114177,-89.73038268,red,Hydrant
31469626,Hydrant,Hydrant,34.95979977,-89.73047296,red,Hydrant
31469627,Hydrant,Hydrant,34.95788782,-89.73181162,red,Hydrant
31469628,Hydrant,Hydrant,34.88638303,-89.92644056,red,Hydrant
31469629,Hydrant,Hydrant,34.89804078,-89.90405674,red,Hydrant
31469630,Hydrant,Hydrant,34.89951901,-89.90852495,red,Hydrant
31469631,Hydrant,Hydrant,34.89850720,-89.91232325,red,Hydrant
31469632,Hydrant,Hydrant,34.89568686,-89.91573832,red,Hydrant
31469633,Hydrant,Hydrant,34.84585951,-89.90358664,red,Hydrant
31469634,Hydrant,Hydrant,34.84262571,-89.90163751,red,Hydrant
31469635,Hydrant,Hydrant,34.84260692,-89.90465801,red,Hydrant
31469636,Hydrant,Hydrant,34.84386698,-89.90341287,red,Hydrant
31469637,Hydrant,Hydrant,34.93823640,-89.74683186,red,Hydrant
31469638,Hydrant,Hydrant,34.93696455,-89.74682577,red,Hydrant
31469639,Hydrant,Hydrant,34.93697356,-89.74836108,red,Hydrant
31469640,Hydrant,Hydrant,34.93697495,-89.74989829,red,Hydrant
31469641,Hydrant,Hydrant,34.93697806,-89.74375871,red,Hydrant
31469642,Hydrant,Hydrant,34.93697094,-89.74529410,red,Hydrant
31469643,Hydrant,Hydrant,34.93697207,-89.74204590,red,Hydrant
31469644,Hydrant,Hydrant,34.82558125,-89.91480621,red,Hydrant
31469645,Hydrant,Hydrant,34.82554204,-89.91198319,red,Hydrant
31469646,Hydrant,Hydrant,34.94096004,-89.74161910,red,Hydrant
31469647,Hydrant,Hydrant,34.94113436,-89.73910084,red,Hydrant
31469648,Hydrant,Hydrant,34.94110911,-89.74064662,red,Hydrant
31469649,Hydrant,Hydrant,34.94094626,-89.73353316,red,Hydrant
31469650,Hydrant,Hydrant,34.94115242,-89.73519051,red,Hydrant
31469651,Hydrant,Hydrant,34.94226033,-89.73636342,red,Hydrant
31469652,Hydrant,Hydrant,34.94225884,-89.73484294,red,Hydrant
31469653,Hydrant,Hydrant,34.94200900,-89.73340747,red,Hydrant
31469654,Hydrant,Hydrant,34.94092378,-89.73653637,red,Hydrant
31469655,Hydrant,Hydrant,34.94236178,-89.73810336,red,Hydrant
31469656,Hydrant,Hydrant,34.94118371,-89.73803377,red,Hydrant
31469657,Hydrant,Hydrant,34.95004300,-89.73966896,red,Hydrant
31469658,Hydrant,Hydrant,34.94863574,-89.73735296,red,Hydrant
31469659,Hydrant,Hydrant,34.95081893,-89.74011497,red,Hydrant
31469660,Hydrant,Hydrant,34.95083237,-89.73896017,red,Hydrant
31469661,Hydrant,Hydrant,34.95193447,-89.73758033,red,Hydrant
31469662,Hydrant,Hydrant,34.94994820,-89.73741472,red,Hydrant
31469663,Hydrant,Hydrant,34.94999717,-89.73886771,red,Hydrant
31469664,Hydrant,Hydrant,34.95082154,-89.74162521,red,Hydrant
31469665,Hydrant,Hydrant,34.95197804,-89.74010672,red,Hydrant
31469666,Hydrant,Hydrant,34.95198058,-89.74161109,red,Hydrant
31469667,Hydrant,Hydrant,34.90143674,-89.72758213,red,Hydrant
31469668,Hydrant,Hydrant,34.90127468,-89.72980859,red,Hydrant
31469669,Hydrant,Hydrant,34.90241793,-89.73233829,red,Hydrant
31469670,Hydrant,Hydrant,34.88570916,-89.91937465,red,Hydrant
31469671,Hydrant,Hydrant,34.85751924,-90.02566441,red,Hydrant
31469672,Hydrant,Hydrant,34.85694903,-90.02822968,red,Hydrant
31469673,Hydrant,Hydrant,34.85980086,-90.02680453,red,Hydrant
31469674,Hydrant,Hydrant,34.85486789,-90.02373210,red,Hydrant
31469675,Hydrant,Hydrant,34.85679039,-90.01729051,red,Hydrant
31469676,Hydrant,Hydrant,34.95854534,-89.73478075,red,Hydrant
31469677,Hydrant,Hydrant,34.96029962,-89.73456309,red,Hydrant
31469678,Hydrant,Hydrant,34.96067809,-89.73731344,red,Hydrant
31469679,Hydrant,Hydrant,34.95766428,-89.73628961,red,Hydrant
31469680,Hydrant,Hydrant,34.95758750,-89.73826797,red,Hydrant
31469681,Hydrant,Hydrant,34.96014666,-89.73322997,red,Hydrant
31469682,Hydrant,Hydrant,34.95902858,-89.73326457,red,Hydrant
31469683,Hydrant,Hydrant,34.95653683,-89.73590055,red,Hydrant
31469684,Hydrant,Hydrant,34.92389877,-89.76424526,red,Hydrant
31469685,Hydrant,Hydrant,34.91783066,-89.75883312,red,Hydrant
31469686,Hydrant,Hydrant,34.91987365,-89.75848163,red,Hydrant
31469687,Hydrant,Hydrant,34.92112143,-89.75843560,red,Hydrant
31469688,Hydrant,Hydrant,34.91896334,-89.75963699,red,Hydrant
31469689,Hydrant,Hydrant,34.92178665,-89.75981696,red,Hydrant
31469690,Hydrant,Hydrant,34.92278991,-89.75997975,red,Hydrant
31469691,Hydrant,Hydrant,34.92426523,-89.76098789,red,Hydrant
31469692,Hydrant,Hydrant,34.92314452,-89.76117453,red,Hydrant
31469693,Hydrant,Hydrant,34.92045488,-89.76610875,red,Hydrant
31469694,Hydrant,Hydrant,34.92150241,-89.76546121,red,Hydrant
31469695,Hydrant,Hydrant,34.91946543,-89.76499208,red,Hydrant
31469696,Hydrant,Hydrant,34.92430215,-89.75999136,red,Hydrant
31469697,Hydrant,Hydrant,34.91977671,-89.75378127,red,Hydrant
31469698,Hydrant,Hydrant,34.92402327,-89.76308209,red,Hydrant
31469699,Hydrant,Hydrant,34.92443363,-89.76212690,red,Hydrant
31469700,Hydrant,Hydrant,34.91957531,-89.76229728,red,Hydrant
31469701,Hydrant,Hydrant,34.91858153,-89.76244221,red,Hydrant
31469702,Hydrant,Hydrant,34.91810301,-89.75463918,red,Hydrant
31469703,Hydrant,Hydrant,34.91885731,-89.75454467,red,Hydrant
31469704,Hydrant,Hydrant,34.92018422,-89.76123971,red,Hydrant
31469705,Hydrant,Hydrant,34.92064095,-89.76235089,red,Hydrant
31469706,Hydrant,Hydrant,34.92119900,-89.76369052,red,Hydrant
31469707,Hydrant,Hydrant,34.92019586,-89.76383770,red,Hydrant
31469708,Hydrant,Hydrant,34.91832109,-89.75995309,red,Hydrant
31469709,Hydrant,Hydrant,34.91957581,-89.76054743,red,Hydrant
31469710,Hydrant,Hydrant,34.92135558,-89.76753233,red,Hydrant
31469711,Hydrant,Hydrant,34.92385836,-89.76941026,red,Hydrant
31469712,Hydrant,Hydrant,34.92223916,-89.76857812,red,Hydrant
31469713,Hydrant,Hydrant,34.92300123,-89.76711484,red,Hydrant
31469714,Hydrant,Hydrant,34.92268865,-89.76970199,red,Hydrant
31469715,Hydrant,Hydrant,34.92343437,-89.77079189,red,Hydrant
31469716,Hydrant,Hydrant,34.91891538,-89.76120688,red,Hydrant
31469717,Hydrant,Hydrant,34.92282080,-89.76311648,red,Hydrant
31469718,Hydrant,Hydrant,34.92394730,-89.76570658,red,Hydrant
31469719,Hydrant,Hydrant,34.92021221,-89.75221068,red,Hydrant
31469720,Hydrant,Hydrant,34.92169713,-89.75181630,red,Hydrant
31469721,Hydrant,Hydrant,34.92242956,-89.74961322,red,Hydrant
31469722,Hydrant,Hydrant,34.92254925,-89.75173078,red,Hydrant
31469723,Hydrant,Hydrant,34.92215670,-89.75622393,red,Hydrant
31469724,Hydrant,Hydrant,34.92140914,-89.75707829,red,Hydrant
31469725,Hydrant,Hydrant,34.92044574,-89.75691843,red,Hydrant
31469726,Hydrant,Hydrant,34.91994939,-89.75603132,red,Hydrant
31469727,Hydrant,Hydrant,34.92039659,-89.75445263,red,Hydrant
31469728,Hydrant,Hydrant,34.92134208,-89.75549051,red,Hydrant
31469729,Hydrant,Hydrant,34.92092385,-89.75342682,red,Hydrant
31469730,Hydrant,Hydrant,34.92196550,-89.75465898,red,Hydrant
31469731,Hydrant,Hydrant,34.92281468,-89.75533540,red,Hydrant
31469732,Hydrant,Hydrant,34.91912163,-89.75552743,red,Hydrant
31469733,Hydrant,Hydrant,34.91816277,-89.75609198,red,Hydrant
31469734,Hydrant,Hydrant,34.91844329,-89.75720727,red,Hydrant
31469735,Hydrant,Hydrant,34.91868705,-89.75876553,red,Hydrant
31469736,Hydrant,Hydrant,34.84152114,-89.94094511,red,Hydrant
31469737,Hydrant,Hydrant,34.84138316,-89.93928368,red,Hydrant
31469738,Hydrant,Hydrant,34.83645781,-89.93695098,red,Hydrant
31469739,Hydrant,Hydrant,34.83719570,-89.93864325,red,Hydrant
31469740,Hydrant,Hydrant,34.83804105,-89.94011297,red,Hydrant
31469741,Hydrant,Hydrant,34.83968796,-89.93981240,red,Hydrant
31469742,Hydrant,Hydrant,34.84046667,-89.93869830,red,Hydrant
31469743,Hydrant,Hydrant,34.84059412,-89.93694125,red,Hydrant
31469744,Hydrant,Hydrant,34.83822916,-89.94166658,red,Hydrant
31469745,Hydrant,Hydrant,34.83998553,-89.94175921,red,Hydrant
31469746,Hydrant,Hydrant,34.84062297,-89.94329055,red,Hydrant
31469747,Hydrant,Hydrant,34.83860773,-89.94292657,red,Hydrant
31469748,Hydrant,Hydrant,34.83932792,-89.94431619,red,Hydrant
31469749,Hydrant,Hydrant,34.85400275,-89.94392455,red,Hydrant
31469750,Hydrant,Hydrant,34.84595070,-89.90857271,red,Hydrant
31469751,Hydrant,Hydrant,34.84253318,-89.90884048,red,Hydrant
31469752,Hydrant,Hydrant,34.89541812,-90.03614345,red,Hydrant
31469753,Hydrant,Hydrant,34.89541438,-90.03852298,red,Hydrant
31469754,Hydrant,Hydrant,34.89539683,-90.04113415,red,Hydrant
31469755,Hydrant,Hydrant,34.88823301,-89.94171476,red,Hydrant
31469756,Hydrant,Hydrant,34.88604712,-89.94301949,red,Hydrant
31469757,Hydrant,Hydrant,34.88714756,-89.94327009,red,Hydrant
31469758,Hydrant,Hydrant,34.88655804,-89.94462040,red,Hydrant
31469759,Hydrant,Hydrant,34.89167958,-89.90591842,red,Hydrant
31469760,Hydrant,Hydrant,34.89241244,-90.01521413,red,Hydrant
31469761,Hydrant,Hydrant,34.89349713,-90.01776310,red,Hydrant
31469762,Hydrant,Hydrant,34.88864675,-89.95486937,red,Hydrant
31469763,Hydrant,Hydrant,34.90750380,-89.76269908,red,Hydrant
31469764,Hydrant,Hydrant,34.90927958,-89.76137575,red,Hydrant
31469765,Hydrant,Hydrant,34.90983496,-89.76266658,red,Hydrant
31469766,Hydrant,Hydrant,34.91030581,-89.76381104,red,Hydrant
31469767,Hydrant,Hydrant,34.91081280,-89.76558901,red,Hydrant
31469768,Hydrant,Hydrant,34.91076844,-89.76727533,red,Hydrant
31469769,Hydrant,Hydrant,34.91158796,-89.76699064,red,Hydrant
31469770,Hydrant,Hydrant,34.90974777,-89.76715644,red,Hydrant
31469771,Hydrant,Hydrant,34.90581415,-89.76555940,red,Hydrant
31469772,Hydrant,Hydrant,34.90629482,-89.76454430,red,Hydrant
31469773,Hydrant,Hydrant,34.90828460,-89.76656431,red,Hydrant
31469774,Hydrant,Hydrant,34.90701493,-89.76636783,red,Hydrant
31469775,Hydrant,Hydrant,34.90562253,-89.76637730,red,Hydrant
31469776,Hydrant,Hydrant,34.91197438,-89.76699957,red,Hydrant
31469777,Hydrant,Hydrant,34.94491124,-89.74010672,red,Hydrant
31469778,Hydrant,Hydrant,34.94577686,-89.73864245,red,Hydrant
31469779,Hydrant,Hydrant,34.94378717,-89.73910217,red,Hydrant
31469780,Hydrant,Hydrant,34.94679931,-89.73838860,red,Hydrant
31469781,Hydrant,Hydrant,34.94721530,-89.73612431,red,Hydrant
31469782,Hydrant,Hydrant,34.94549911,-89.73517195,red,Hydrant
31469783,Hydrant,Hydrant,34.94570239,-89.73676637,red,Hydrant
31469784,Hydrant,Hydrant,34.94530346,-89.73734067,red,Hydrant
31469785,Hydrant,Hydrant,34.94442224,-89.73423131,red,Hydrant
31469786,Hydrant,Hydrant,34.94398033,-89.73379992,red,Hydrant
31469787,Hydrant,Hydrant,34.94339091,-89.73347864,red,Hydrant
31469788,Hydrant,Hydrant,34.94441742,-89.73663050,red,Hydrant
31469789,Hydrant,Hydrant,34.94352110,-89.73504594,red,Hydrant
31469790,Hydrant,Hydrant,34.94428561,-89.74170480,red,Hydrant
31469791,Hydrant,Hydrant,34.85504913,-89.93489280,red,Hydrant
31469792,Hydrant,Hydrant,34.85604773,-89.93386911,red,Hydrant
31469793,Hydrant,Hydrant,34.85464790,-89.93385800,red,Hydrant
31469794,Hydrant,Hydrant,34.85465592,-89.93185803,red,Hydrant
31469795,Hydrant,Hydrant,34.85761336,-90.01018302,red,Hydrant
31469796,Hydrant,Hydrant,34.86066280,-90.01107947,red,Hydrant
31469797,Hydrant,Hydrant,34.86144920,-90.01472498,red,Hydrant
31469798,Hydrant,Hydrant,34.85883895,-90.01500473,red,Hydrant
31469799,Hydrant,Hydrant,34.85424407,-90.00994354,red,Hydrant
31469800,Hydrant,Hydrant,34.85652635,-90.01335872,red,Hydrant
31469801,Hydrant,Hydrant,34.85472844,-90.01468894,red,Hydrant
31469802,Hydrant,Hydrant,34.85684937,-90.01512658,red,Hydrant
31469803,Hydrant,Hydrant,34.85682938,-90.00462505,red,Hydrant
31469804,Hydrant,Hydrant,34.85531819,-90.00890533,red,Hydrant
31469805,Hydrant,Hydrant,34.85460614,-90.00663973,red,Hydrant
31469806,Hydrant,Hydrant,34.86450611,-90.01504438,red,Hydrant
31469807,Hydrant,Hydrant,34.86354353,-90.01179271,red,Hydrant
31469808,Hydrant,Hydrant,34.86258253,-90.00874970,red,Hydrant
31469809,Hydrant,Hydrant,34.86147327,-90.00489439,red,Hydrant
31469810,Hydrant,Hydrant,34.86003824,-90.00800716,red,Hydrant
31469811,Hydrant,Hydrant,34.85962837,-90.00459440,red,Hydrant
31469812,Hydrant,Hydrant,34.85726350,-90.00744207,red,Hydrant
31469813,Hydrant,Hydrant,34.85956772,-90.01319430,red,Hydrant
31469814,Hydrant,Hydrant,34.89511979,-90.04497361,red,Hydrant
31469815,Hydrant,Hydrant,34.89443481,-90.04780707,red,Hydrant
31469816,Hydrant,Hydrant,34.89480290,-90.05018530,red,Hydrant
31469817,Hydrant,Hydrant,34.89626291,-90.04626649,red,Hydrant
31469818,Hydrant,Hydrant,34.89627725,-90.04426323,red,Hydrant
31469819,Hydrant,Hydrant,34.89623875,-90.04815979,red,Hydrant
31469820,Hydrant,Hydrant,34.89621961,-90.05017465,red,Hydrant
31469821,Hydrant,Hydrant,34.82476637,-89.95590271,red,Hydrant
31469822,Hydrant,Hydrant,34.82707492,-89.94574438,red,Hydrant
31469823,Hydrant,Hydrant,34.81874198,-89.95191702,red,Hydrant
31469824,Hydrant,Hydrant,34.89072817,-89.90954716,red,Hydrant
31469825,Hydrant,Hydrant,34.93383000,-89.74254444,red,Hydrant
31469826,Hydrant,Hydrant,34.93488353,-89.74195539,red,Hydrant
31469827,Hydrant,Hydrant,34.93484944,-89.74280939,red,Hydrant
31469828,Hydrant,Hydrant,34.93474585,-89.74364153,red,Hydrant
31469829,Hydrant,Hydrant,34.93437606,-89.74458086,red,Hydrant
31469830,Hydrant,Hydrant,34.93381839,-89.74378521,red,Hydrant
31469831,Hydrant,Hydrant,34.88021016,-89.92249670,red,Hydrant
31469832,Hydrant,Hydrant,34.88052323,-89.91206755,red,Hydrant
31469833,Hydrant,Hydrant,34.91041304,-90.04179674,red,Hydrant
31469834,Hydrant,Hydrant,34.91052077,-90.03932732,red,Hydrant
31469835,Hydrant,Hydrant,34.92649107,-89.78750542,red,Hydrant
31469836,Hydrant,Hydrant,34.95115636,-89.74508344,red,Hydrant
31469837,Hydrant,Hydrant,34.95115909,-89.74364734,red,Hydrant
31469838,Hydrant,Hydrant,34.95228153,-89.74433150,red,Hydrant
31469839,Hydrant,Hydrant,34.95222749,-89.74545639,red,Hydrant
31469840,Hydrant,Hydrant,34.95265020,-89.74335415,red,Hydrant
31469841,Hydrant,Hydrant,34.95151631,-89.74269916,red,Hydrant
31469842,Hydrant,Hydrant,34.88613089,-89.95483748,red,Hydrant
31469843,Hydrant,Hydrant,34.88515070,-89.95485935,red,Hydrant
31469844,Hydrant,Hydrant,34.97319756,-90.09646794,red,Hydrant
31469845,Hydrant,Hydrant,34.93352918,-90.11404614,red,Hydrant
31469846,Hydrant,Hydrant,34.80632157,-89.91138986,red,Hydrant
31469847,Hydrant,Hydrant,34.80708217,-89.91283298,red,Hydrant
31469848,Hydrant,Hydrant,34.86227644,-89.83167581,red,Hydrant
31469849,Hydrant,Hydrant,34.86371645,-89.83165581,red,Hydrant
31469850,Hydrant,Hydrant,34.86583645,-89.83071581,red,Hydrant
31469851,Hydrant,Hydrant,34.86642645,-89.83164581,red,Hydrant
31469852,Hydrant,Hydrant,34.87283645,-89.83064581,red,Hydrant
31469853,Hydrant,Hydrant,34.88535645,-89.83058581,red,Hydrant
31469854,Hydrant,Hydrant,34.89186645,-89.83059581,red,Hydrant
31469855,Hydrant,Hydrant,34.89395645,-89.83061581,red,Hydrant
31469856,Hydrant,Hydrant,34.89670645,-89.83058581,red,Hydrant
31469857,Hydrant,Hydrant,34.90007645,-89.83067581,red,Hydrant
31469858,Hydrant,Hydrant,34.90391645,-89.83132581,red,Hydrant
31469859,Hydrant,Hydrant,34.90517645,-89.83046581,red,Hydrant
31469860,Hydrant,Hydrant,34.90824645,-89.83046581,red,Hydrant
31469861,Hydrant,Hydrant,34.91064645,-89.83045581,red,Hydrant
31469862,Hydrant,Hydrant,34.91844646,-89.81709581,red,Hydrant
31469863,Hydrant,Hydrant,34.91851646,-89.81081581,red,Hydrant
31469864,Hydrant,Hydrant,34.91852646,-89.80823580,red,Hydrant
31469865,Hydrant,Hydrant,34.82439644,-89.87351582,red,Hydrant
31469866,Hydrant,Hydrant,34.90784645,-89.82752581,red,Hydrant
31469867,Hydrant,Hydrant,34.90805645,-89.82107581,red,Hydrant
31469868,Hydrant,Hydrant,34.90193645,-89.82364581,red,Hydrant
31469869,Hydrant,Hydrant,34.90222645,-89.82159581,red,Hydrant
31469870,Hydrant,Hydrant,34.90532645,-89.82070581,red,Hydrant
31469871,Hydrant,Hydrant,34.90182645,-89.81936581,red,Hydrant
31469872,Hydrant,Hydrant,34.89979645,-89.81370580,red,Hydrant
31469873,Hydrant,Hydrant,34.89927645,-89.80822580,red,Hydrant
31469874,Hydrant,Hydrant,34.89572645,-89.80196580,red,Hydrant
31469875,Hydrant,Hydrant,34.89879645,-89.80627580,red,Hydrant
31469876,Hydrant,Hydrant,34.89668645,-89.80116580,red,Hydrant
31469877,Hydrant,Hydrant,34.89665645,-89.79658580,red,Hydrant
31469878,Hydrant,Hydrant,34.89344645,-89.80077580,red,Hydrant
31469879,Hydrant,Hydrant,34.89060645,-89.80409580,red,Hydrant
31469880,Hydrant,Hydrant,34.88934645,-89.84821581,red,Hydrant
31469881,Hydrant,Hydrant,34.88940645,-89.85981582,red,Hydrant
31469882,Hydrant,Hydrant,34.88933645,-89.85651582,red,Hydrant
31469883,Hydrant,Hydrant,34.89675645,-89.86586582,red,Hydrant
31469884,Hydrant,Hydrant,34.89681645,-89.86061582,red,Hydrant
31469885,Hydrant,Hydrant,34.89686645,-89.85557582,red,Hydrant
31469886,Hydrant,Hydrant,34.88140645,-89.86581582,red,Hydrant
31469887,Hydrant,Hydrant,34.87870645,-89.86584582,red,Hydrant
31469888,Hydrant,Hydrant,34.88147645,-89.84814581,red,Hydrant
31469889,Hydrant,Hydrant,34.87515645,-89.84818581,red,Hydrant
31469890,Hydrant,Hydrant,34.87004645,-89.84813581,red,Hydrant
31469891,Hydrant,Hydrant,34.86363644,-89.84837581,red,Hydrant
31469892,Hydrant,Hydrant,34.86095644,-89.84803581,red,Hydrant
31469893,Hydrant,Hydrant,34.86062644,-89.83519581,red,Hydrant
31469894,Hydrant,Hydrant,34.85514644,-89.83060581,red,Hydrant
31469895,Hydrant,Hydrant,34.84593644,-89.84289581,red,Hydrant
31469896,Hydrant,Hydrant,34.84592644,-89.86261581,red,Hydrant
31469897,Hydrant,Hydrant,34.84607644,-89.87085582,red,Hydrant
31469898,Hydrant,Hydrant,34.84132644,-89.86402582,red,Hydrant
31469899,Hydrant,Hydrant,34.83540644,-89.86431582,red,Hydrant
31469900,Hydrant,Hydrant,34.83326644,-89.86115581,red,Hydrant
31469901,Hydrant,Hydrant,34.83170644,-89.86691582,red,Hydrant
31469902,Hydrant,Hydrant,34.85543644,-89.86130582,red,Hydrant
31469903,Hydrant,Hydrant,34.86091644,-89.86266582,red,Hydrant
31469904,Hydrant,Hydrant,34.86091644,-89.85648581,red,Hydrant
31469905,Hydrant,Hydrant,34.86088644,-89.85280581,red,Hydrant
31469906,Hydrant,Hydrant,34.86987644,-89.86597582,red,Hydrant
31469907,Hydrant,Hydrant,34.87077644,-89.86650582,red,Hydrant
31469908,Hydrant,Hydrant,34.87135644,-89.86764582,red,Hydrant
31469909,Hydrant,Hydrant,34.87030644,-89.86869582,red,Hydrant
31469910,Hydrant,Hydrant,34.86995644,-89.86810582,red,Hydrant
31469911,Hydrant,Hydrant,34.87479645,-89.86766582,red,Hydrant
31469912,Hydrant,Hydrant,34.87446645,-89.86913582,red,Hydrant
31469913,Hydrant,Hydrant,34.87369645,-89.86943582,red,Hydrant
31469914,Hydrant,Hydrant,34.87308645,-89.86944582,red,Hydrant
31469915,Hydrant,Hydrant,34.87265645,-89.86856582,red,Hydrant
31469916,Hydrant,Hydrant,34.87322645,-89.86707582,red,Hydrant
31469917,Hydrant,Hydrant,34.86863644,-89.86612582,red,Hydrant
31469918,Hydrant,Hydrant,34.86829644,-89.86697582,red,Hydrant
31469919,Hydrant,Hydrant,34.86830644,-89.86776582,red,Hydrant
31469920,Hydrant,Hydrant,34.86884644,-89.86843582,red,Hydrant
31469921,Hydrant,Hydrant,34.86951644,-89.86909582,red,Hydrant
31469922,Hydrant,Hydrant,34.87036644,-89.86995582,red,Hydrant
31469923,Hydrant,Hydrant,34.87108644,-89.86986582,red,Hydrant
31469924,Hydrant,Hydrant,34.87162645,-89.86916582,red,Hydrant
31469925,Hydrant,Hydrant,34.87205645,-89.86833582,red,Hydrant
31469926,Hydrant,Hydrant,34.87242644,-89.86745582,red,Hydrant
31469927,Hydrant,Hydrant,34.87279644,-89.86658582,red,Hydrant
31469928,Hydrant,Hydrant,34.86183644,-89.82902581,red,Hydrant
31469929,Hydrant,Hydrant,34.86094644,-89.82655581,red,Hydrant
31469930,Hydrant,Hydrant,34.89961645,-89.81167580,red,Hydrant
31469931,Hydrant,Hydrant,34.87204645,-89.75821579,red,Hydrant
31469932,Hydrant,Hydrant,34.82884644,-89.86051581,red,Hydrant
31469933,Hydrant,Hydrant,34.86008645,-89.73714578,red,Hydrant
31469934,Hydrant,Hydrant,34.86010645,-89.76046579,red,Hydrant
31469935,Hydrant,Hydrant,34.90838645,-89.81485581,red,Hydrant
31469936,Hydrant,Hydrant,34.87026644,-89.87100582,red,Hydrant
31469937,Hydrant,Hydrant,34.87105644,-89.87167582,red,Hydrant
31469938,Hydrant,Hydrant,34.87030644,-89.87288582,red,Hydrant
31469939,Hydrant,Hydrant,34.86930644,-89.87212582,red,Hydrant
31469940,Hydrant,Hydrant,34.86946644,-89.87076582,red,Hydrant
31469941,Hydrant,Hydrant,34.87162645,-89.87223582,red,Hydrant
31469942,Hydrant,Hydrant,34.85242644,-89.77863579,red,Hydrant
31469943,Hydrant,Hydrant,34.83843644,-89.77049579,red,Hydrant
31469944,Hydrant,Hydrant,34.88933645,-89.83072581,red,Hydrant
31469945,Hydrant,Hydrant,34.88656645,-89.83189581,red,Hydrant
31469946,Hydrant,Hydrant,34.89304645,-89.86557582,red,Hydrant
31469947,Hydrant,Hydrant,34.89323645,-89.86094582,red,Hydrant
31469948,Hydrant,Hydrant,34.89322645,-89.85795582,red,Hydrant
31469949,Hydrant,Hydrant,34.85999645,-89.74046578,red,Hydrant
31469950,Hydrant,Hydrant,34.85642645,-89.74040578,red,Hydrant
31469951,Hydrant,Hydrant,34.85363645,-89.74025578,red,Hydrant
31469952,Hydrant,Hydrant,34.85171645,-89.74282578,red,Hydrant
31469953,Hydrant,Hydrant,34.85167645,-89.73835578,red,Hydrant
31469954,Hydrant,Hydrant,34.85170645,-89.73411578,red,Hydrant
31469955,Hydrant,Hydrant,34.85498645,-89.73373578,red,Hydrant
31469956,Hydrant,Hydrant,34.85610645,-89.73673578,red,Hydrant
31469957,Hydrant,Hydrant,34.85378645,-89.73663578,red,Hydrant
31469958,Hydrant,Hydrant,34.88831645,-89.85215582,red,Hydrant
31469959,Hydrant,Hydrant,34.88596645,-89.85209581,red,Hydrant
31469960,Hydrant,Hydrant,34.88428645,-89.85291581,red,Hydrant
31469961,Hydrant,Hydrant,34.88602645,-89.85356581,red,Hydrant
31469962,Hydrant,Hydrant,34.88825645,-89.85375582,red,Hydrant
31469963,Hydrant,Hydrant,34.84604644,-89.83094581,red,Hydrant
31469964,Hydrant,Hydrant,34.90790645,-89.82483581,red,Hydrant
31469965,Hydrant,Hydrant,34.90927645,-89.81969581,red,Hydrant
31469966,Hydrant,Hydrant,34.91062645,-89.82458581,red,Hydrant
31469967,Hydrant,Hydrant,34.91282646,-89.82319581,red,Hydrant
31469968,Hydrant,Hydrant,34.91193646,-89.81985581,red,Hydrant
31469969,Hydrant,Hydrant,34.90189645,-89.82596581,red,Hydrant
31469970,Hydrant,Hydrant,34.90016645,-89.83186581,red,Hydrant
31469971,Hydrant,Hydrant,34.89975645,-89.83363581,red,Hydrant
31469972,Hydrant,Hydrant,34.89895645,-89.83493581,red,Hydrant
31469973,Hydrant,Hydrant,34.89855645,-89.83629581,red,Hydrant
31469974,Hydrant,Hydrant,34.89828645,-89.83808581,red,Hydrant
31469975,Hydrant,Hydrant,34.89945645,-89.83816581,red,Hydrant
31469976,Hydrant,Hydrant,34.90086645,-89.83813581,red,Hydrant
31469977,Hydrant,Hydrant,34.89981645,-89.83672581,red,Hydrant
31469978,Hydrant,Hydrant,34.90117645,-89.83636581,red,Hydrant
31469979,Hydrant,Hydrant,34.90093645,-89.83470581,red,Hydrant
31469980,Hydrant,Hydrant,34.90116645,-89.83307581,red,Hydrant
31469981,Hydrant,Hydrant,34.91812646,-89.81356581,red,Hydrant
31469982,Hydrant,Hydrant,34.91546646,-89.81398581,red,Hydrant
31469983,Hydrant,Hydrant,34.91363646,-89.81389581,red,Hydrant
31469984,Hydrant,Hydrant,34.91163645,-89.81513581,red,Hydrant
31469985,Hydrant,Hydrant,34.91099646,-89.81373581,red,Hydrant
31469986,Hydrant,Hydrant,34.90968646,-89.81222581,red,Hydrant
31469987,Hydrant,Hydrant,34.90878645,-89.80934580,red,Hydrant
31469988,Hydrant,Hydrant,34.91043646,-89.81059581,red,Hydrant
31469989,Hydrant,Hydrant,34.91795646,-89.81463581,red,Hydrant
31469990,Hydrant,Hydrant,34.90943645,-89.81638581,red,Hydrant
31469991,Hydrant,Hydrant,34.91047646,-89.81668581,red,Hydrant
31469992,Hydrant,Hydrant,34.89575645,-89.80787580,red,Hydrant
31469993,Hydrant,Hydrant,34.89418645,-89.80790580,red,Hydrant
31469994,Hydrant,Hydrant,34.89416645,-89.81113580,red,Hydrant
31469995,Hydrant,Hydrant,34.91840540,-89.80206609,red,Hydrant
31469996,Hydrant,Hydrant,34.82687644,-89.86775582,red,Hydrant
31469997,Hydrant,Hydrant,34.82504644,-89.86753582,red,Hydrant
31469998,Hydrant,Hydrant,34.88545645,-89.85546582,red,Hydrant
31469999,Hydrant,Hydrant,34.88432645,-89.85572582,red,Hydrant
31470000,Hydrant,Hydrant,34.88308645,-89.85531582,red,Hydrant
31470001,Hydrant,Hydrant,34.88838645,-89.84996581,red,Hydrant
31470002,Hydrant,Hydrant,34.88187645,-89.83066581,red,Hydrant
31470003,Hydrant,Hydrant,34.88208645,-89.83353581,red,Hydrant
31470004,Hydrant,Hydrant,34.90386645,-89.83359581,red,Hydrant
31470005,Hydrant,Hydrant,34.86089644,-89.83866581,red,Hydrant
31470006,Hydrant,Hydrant,34.89381645,-89.82760581,red,Hydrant
31470007,Hydrant,Hydrant,34.89388645,-89.82422581,red,Hydrant
31470008,Hydrant,Hydrant,34.88964645,-89.82620581,red,Hydrant
31470009,Hydrant,Hydrant,34.86560644,-89.83381581,red,Hydrant
31470010,Hydrant,Hydrant,34.89043645,-89.84785581,red,Hydrant
31470011,Hydrant,Hydrant,34.89213645,-89.84821581,red,Hydrant
31470012,Hydrant,Hydrant,34.89430645,-89.84825581,red,Hydrant
31470013,Hydrant,Hydrant,34.89671645,-89.84796581,red,Hydrant
31470014,Hydrant,Hydrant,34.91822646,-89.82380581,red,Hydrant
31470015,Hydrant,Hydrant,34.91582646,-89.82955581,red,Hydrant
31470016,Hydrant,Hydrant,34.91433646,-89.82949581,red,Hydrant
31470017,Hydrant,Hydrant,34.91386645,-89.82825581,red,Hydrant
31470018,Hydrant,Hydrant,34.91325646,-89.82705581,red,Hydrant
31470019,Hydrant,Hydrant,34.91261645,-89.82890581,red,Hydrant
31470020,Hydrant,Hydrant,34.91463645,-89.82686581,red,Hydrant
31470021,Hydrant,Hydrant,34.91598646,-89.82540581,red,Hydrant
31470022,Hydrant,Hydrant,34.91635646,-89.82392581,red,Hydrant
31470023,Hydrant,Hydrant,34.91759646,-89.82406581,red,Hydrant
31470024,Hydrant,Hydrant,34.91777646,-89.82588581,red,Hydrant
31470025,Hydrant,Hydrant,34.91730646,-89.82783581,red,Hydrant
31470026,Hydrant,Hydrant,34.86443645,-89.82710581,red,Hydrant
31470027,Hydrant,Hydrant,34.86643645,-89.82555581,red,Hydrant
31470028,Hydrant,Hydrant,34.86545645,-89.82270581,red,Hydrant
31470029,Hydrant,Hydrant,34.86432645,-89.82264581,red,Hydrant
31470030,Hydrant,Hydrant,34.86669645,-89.82270581,red,Hydrant
31470031,Hydrant,Hydrant,34.90169645,-89.83006581,red,Hydrant
31470032,Hydrant,Hydrant,34.89985645,-89.82371581,red,Hydrant
31470033,Hydrant,Hydrant,34.84835644,-89.79334580,red,Hydrant
31470034,Hydrant,Hydrant,34.84590644,-89.85761581,red,Hydrant
31470035,Hydrant,Hydrant,34.87573645,-89.86586582,red,Hydrant
31470036,Hydrant,Hydrant,34.87662645,-89.86650582,red,Hydrant
31470037,Hydrant,Hydrant,34.87771645,-89.86649582,red,Hydrant
31470038,Hydrant,Hydrant,34.87572645,-89.86738582,red,Hydrant
31470039,Hydrant,Hydrant,34.87611645,-89.86803582,red,Hydrant
31470040,Hydrant,Hydrant,34.87692645,-89.86804582,red,Hydrant
31470041,Hydrant,Hydrant,34.87730645,-89.86950582,red,Hydrant
31470042,Hydrant,Hydrant,34.87728645,-89.87078582,red,Hydrant
31470043,Hydrant,Hydrant,34.87664645,-89.87037582,red,Hydrant
31470044,Hydrant,Hydrant,34.87564645,-89.87045582,red,Hydrant
31470045,Hydrant,Hydrant,34.87641645,-89.86940582,red,Hydrant
31470046,Hydrant,Hydrant,34.87573645,-89.86871582,red,Hydrant
31470047,Hydrant,Hydrant,34.89492645,-89.83243581,red,Hydrant
31470048,Hydrant,Hydrant,34.89581645,-89.83675581,red,Hydrant
31470049,Hydrant,Hydrant,34.89661645,-89.83445581,red,Hydrant
31470050,Hydrant,Hydrant,34.89819645,-89.83189581,red,Hydrant
31470051,Hydrant,Hydrant,34.91873074,-89.79513477,red,Hydrant
31470052,Hydrant,Hydrant,34.87601645,-89.86260582,red,Hydrant
31470053,Hydrant,Hydrant,34.88795645,-89.83232581,red,Hydrant
31470054,Hydrant,Hydrant,34.88759645,-89.83232581,red,Hydrant
31470055,Hydrant,Hydrant,34.88620645,-89.83290581,red,Hydrant
31470056,Hydrant,Hydrant,34.84452644,-89.77792579,red,Hydrant
31470057,Hydrant,Hydrant,34.84453644,-89.77894579,red,Hydrant
31470058,Hydrant,Hydrant,34.84450644,-89.78021579,red,Hydrant
31470059,Hydrant,Hydrant,34.84452644,-89.78154579,red,Hydrant
31470060,Hydrant,Hydrant,34.84470644,-89.78312579,red,Hydrant
31470061,Hydrant,Hydrant,34.84473644,-89.78476579,red,Hydrant
31470062,Hydrant,Hydrant,34.84332097,-89.76765579,red,Hydrant
31470063,Hydrant,Hydrant,34.84396549,-89.76616579,red,Hydrant
31470064,Hydrant,Hydrant,34.84401192,-89.76491203,red,Hydrant
31470065,Hydrant,Hydrant,34.84401644,-89.76298579,red,Hydrant
31470066,Hydrant,Hydrant,34.84402644,-89.76088579,red,Hydrant
31470067,Hydrant,Hydrant,34.87200189,-89.75575327,red,Hydrant
31470068,Hydrant,Hydrant,34.87571645,-89.86478582,red,Hydrant
31470069,Hydrant,Hydrant,34.87467645,-89.86470582,red,Hydrant
31470070,Hydrant,Hydrant,34.87374645,-89.86464582,red,Hydrant
31470071,Hydrant,Hydrant,34.87460645,-89.86366582,red,Hydrant
31470072,Hydrant,Hydrant,34.87730645,-89.87163582,red,Hydrant
31470073,Hydrant,Hydrant,34.87734645,-89.87319582,red,Hydrant
31470074,Hydrant,Hydrant,34.87659645,-89.87416582,red,Hydrant
31470075,Hydrant,Hydrant,34.87649645,-89.87260582,red,Hydrant
31470076,Hydrant,Hydrant,34.87652645,-89.87156582,red,Hydrant
31470077,Hydrant,Hydrant,34.87567645,-89.87194582,red,Hydrant
31470078,Hydrant,Hydrant,34.80236395,-89.90706298,red,Hydrant
31470079,Hydrant,Hydrant,34.80318462,-89.90972823,red,Hydrant
31470080,Hydrant,Hydrant,34.99486567,-89.98968440,red,Hydrant
31470081,Hydrant,Hydrant,34.99487377,-90.06075257,red,Hydrant
31470082,Hydrant,Hydrant,34.88141003,-90.04852313,red,Hydrant
31470083,Hydrant,Hydrant,34.87901644,-90.04845589,red,Hydrant
31470084,Hydrant,Hydrant,34.87963343,-90.04309652,red,Hydrant
31470085,Hydrant,Hydrant,34.87896279,-90.04693661,red,Hydrant
31470086,Hydrant,Hydrant,34.95752173,-89.73895747,red,Hydrant
31470087,Hydrant,Hydrant,34.93315940,-90.07819525,red,Hydrant
31470088,Hydrant,Hydrant,34.93216401,-89.74514228,red,Hydrant
31470089,Hydrant,Hydrant,34.93284992,-89.74506097,red,Hydrant
31470090,Hydrant,Hydrant,34.93261251,-89.74274987,red,Hydrant
31470091,Hydrant,Hydrant,34.93213693,-89.74353405,red,Hydrant
31470092,Hydrant,Hydrant,34.92448055,-89.75337244,red,Hydrant
31470093,Hydrant,Hydrant,34.92321142,-89.75015982,red,Hydrant
31470094,Hydrant,Hydrant,34.92280008,-89.74927243,red,Hydrant
31470095,Hydrant,Hydrant,34.82718851,-90.15242926,red,Hydrant
31470096,Hydrant,Hydrant,34.79683865,-90.16152440,red,Hydrant
31470097,Hydrant,Hydrant,34.84547176,-90.14564481,red,Hydrant
31470098,Hydrant,Hydrant,34.86547931,-90.14299522,red,Hydrant
31470099,Hydrant,Hydrant,34.84497773,-90.12632009,red,Hydrant
31470100,Hydrant,Hydrant,34.78089057,-90.18518371,red,Hydrant
31470101,Hydrant,Hydrant,34.80524437,-90.14859129,red,Hydrant
31470102,Hydrant,Hydrant,34.84317175,-90.12407719,red,Hydrant
31470103,Hydrant,Hydrant,34.84268841,-90.12617354,red,Hydrant
31470104,Hydrant,Hydrant,34.84390633,-90.12839090,red,Hydrant
31470105,Hydrant,Hydrant,34.84432773,-90.13119976,red,Hydrant
31470106,Hydrant,Hydrant,34.83967830,-90.14988943,red,Hydrant
31470107,Hydrant,Hydrant,34.83972754,-90.15490538,red,Hydrant
31470108,Hydrant,Hydrant,34.88057286,-90.13146334,red,Hydrant
31470109,Hydrant,Hydrant,34.81046771,-90.14835715,red,Hydrant
31470110,Hydrant,Hydrant,34.79994731,-90.14864740,red,Hydrant
31470111,Hydrant,Hydrant,34.78849296,-90.16039206,red,Hydrant
31470112,Hydrant,Hydrant,34.83087447,-90.14781201,red,Hydrant
31470113,Hydrant,Hydrant,34.81332008,-90.13497885,red,Hydrant
31470114,Hydrant,Hydrant,34.80039506,-90.15643613,red,Hydrant
31470115,Hydrant,Hydrant,34.83970614,-90.15275574,red,Hydrant
31470116,Hydrant,Hydrant,34.84287420,-90.13105804,red,Hydrant
31470117,Hydrant,Hydrant,34.86516399,-90.13865272,red,Hydrant
31470118,Hydrant,Hydrant,34.86516765,-90.13453405,red,Hydrant
31470119,Hydrant,Hydrant,34.87153795,-90.13161092,red,Hydrant
31470120,Hydrant,Hydrant,34.86168515,-90.14170677,red,Hydrant
31470121,Hydrant,Hydrant,34.86197260,-90.14609698,red,Hydrant
31470122,Hydrant,Hydrant,34.87868832,-90.13153561,red,Hydrant
31470123,Hydrant,Hydrant,34.86440845,-90.14544434,red,Hydrant
31470124,Hydrant,Hydrant,34.86200305,-90.17934142,red,Hydrant
31470125,Hydrant,Hydrant,34.82361965,-90.17053188,red,Hydrant
31470126,Hydrant,Hydrant,34.82386456,-90.17552795,red,Hydrant
31470127,Hydrant,Hydrant,34.82226145,-90.17171718,red,Hydrant
31470128,Hydrant,Hydrant,34.82224653,-90.14900074,red,Hydrant
31470129,Hydrant,Hydrant,34.86477045,-90.14753611,red,Hydrant
31470130,Hydrant,Hydrant,34.87945112,-90.14643217,red,Hydrant
31470131,Hydrant,Hydrant,34.88326885,-90.14036857,red,Hydrant
31470132,Hydrant,Hydrant,34.87707315,-90.14237070,red,Hydrant
31470133,Hydrant,Hydrant,34.86407100,-90.17617185,red,Hydrant
31470134,Hydrant,Hydrant,34.82543501,-90.16676879,red,Hydrant
31470135,Hydrant,Hydrant,34.87904955,-90.14370625,red,Hydrant
31470136,Hydrant,Hydrant,34.88850462,-90.14008715,red,Hydrant
31470137,Hydrant,Hydrant,34.86535412,-90.17373447,red,Hydrant
31470138,Hydrant,Hydrant,34.88958429,-90.14614207,red,Hydrant
31470139,Hydrant,Hydrant,34.77827238,-90.17863854,red,Hydrant
31470140,Hydrant,Hydrant,34.77891752,-90.18438283,red,Hydrant
31470141,Hydrant,Hydrant,34.82246674,-90.15024872,red,Hydrant
31470142,Hydrant,Hydrant,34.82225451,-90.16691166,red,Hydrant
31470143,Hydrant,Hydrant,34.87634306,-90.15357719,red,Hydrant
31470144,Hydrant,Hydrant,34.86182988,-90.17634565,red,Hydrant
31470145,Hydrant,Hydrant,34.86549687,-90.17550067,red,Hydrant
31470146,Hydrant,Hydrant,34.87398781,-90.14509861,red,Hydrant
31470147,Hydrant,Hydrant,34.82268779,-90.16917518,red,Hydrant
31470148,Hydrant,Hydrant,34.86705985,-90.17960844,red,Hydrant
31470149,Hydrant,Hydrant,34.82191324,-90.17400952,red,Hydrant
31470150,Hydrant,Hydrant,34.82427362,-90.16874959,red,Hydrant
31470151,Hydrant,Hydrant,34.87478815,-90.13467190,red,Hydrant
31470152,Hydrant,Hydrant,34.82314196,-90.17377710,red,Hydrant
31470153,Hydrant,Hydrant,34.86322096,-90.18057698,red,Hydrant
31470154,Hydrant,Hydrant,34.86480365,-90.18014444,red,Hydrant
31470155,Hydrant,Hydrant,34.79713212,-90.14855430,red,Hydrant
31470156,Hydrant,Hydrant,34.82221044,-90.15166757,red,Hydrant
31470157,Hydrant,Hydrant,34.80260024,-90.19372297,red,Hydrant
31470158,Hydrant,Hydrant,34.86128499,-90.18196467,red,Hydrant
31470159,Hydrant,Hydrant,34.87567490,-90.15441822,red,Hydrant
31470160,Hydrant,Hydrant,34.86385154,-90.17441731,red,Hydrant
31470161,Hydrant,Hydrant,34.86030698,-90.15172663,red,Hydrant
31470162,Hydrant,Hydrant,34.82351968,-90.15286798,red,Hydrant
31470163,Hydrant,Hydrant,34.78697710,-90.19081469,red,Hydrant
31470164,Hydrant,Hydrant,34.80486872,-90.17916529,red,Hydrant
31470165,Hydrant,Hydrant,34.83037913,-90.15325378,red,Hydrant
31470166,Hydrant,Hydrant,34.85077531,-90.12788876,red,Hydrant
31470167,Hydrant,Hydrant,34.85256868,-90.12842562,red,Hydrant
31470168,Hydrant,Hydrant,34.85257758,-90.12644502,red,Hydrant
31470169,Hydrant,Hydrant,34.85269921,-90.12773091,red,Hydrant
31470170,Hydrant,Hydrant,34.75279711,-89.99112237,red,Hydrant
31470171,Hydrant,Hydrant,34.79616443,-89.97921336,red,Hydrant
31470172,Hydrant,Hydrant,34.79793530,-89.97859109,red,Hydrant
31470173,Hydrant,Hydrant,34.79666662,-89.97493255,red,Hydrant
31470174,Hydrant,Hydrant,34.79874583,-89.97562993,red,Hydrant
31470175,Hydrant,Hydrant,34.79911387,-89.97451136,red,Hydrant
31470176,Hydrant,Hydrant,34.78767078,-89.94232761,red,Hydrant
31470177,Hydrant,Hydrant,34.79022601,-89.94229543,red,Hydrant
31470178,Hydrant,Hydrant,34.79385608,-89.94253146,red,Hydrant
31470179,Hydrant,Hydrant,34.79707190,-89.94340050,red,Hydrant
31470180,Hydrant,Hydrant,34.81146665,-89.93080484,red,Hydrant
31470181,Hydrant,Hydrant,34.80993392,-89.93074047,red,Hydrant
31470182,Hydrant,Hydrant,34.80963441,-89.92883073,red,Hydrant
31470183,Hydrant,Hydrant,34.81072671,-89.92865907,red,Hydrant
31470184,Hydrant,Hydrant,34.81187185,-89.92859470,red,Hydrant
31470185,Hydrant,Hydrant,34.80595219,-89.93668424,red,Hydrant
31470186,Hydrant,Hydrant,34.78753861,-89.93619071,red,Hydrant
31470187,Hydrant,Hydrant,34.75306156,-89.97078049,red,Hydrant
31470188,Hydrant,Hydrant,34.74858343,-89.98314011,red,Hydrant
31470189,Hydrant,Hydrant,34.75457336,-89.99011652,red,Hydrant
31470190,Hydrant,Hydrant,34.77236414,-89.98897660,red,Hydrant
31470191,Hydrant,Hydrant,34.77384470,-89.98457778,red,Hydrant
31470192,Hydrant,Hydrant,34.77655898,-89.98232472,red,Hydrant
31470193,Hydrant,Hydrant,34.78286848,-89.98231399,red,Hydrant
31470194,Hydrant,Hydrant,34.78270987,-89.98015750,red,Hydrant
31470195,Hydrant,Hydrant,34.78250720,-89.97881639,red,Hydrant
31470196,Hydrant,Hydrant,34.78146519,-89.97978735,red,Hydrant
31470197,Hydrant,Hydrant,34.78017202,-89.97977126,red,Hydrant
31470198,Hydrant,Hydrant,34.78975903,-89.98560775,red,Hydrant
31470199,Hydrant,Hydrant,34.79116879,-89.98567212,red,Hydrant
31470200,Hydrant,Hydrant,34.79366224,-89.98563993,red,Hydrant
31470201,Hydrant,Hydrant,34.79425255,-89.98704541,red,Hydrant
31470202,Hydrant,Hydrant,34.79412920,-89.98886931,red,Hydrant
31470203,Hydrant,Hydrant,34.79798816,-89.98324740,red,Hydrant
31470204,Hydrant,Hydrant,34.79825246,-89.97673500,red,Hydrant
31470205,Hydrant,Hydrant,34.80104524,-89.97347343,red,Hydrant
31470206,Hydrant,Hydrant,34.80072808,-89.97524369,red,Hydrant
31470207,Hydrant,Hydrant,34.80055629,-89.97784543,red,Hydrant
31470208,Hydrant,Hydrant,34.80056069,-89.97926164,red,Hydrant
31470209,Hydrant,Hydrant,34.79936254,-89.97216988,red,Hydrant
31470210,Hydrant,Hydrant,34.81056815,-89.98268951,red,Hydrant
31470211,Hydrant,Hydrant,34.81029508,-89.98304892,red,Hydrant
31470212,Hydrant,Hydrant,34.80738369,-89.97178364,red,Hydrant
31470213,Hydrant,Hydrant,34.80125668,-89.97185338,red,Hydrant
31470214,Hydrant,Hydrant,34.79500585,-89.97188556,red,Hydrant
31470215,Hydrant,Hydrant,34.77914981,-89.97432101,red,Hydrant
31470216,Hydrant,Hydrant,34.77501679,-89.97288334,red,Hydrant
31470217,Hydrant,Hydrant,34.77989885,-89.96642458,red,Hydrant
31470218,Hydrant,Hydrant,34.77680573,-89.96601689,red,Hydrant
31470219,Hydrant,Hydrant,34.77215263,-89.96550190,red,Hydrant
31470220,Hydrant,Hydrant,34.76839240,-89.96468415,red,Hydrant
31470221,Hydrant,Hydrant,34.76537519,-89.96760475,red,Hydrant
31470222,Hydrant,Hydrant,34.76322462,-89.96889758,red,Hydrant
31470223,Hydrant,Hydrant,34.76144420,-89.97035670,red,Hydrant
31470224,Hydrant,Hydrant,34.74359372,-89.99377776,red,Hydrant
31470225,Hydrant,Hydrant,34.74705834,-89.99279607,red,Hydrant
31470226,Hydrant,Hydrant,34.75059333,-89.99137986,red,Hydrant
31470227,Hydrant,Hydrant,34.75971661,-89.98883713,red,Hydrant
31470228,Hydrant,Hydrant,34.76269138,-89.98873520,red,Hydrant
31470229,Hydrant,Hydrant,34.76491688,-89.98886395,red,Hydrant
31470230,Hydrant,Hydrant,34.77692691,-89.98909998,red,Hydrant
31470231,Hydrant,Hydrant,34.77942079,-89.98907316,red,Hydrant
31470232,Hydrant,Hydrant,34.78447221,-89.98913485,red,Hydrant
31470233,Hydrant,Hydrant,34.80384893,-89.98907853,red,Hydrant
31470234,Hydrant,Hydrant,34.80833508,-89.98925555,red,Hydrant
31470235,Hydrant,Hydrant,34.79780314,-90.02204289,red,Hydrant
31470236,Hydrant,Hydrant,34.80027636,-90.02176688,red,Hydrant
31470237,Hydrant,Hydrant,34.79850796,-90.02482166,red,Hydrant
31470238,Hydrant,Hydrant,34.80016424,-90.02703180,red,Hydrant
31470239,Hydrant,Hydrant,34.79849034,-90.02761115,red,Hydrant
31470240,Hydrant,Hydrant,34.79679877,-90.02775063,red,Hydrant
31470241,Hydrant,Hydrant,34.79511598,-90.02669920,red,Hydrant
31470242,Hydrant,Hydrant,34.79638469,-90.02491821,red,Hydrant
31470243,Hydrant,Hydrant,34.78549436,-90.02474655,red,Hydrant
31470244,Hydrant,Hydrant,34.77239939,-90.02457489,red,Hydrant
31470245,Hydrant,Hydrant,34.76048331,-90.02382384,red,Hydrant
31470246,Hydrant,Hydrant,34.75984883,-90.02146353,red,Hydrant
31470247,Hydrant,Hydrant,34.75936657,-90.01764406,red,Hydrant
31470248,Hydrant,Hydrant,34.76069499,-90.01768697,red,Hydrant
31470249,Hydrant,Hydrant,34.75794492,-90.01717199,red,Hydrant
31470250,Hydrant,Hydrant,34.75879111,-90.01519788,red,Hydrant
31470251,Hydrant,Hydrant,34.76051871,-90.01511205,red,Hydrant
31470252,Hydrant,Hydrant,34.75032887,-90.00200141,red,Hydrant
31470253,Hydrant,Hydrant,34.77250514,-90.01991857,red,Hydrant
31470254,Hydrant,Hydrant,34.77257565,-90.00472654,red,Hydrant
31470255,Hydrant,Hydrant,34.77264615,-90.00052083,red,Hydrant
31470256,Hydrant,Hydrant,34.77997816,-89.98277533,red,Hydrant
31470257,Hydrant,Hydrant,34.77370369,-89.96281969,red,Hydrant
31470258,Hydrant,Hydrant,34.72953982,-89.99502766,red,Hydrant
31470259,Hydrant,Hydrant,34.77771341,-89.99524224,red,Hydrant
31470260,Hydrant,Hydrant,34.77755589,-89.98948890,red,Hydrant
31470261,Hydrant,Hydrant,34.77979751,-89.94148808,red,Hydrant
31470262,Hydrant,Hydrant,34.80021931,-89.95188701,red,Hydrant
31470263,Hydrant,Hydrant,34.81345465,-89.95368342,red,Hydrant
31470264,Hydrant,Hydrant,34.80769422,-89.95442840,red,Hydrant
31470265,Hydrant,Hydrant,34.80748500,-89.97082341,red,Hydrant
31470266,Hydrant,Hydrant,34.87723050,-89.86237008,red,Hydrant
31470267,Hydrant,Hydrant,34.87680266,-89.86101940,red,Hydrant
31470268,Hydrant,Hydrant,34.87726504,-89.85950678,red,Hydrant
31470269,Hydrant,Hydrant,34.87824169,-89.86030583,red,Hydrant
31470270,Hydrant,Hydrant,34.87790789,-89.85816915,red,Hydrant
31470271,Hydrant,Hydrant,34.87810550,-89.86634107,red,Hydrant
31470272,Hydrant,Hydrant,34.87810074,-89.86842678,red,Hydrant
31470273,Hydrant,Hydrant,34.87809645,-89.87007582,red,Hydrant
31470274,Hydrant,Hydrant,34.87807549,-89.87190883,red,Hydrant
31470275,Hydrant,Hydrant,34.84405265,-89.86011059,red,Hydrant
31470276,Hydrant,Hydrant,34.86237359,-89.76113245,red,Hydrant
31470277,Hydrant,Hydrant,34.91769266,-89.83376343,red,Hydrant
31470278,Hydrant,Hydrant,34.91632192,-89.83399919,red,Hydrant
31470279,Hydrant,Hydrant,34.91577909,-89.83321462,red,Hydrant
31470280,Hydrant,Hydrant,34.91653646,-89.83170581,red,Hydrant
31470281,Hydrant,Hydrant,34.91741314,-89.83270724,red,Hydrant
31470282,Hydrant,Hydrant,34.88081194,-89.86634593,red,Hydrant
31470283,Hydrant,Hydrant,34.88088169,-89.86811786,red,Hydrant
31470284,Hydrant,Hydrant,34.88091563,-89.86976909,red,Hydrant
31470285,Hydrant,Hydrant,34.88078701,-89.87161668,red,Hydrant
31470286,Hydrant,Hydrant,34.88058548,-89.87294060,red,Hydrant
31470287,Hydrant,Hydrant,34.85019834,-89.86121297,red,Hydrant
31470288,Hydrant,Hydrant,34.86131501,-89.73991770,red,Hydrant
31470289,Hydrant,Hydrant,34.86223645,-89.73833578,red,Hydrant
31470290,Hydrant,Hydrant,34.86232634,-89.73645306,red,Hydrant
31470291,Hydrant,Hydrant,34.86284571,-89.73471031,red,Hydrant
31470292,Hydrant,Hydrant,34.86390645,-89.73404578,red,Hydrant
31470293,Hydrant,Hydrant,34.86552180,-89.73405509,red,Hydrant
31470294,Hydrant,Hydrant,34.86647645,-89.73357578,red,Hydrant
31470295,Hydrant,Hydrant,34.86650734,-89.73176853,red,Hydrant
31470296,Hydrant,Hydrant,34.86652478,-89.73012436,red,Hydrant
31470297,Hydrant,Hydrant,34.86650645,-89.73593578,red,Hydrant
31470298,Hydrant,Hydrant,34.86581311,-89.73708344,red,Hydrant
31470299,Hydrant,Hydrant,34.86429645,-89.73711578,red,Hydrant
31470300,Hydrant,Hydrant,34.86332785,-89.73826050,red,Hydrant
31470301,Hydrant,Hydrant,34.87121286,-89.86508062,red,Hydrant
31470302,Hydrant,Hydrant,34.87231654,-89.86374840,red,Hydrant
31470303,Hydrant,Hydrant,34.87122895,-89.86326070,red,Hydrant
31470304,Hydrant,Hydrant,34.87230045,-89.86267882,red,Hydrant
31470305,Hydrant,Hydrant,34.87125432,-89.86188905,red,Hydrant
31470306,Hydrant,Hydrant,34.87172185,-89.86049974,red,Hydrant
31470307,Hydrant,Hydrant,34.87228821,-89.86143346,red,Hydrant
31470308,Hydrant,Hydrant,34.87372374,-89.86149513,red,Hydrant
31470309,Hydrant,Hydrant,34.87009670,-89.86478129,red,Hydrant
31470310,Hydrant,Hydrant,34.86991605,-89.86475819,red,Hydrant
31470311,Hydrant,Hydrant,34.85225644,-89.86083682,red,Hydrant
31470312,Hydrant,Hydrant,34.85251104,-89.85913811,red,Hydrant
31470313,Hydrant,Hydrant,34.85223351,-89.85777354,red,Hydrant
31470314,Hydrant,Hydrant,34.85228730,-89.85509592,red,Hydrant
31470315,Hydrant,Hydrant,34.85259199,-89.85653930,red,Hydrant
31470316,Hydrant,Hydrant,34.82440644,-89.82321980,red,Hydrant
31470317,Hydrant,Hydrant,34.82370290,-89.82444210,red,Hydrant
31470318,Hydrant,Hydrant,34.82271917,-89.82477592,red,Hydrant
31470319,Hydrant,Hydrant,34.82189322,-89.82371452,red,Hydrant
31470320,Hydrant,Hydrant,34.82162489,-89.82159423,red,Hydrant
31470321,Hydrant,Hydrant,34.82241490,-89.82263983,red,Hydrant
31470322,Hydrant,Hydrant,34.82355858,-89.82262479,red,Hydrant
31470323,Hydrant,Hydrant,34.84379756,-89.75879361,red,Hydrant
31470324,Hydrant,Hydrant,34.84340461,-89.75728577,red,Hydrant
31470325,Hydrant,Hydrant,34.84309344,-89.75553479,red,Hydrant
31470326,Hydrant,Hydrant,34.84415944,-89.75542079,red,Hydrant
31470327,Hydrant,Hydrant,34.84573044,-89.75640279,red,Hydrant
31470328,Hydrant,Hydrant,34.84188824,-89.75551966,red,Hydrant
31470329,Hydrant,Hydrant,34.84071344,-89.75641179,red,Hydrant
31470330,Hydrant,Hydrant,34.83974694,-89.75739119,red,Hydrant
31470331,Hydrant,Hydrant,34.84017458,-89.75823208,red,Hydrant
31470332,Hydrant,Hydrant,34.84304999,-89.75381552,red,Hydrant
31470333,Hydrant,Hydrant,34.84473144,-89.75310379,red,Hydrant
31470334,Hydrant,Hydrant,34.84256944,-89.75208478,red,Hydrant
31470335,Hydrant,Hydrant,34.84134744,-89.75240978,red,Hydrant
31470336,Hydrant,Hydrant,34.84431644,-89.75027778,red,Hydrant
31470337,Hydrant,Hydrant,34.84294344,-89.74930433,red,Hydrant
31470338,Hydrant,Hydrant,34.84217443,-89.74798317,red,Hydrant
31470339,Hydrant,Hydrant,34.84431845,-89.74841423,red,Hydrant
31470340,Hydrant,Hydrant,34.84431273,-89.74680539,red,Hydrant
31470341,Hydrant,Hydrant,34.84559444,-89.74912378,red,Hydrant
31470342,Hydrant,Hydrant,34.85784369,-89.75207860,red,Hydrant
31470343,Hydrant,Hydrant,34.85779745,-89.75440679,red,Hydrant
31470344,Hydrant,Hydrant,34.85645245,-89.75557379,red,Hydrant
31470345,Hydrant,Hydrant,34.85798529,-89.75670375,red,Hydrant
31470346,Hydrant,Hydrant,34.85680877,-89.75845162,red,Hydrant
31470347,Hydrant,Hydrant,34.85895472,-89.75496215,red,Hydrant
31470348,Hydrant,Hydrant,34.91052145,-90.09636103,red,Hydrant
31470349,Hydrant,Hydrant,34.91890220,-90.08165853,red,Hydrant
31470350,Hydrant,Hydrant,34.91891169,-90.08497128,red,Hydrant
31470351,Hydrant,Hydrant,34.92304914,-90.09006349,red,Hydrant
31470352,Hydrant,Hydrant,34.92006604,-90.08931580,red,Hydrant
31470353,Hydrant,Hydrant,34.91172832,-90.07828277,red,Hydrant
31470354,Hydrant,Hydrant,34.90459177,-90.07805380,red,Hydrant
31470355,Hydrant,Hydrant,34.90257953,-90.09722477,red,Hydrant
31470356,Hydrant,Hydrant,34.89700507,-90.10439392,red,Hydrant
31470357,Hydrant,Hydrant,34.90431859,-90.06781904,red,Hydrant
31470358,Hydrant,Hydrant,34.90078802,-90.07821672,red,Hydrant
31470359,Hydrant,Hydrant,34.87357911,-90.07143192,red,Hydrant
31470360,Hydrant,Hydrant,34.87068001,-90.07146158,red,Hydrant
31470361,Hydrant,Hydrant,34.87002133,-90.06994850,red,Hydrant
31470362,Hydrant,Hydrant,34.87001060,-90.06760813,red,Hydrant
31470363,Hydrant,Hydrant,34.81334252,-89.92506656,red,Hydrant
31470364,Hydrant,Hydrant,34.81543187,-89.92375583,red,Hydrant
31470365,Hydrant,Hydrant,34.81521685,-89.92690854,red,Hydrant
31470366,Hydrant,Hydrant,34.81716595,-89.92659889,red,Hydrant
31470367,Hydrant,Hydrant,34.81791151,-89.92674026,red,Hydrant
31470368,Hydrant,Hydrant,34.81892949,-89.92676731,red,Hydrant
31470369,Hydrant,Hydrant,34.81855380,-89.92534926,red,Hydrant
31470370,Hydrant,Hydrant,34.81818128,-89.92374706,red,Hydrant
31470371,Hydrant,Hydrant,34.81755248,-89.92233215,red,Hydrant
31470372,Hydrant,Hydrant,34.81696681,-89.92338111,red,Hydrant
31470373,Hydrant,Hydrant,34.81701678,-89.92511269,red,Hydrant
31470374,Hydrant,Hydrant,34.81265691,-89.92705976,red,Hydrant
31470375,Hydrant,Hydrant,34.81457411,-89.94688485,red,Hydrant
31470376,Hydrant,Hydrant,34.81354894,-89.94709831,red,Hydrant
31470377,Hydrant,Hydrant,34.81360625,-89.94174495,red,Hydrant
31470378,Hydrant,Hydrant,34.81376343,-89.94320241,red,Hydrant
31470379,Hydrant,Hydrant,34.81369761,-89.94465000,red,Hydrant
31470380,Hydrant,Hydrant,34.81363458,-89.94577081,red,Hydrant
31470381,Hydrant,Hydrant,34.81456230,-89.94795607,red,Hydrant
31470382,Hydrant,Hydrant,34.81541014,-89.94901915,red,Hydrant
31470383,Hydrant,Hydrant,34.81452939,-89.95146752,red,Hydrant
31470384,Hydrant,Hydrant,34.81357936,-89.95153461,red,Hydrant
31470385,Hydrant,Hydrant,34.81370782,-89.95025854,red,Hydrant
31470386,Hydrant,Hydrant,34.81427923,-89.94902724,red,Hydrant
31470387,Hydrant,Hydrant,34.81354610,-89.94821061,red,Hydrant
31470388,Hydrant,Hydrant,34.81358171,-89.94926710,red,Hydrant
31470389,Hydrant,Hydrant,34.81826150,-89.96691158,red,Hydrant
31470390,Hydrant,Hydrant,34.81942833,-89.96745536,red,Hydrant
31470391,Hydrant,Hydrant,34.81888934,-89.96828853,red,Hydrant
31470392,Hydrant,Hydrant,34.82079139,-89.96917879,red,Hydrant
31470393,Hydrant,Hydrant,34.81755197,-89.97223991,red,Hydrant
31470394,Hydrant,Hydrant,34.81733716,-89.97268669,red,Hydrant
31470395,Hydrant,Hydrant,34.81850382,-89.97310793,red,Hydrant
31470396,Hydrant,Hydrant,34.81868259,-89.97238209,red,Hydrant
31470397,Hydrant,Hydrant,34.82410912,-89.97042279,red,Hydrant
31470398,Hydrant,Hydrant,34.82363993,-89.96582676,red,Hydrant
31470399,Hydrant,Hydrant,34.82353502,-89.96394163,red,Hydrant
31470400,Hydrant,Hydrant,34.82257614,-89.96392055,red,Hydrant
31470401,Hydrant,Hydrant,34.82276701,-89.96474134,red,Hydrant
31470402,Hydrant,Hydrant,34.82239590,-89.96561117,red,Hydrant
31470403,Hydrant,Hydrant,34.82536537,-89.98754000,red,Hydrant
31470404,Hydrant,Hydrant,34.82284184,-89.98152288,red,Hydrant
31470405,Hydrant,Hydrant,34.82306287,-89.97878083,red,Hydrant
31470406,Hydrant,Hydrant,34.81275450,-89.97620515,red,Hydrant
31470407,Hydrant,Hydrant,34.81570335,-89.98020107,red,Hydrant
31470408,Hydrant,Hydrant,34.81553472,-89.98183174,red,Hydrant
31470409,Hydrant,Hydrant,34.80980070,-89.98448706,red,Hydrant
31470410,Hydrant,Hydrant,34.82212551,-89.98653589,red,Hydrant
31470411,Hydrant,Hydrant,34.82525490,-89.99411951,red,Hydrant
31470412,Hydrant,Hydrant,34.82591629,-89.99418411,red,Hydrant
31470413,Hydrant,Hydrant,34.82603522,-89.99447214,red,Hydrant
31470414,Hydrant,Hydrant,34.82598082,-89.99483802,red,Hydrant
31470415,Hydrant,Hydrant,34.82525961,-89.99466054,red,Hydrant
31470416,Hydrant,Hydrant,34.83642414,-89.99587351,red,Hydrant
31470417,Hydrant,Hydrant,34.84145756,-89.99929816,red,Hydrant
31470418,Hydrant,Hydrant,34.84149110,-90.00064589,red,Hydrant
31470419,Hydrant,Hydrant,34.84058516,-90.00085125,red,Hydrant
31470420,Hydrant,Hydrant,34.84029252,-90.00219226,red,Hydrant
31470421,Hydrant,Hydrant,34.84174403,-90.00259555,red,Hydrant
31470422,Hydrant,Hydrant,34.84264832,-90.00101328,red,Hydrant
31470423,Hydrant,Hydrant,34.84300577,-90.00128120,red,Hydrant
31470424,Hydrant,Hydrant,34.84281817,-90.00206695,red,Hydrant
31470425,Hydrant,Hydrant,34.84338766,-90.00277373,red,Hydrant
31470426,Hydrant,Hydrant,34.84468929,-90.00288637,red,Hydrant
31470427,Hydrant,Hydrant,34.84516878,-90.00209354,red,Hydrant
31470428,Hydrant,Hydrant,34.84439913,-90.00182394,red,Hydrant
31470429,Hydrant,Hydrant,34.84514351,-90.00047197,red,Hydrant
31470430,Hydrant,Hydrant,34.84380492,-90.00027800,red,Hydrant
31470431,Hydrant,Hydrant,34.84371595,-89.99905331,red,Hydrant
31470432,Hydrant,Hydrant,34.84253599,-89.99957823,red,Hydrant
31470433,Hydrant,Hydrant,34.84507020,-89.99872280,red,Hydrant
31470434,Hydrant,Hydrant,34.86028335,-89.99608017,red,Hydrant
31470435,Hydrant,Hydrant,34.86476032,-89.99869469,red,Hydrant
31470436,Hydrant,Hydrant,34.86409379,-89.99902381,red,Hydrant
31470437,Hydrant,Hydrant,34.86383840,-90.00006342,red,Hydrant
31470438,Hydrant,Hydrant,34.86367966,-90.00125372,red,Hydrant
31470439,Hydrant,Hydrant,34.86416889,-90.00152406,red,Hydrant
31470440,Hydrant,Hydrant,34.86493195,-90.00191416,red,Hydrant
31470441,Hydrant,Hydrant,34.86570520,-90.00217122,red,Hydrant
31470442,Hydrant,Hydrant,34.86651444,-90.00245804,red,Hydrant
31470443,Hydrant,Hydrant,34.86732110,-90.00274581,red,Hydrant
31470444,Hydrant,Hydrant,34.86807382,-90.00302579,red,Hydrant
31470445,Hydrant,Hydrant,34.86888985,-90.00291139,red,Hydrant
31470446,Hydrant,Hydrant,34.86953537,-90.00230381,red,Hydrant
31470447,Hydrant,Hydrant,34.86978722,-90.00127483,red,Hydrant
31470448,Hydrant,Hydrant,34.87047297,-90.00054630,red,Hydrant
31470449,Hydrant,Hydrant,34.86952021,-90.00021843,red,Hydrant
31470450,Hydrant,Hydrant,34.86872731,-89.99994720,red,Hydrant
31470451,Hydrant,Hydrant,34.86793719,-89.99966787,red,Hydrant
31470452,Hydrant,Hydrant,34.86715304,-89.99938759,red,Hydrant
31470453,Hydrant,Hydrant,34.86634979,-89.99909665,red,Hydrant
31470454,Hydrant,Hydrant,34.86705386,-89.99873406,red,Hydrant
31470455,Hydrant,Hydrant,34.86744541,-89.99572994,red,Hydrant
31470456,Hydrant,Hydrant,34.86723002,-89.99456608,red,Hydrant
31470457,Hydrant,Hydrant,34.83284385,-89.97865339,red,Hydrant
31470458,Hydrant,Hydrant,34.85384769,-89.98968556,red,Hydrant
31470459,Hydrant,Hydrant,34.85487158,-89.99095570,red,Hydrant
31470460,Hydrant,Hydrant,34.85358280,-89.99091573,red,Hydrant
31470461,Hydrant,Hydrant,34.85488156,-89.99231747,red,Hydrant
31470462,Hydrant,Hydrant,34.85484300,-89.99439642,red,Hydrant
31470463,Hydrant,Hydrant,34.85393239,-89.99444924,red,Hydrant
31470464,Hydrant,Hydrant,34.85395936,-89.99340202,red,Hydrant
31470465,Hydrant,Hydrant,34.81473584,-89.98682966,red,Hydrant
31470466,Hydrant,Hydrant,34.81486306,-89.98462196,red,Hydrant
31470467,Hydrant,Hydrant,34.81341056,-89.98456524,red,Hydrant
31470468,Hydrant,Hydrant,34.81127882,-89.98472977,red,Hydrant
31470469,Hydrant,Hydrant,34.81197323,-89.98586874,red,Hydrant
31470470,Hydrant,Hydrant,34.81284166,-89.98676610,red,Hydrant
31470471,Hydrant,Hydrant,34.81423036,-89.98547617,red,Hydrant
31470472,Hydrant,Hydrant,34.81124054,-89.98801307,red,Hydrant
31470473,Hydrant,Hydrant,34.81055941,-90.02081122,red,Hydrant
31470474,Hydrant,Hydrant,34.81054374,-90.02232672,red,Hydrant
31470475,Hydrant,Hydrant,34.81040639,-90.02367282,red,Hydrant
31470476,Hydrant,Hydrant,34.80898272,-90.02416961,red,Hydrant
31470477,Hydrant,Hydrant,34.80776168,-90.02374809,red,Hydrant
31470478,Hydrant,Hydrant,34.80711686,-90.02467500,red,Hydrant
31470479,Hydrant,Hydrant,34.80615309,-90.02417690,red,Hydrant
31470480,Hydrant,Hydrant,34.80756070,-90.02200477,red,Hydrant
31470481,Hydrant,Hydrant,34.80707009,-90.01820544,red,Hydrant
31470482,Hydrant,Hydrant,34.80717628,-90.01687610,red,Hydrant
31470483,Hydrant,Hydrant,34.80739771,-90.01523904,red,Hydrant
31470484,Hydrant,Hydrant,34.80844551,-90.01444645,red,Hydrant
31470485,Hydrant,Hydrant,34.80719464,-90.01994698,red,Hydrant
31470486,Hydrant,Hydrant,34.80839631,-90.01862583,red,Hydrant
31470487,Hydrant,Hydrant,34.80899342,-90.01768191,red,Hydrant
31470488,Hydrant,Hydrant,34.80969359,-90.01608226,red,Hydrant
31470489,Hydrant,Hydrant,34.80892628,-90.01557225,red,Hydrant
31470490,Hydrant,Hydrant,34.80839375,-90.01586732,red,Hydrant
31470491,Hydrant,Hydrant,34.80803101,-90.01738681,red,Hydrant
31470492,Hydrant,Hydrant,34.80891122,-90.01687026,red,Hydrant
31470493,Hydrant,Hydrant,34.80871735,-90.02313658,red,Hydrant
31470494,Hydrant,Hydrant,34.80964510,-90.02247032,red,Hydrant
31470495,Hydrant,Hydrant,34.80865984,-90.02148998,red,Hydrant
31470496,Hydrant,Hydrant,34.80950906,-90.02093562,red,Hydrant
31470497,Hydrant,Hydrant,34.80965062,-89.98201467,red,Hydrant
31470498,Hydrant,Hydrant,34.80920100,-89.98287325,red,Hydrant
31470499,Hydrant,Hydrant,34.92432211,-90.13075424,red,Hydrant
31470500,Hydrant,Hydrant,34.92532899,-90.12700055,red,Hydrant
31470501,Hydrant,Hydrant,34.92085460,-90.12395669,red,Hydrant
31470502,Hydrant,Hydrant,34.91871569,-90.12231756,red,Hydrant
31470503,Hydrant,Hydrant,34.91818264,-90.11506821,red,Hydrant
31470504,Hydrant,Hydrant,34.91531209,-90.11502021,red,Hydrant
31470505,Hydrant,Hydrant,34.88723632,-89.90189516,red,Hydrant
31470506,Hydrant,Hydrant,34.88861239,-89.90098622,red,Hydrant
31470507,Hydrant,Hydrant,34.88733009,-89.90305035,red,Hydrant
31470508,Hydrant,Hydrant,34.88873824,-89.90396549,red,Hydrant
31470509,Hydrant,Hydrant,34.88820392,-89.90260528,red,Hydrant
31470510,Hydrant,Hydrant,34.88896351,-89.90541315,red,Hydrant
31470511,Hydrant,Hydrant,34.88760903,-89.90782656,red,Hydrant
31470512,Hydrant,Hydrant,34.88747829,-89.90653095,red,Hydrant
31470513,Hydrant,Hydrant,34.88890801,-89.90757886,red,Hydrant
31470514,Hydrant,Hydrant,34.88894433,-89.90947699,red,Hydrant
31470515,Hydrant,Hydrant,34.88694783,-89.90949271,red,Hydrant
31470516,Hydrant,Hydrant,34.88892433,-89.91123303,red,Hydrant
31470517,Hydrant,Hydrant,34.88882762,-89.91465832,red,Hydrant
31470518,Hydrant,Hydrant,34.88894369,-89.91267309,red,Hydrant
31470519,Hydrant,Hydrant,34.88880512,-89.91707049,red,Hydrant
31470520,Hydrant,Hydrant,34.88621335,-89.90920402,red,Hydrant
31470521,Hydrant,Hydrant,34.88607802,-89.90787567,red,Hydrant
31470522,Hydrant,Hydrant,34.88607926,-89.90499641,red,Hydrant
31470523,Hydrant,Hydrant,34.88608227,-89.90399679,red,Hydrant
31470524,Hydrant,Hydrant,34.89624609,-89.90091802,red,Hydrant
31470525,Hydrant,Hydrant,34.91699553,-89.80187873,red,Hydrant
31470526,Hydrant,Hydrant,34.91550594,-89.80174299,red,Hydrant
31470527,Hydrant,Hydrant,34.91425697,-89.80211012,red,Hydrant
31470528,Hydrant,Hydrant,34.91310458,-89.80142460,red,Hydrant
31470529,Hydrant,Hydrant,34.91184449,-89.80187459,red,Hydrant
31470530,Hydrant,Hydrant,34.91076785,-89.80272830,red,Hydrant
31470531,Hydrant,Hydrant,34.91051694,-89.80396659,red,Hydrant
31470532,Hydrant,Hydrant,34.90946468,-89.80222863,red,Hydrant
31470533,Hydrant,Hydrant,34.90961929,-89.80346036,red,Hydrant
31470534,Hydrant,Hydrant,34.90863932,-89.80193463,red,Hydrant
31470535,Hydrant,Hydrant,34.90912284,-89.80493651,red,Hydrant
31470536,Hydrant,Hydrant,34.91018601,-89.80545745,red,Hydrant
31470537,Hydrant,Hydrant,34.90844152,-89.80568129,red,Hydrant
31470538,Hydrant,Hydrant,34.90792975,-89.80363663,red,Hydrant
31470539,Hydrant,Hydrant,34.90747338,-89.80507995,red,Hydrant
31470540,Hydrant,Hydrant,34.90873391,-89.80727052,red,Hydrant
31470541,Hydrant,Hydrant,34.91130362,-89.80725835,red,Hydrant
31470542,Hydrant,Hydrant,34.90987958,-89.80727236,red,Hydrant
31470543,Hydrant,Hydrant,34.90633084,-89.78692161,red,Hydrant
31470544,Hydrant,Hydrant,34.90633776,-89.78825644,red,Hydrant
31470545,Hydrant,Hydrant,34.90634574,-89.78959068,red,Hydrant
31470546,Hydrant,Hydrant,34.90612454,-89.79105544,red,Hydrant
31470547,Hydrant,Hydrant,34.90564906,-89.79182319,red,Hydrant
31470548,Hydrant,Hydrant,34.90425117,-89.79206883,red,Hydrant
31470549,Hydrant,Hydrant,34.92407307,-89.75164015,red,Hydrant
31470550,Hydrant,Hydrant,34.92467659,-89.75434130,red,Hydrant
31470551,Hydrant,Hydrant,34.93209017,-89.74751105,red,Hydrant
31470552,Hydrant,Hydrant,34.93321528,-89.74636649,red,Hydrant
31470553,Hydrant,Hydrant,34.93092300,-89.74599500,red,Hydrant
31470554,Hydrant,Hydrant,34.92949905,-89.74864625,red,Hydrant
31470555,Hydrant,Hydrant,34.92877885,-89.74925835,red,Hydrant
31470556,Hydrant,Hydrant,34.92783602,-89.75039327,red,Hydrant
31470557,Hydrant,Hydrant,34.92748857,-89.74916092,red,Hydrant
31470558,Hydrant,Hydrant,34.92660609,-89.74975330,red,Hydrant
31470559,Hydrant,Hydrant,34.92670732,-89.74818651,red,Hydrant
31470560,Hydrant,Hydrant,34.92683194,-89.75109306,red,Hydrant
31470561,Hydrant,Hydrant,34.92565977,-89.74897002,red,Hydrant
31470562,Hydrant,Hydrant,34.93468110,-89.74568333,red,Hydrant
31470563,Hydrant,Hydrant,34.93377621,-89.74596271,red,Hydrant
31470564,Hydrant,Hydrant,34.95396025,-89.73580518,red,Hydrant
31470565,Hydrant,Hydrant,34.95514048,-89.73588984,red,Hydrant
31470566,Hydrant,Hydrant,34.95498096,-89.73474301,red,Hydrant
31470567,Hydrant,Hydrant,34.95280042,-89.73579558,red,Hydrant
31470568,Hydrant,Hydrant,34.95115410,-89.73577682,red,Hydrant
31470569,Hydrant,Hydrant,34.95063317,-89.73563373,red,Hydrant
31470570,Hydrant,Hydrant,34.95086163,-89.73435364,red,Hydrant
31470571,Hydrant,Hydrant,34.95162754,-89.73434778,red,Hydrant
31470572,Hydrant,Hydrant,34.95247348,-89.73431845,red,Hydrant
31470573,Hydrant,Hydrant,34.95324441,-89.73431357,red,Hydrant
31470574,Hydrant,Hydrant,34.95406902,-89.73431264,red,Hydrant
31470575,Hydrant,Hydrant,34.95674935,-89.73051455,red,Hydrant
31470576,Hydrant,Hydrant,34.95550803,-89.73042152,red,Hydrant
31470577,Hydrant,Hydrant,34.95482693,-89.73129773,red,Hydrant
31470578,Hydrant,Hydrant,34.95686215,-89.73180322,red,Hydrant
31470579,Hydrant,Hydrant,34.96395572,-89.72977903,red,Hydrant
31470580,Hydrant,Hydrant,34.96396309,-89.72853649,red,Hydrant
31470581,Hydrant,Hydrant,34.96495961,-89.72920869,red,Hydrant
31470582,Hydrant,Hydrant,34.96712741,-89.72925124,red,Hydrant
31470583,Hydrant,Hydrant,34.96717722,-89.72774988,red,Hydrant
31470584,Hydrant,Hydrant,34.96613114,-89.72785918,red,Hydrant
31470585,Hydrant,Hydrant,34.96455910,-89.72787075,red,Hydrant
31470586,Hydrant,Hydrant,34.96396352,-89.73121150,red,Hydrant
31470587,Hydrant,Hydrant,34.96487077,-89.73067915,red,Hydrant
31470588,Hydrant,Hydrant,34.96601488,-89.73090847,red,Hydrant
31470589,Hydrant,Hydrant,34.96734149,-89.73194671,red,Hydrant
31470590,Hydrant,Hydrant,34.96564508,-89.73220261,red,Hydrant
31470591,Hydrant,Hydrant,34.96439962,-89.73221171,red,Hydrant
31470592,Hydrant,Hydrant,34.97022110,-89.72488014,red,Hydrant
31470593,Hydrant,Hydrant,34.97048241,-89.72703283,red,Hydrant
31470594,Hydrant,Hydrant,34.96928753,-89.72607745,red,Hydrant
31470595,Hydrant,Hydrant,34.96840805,-89.72643356,red,Hydrant
31470596,Hydrant,Hydrant,34.96927217,-89.72488337,red,Hydrant
31470597,Hydrant,Hydrant,34.96714446,-89.72618532,red,Hydrant
31470598,Hydrant,Hydrant,34.96993674,-89.72485549,red,Hydrant
31470599,Hydrant,Hydrant,34.96719199,-89.72690705,red,Hydrant
31470600,Hydrant,Hydrant,34.96903581,-89.72785767,red,Hydrant
31470601,Hydrant,Hydrant,34.91893537,-89.89967530,red,Hydrant
31470602,Hydrant,Hydrant,34.92076024,-89.90000023,red,Hydrant
31470603,Hydrant,Hydrant,34.92203245,-89.89947678,red,Hydrant
31470604,Hydrant,Hydrant,34.92367090,-89.89976442,red,Hydrant
31470605,Hydrant,Hydrant,34.92570855,-89.89989986,red,Hydrant
31470606,Hydrant,Hydrant,34.92729113,-89.89884059,red,Hydrant
31470607,Hydrant,Hydrant,34.92688112,-89.87759838,red,Hydrant
31470608,Hydrant,Hydrant,34.92652137,-89.87897042,red,Hydrant
31470609,Hydrant,Hydrant,34.92706464,-89.88232108,red,Hydrant
31470610,Hydrant,Hydrant,34.92524321,-89.89243067,red,Hydrant
31470611,Hydrant,Hydrant,34.91462733,-89.89496302,red,Hydrant
31470612,Hydrant,Hydrant,34.91637631,-89.90047053,red,Hydrant
31470613,Hydrant,Hydrant,34.90459135,-89.88795992,red,Hydrant
31470614,Hydrant,Hydrant,34.91221697,-89.89046707,red,Hydrant
31470615,Hydrant,Hydrant,34.91387907,-89.89165184,red,Hydrant
31470616,Hydrant,Hydrant,34.91600946,-89.89006068,red,Hydrant
31470617,Hydrant,Hydrant,34.91722999,-89.88977221,red,Hydrant
31470618,Hydrant,Hydrant,34.91955672,-89.88879677,red,Hydrant
31470619,Hydrant,Hydrant,34.92460807,-89.88123845,red,Hydrant
31470620,Hydrant,Hydrant,34.92331936,-89.88106380,red,Hydrant
31470621,Hydrant,Hydrant,34.92211786,-89.88102987,red,Hydrant
31470622,Hydrant,Hydrant,34.92046536,-89.88133177,red,Hydrant
31470623,Hydrant,Hydrant,34.92070475,-89.88323839,red,Hydrant
31470624,Hydrant,Hydrant,34.91864852,-89.88207649,red,Hydrant
31470625,Hydrant,Hydrant,34.91187088,-89.88253724,red,Hydrant
31470626,Hydrant,Hydrant,34.91409346,-89.88252756,red,Hydrant
31470627,Hydrant,Hydrant,34.91283611,-89.88167203,red,Hydrant
31470628,Hydrant,Hydrant,34.91214053,-89.87887635,red,Hydrant
31470629,Hydrant,Hydrant,34.91446408,-89.87965288,red,Hydrant
31470630,Hydrant,Hydrant,34.91335549,-89.87851260,red,Hydrant
31470631,Hydrant,Hydrant,34.91263721,-89.87729898,red,Hydrant
31470632,Hydrant,Hydrant,34.91693730,-89.87590554,red,Hydrant
31470633,Hydrant,Hydrant,34.91498390,-89.87577217,red,Hydrant
31470634,Hydrant,Hydrant,34.91592261,-89.87760891,red,Hydrant
31470635,Hydrant,Hydrant,34.91793865,-89.87750571,red,Hydrant
31470636,Hydrant,Hydrant,34.95047768,-89.91932146,red,Hydrant
31470637,Hydrant,Hydrant,34.92943677,-89.88473554,red,Hydrant
31470638,Hydrant,Hydrant,34.92928212,-89.88114038,red,Hydrant
31470639,Hydrant,Hydrant,34.92975490,-89.87622766,red,Hydrant
31470640,Hydrant,Hydrant,34.92924947,-89.87169712,red,Hydrant
31470641,Hydrant,Hydrant,34.92690882,-89.87190775,red,Hydrant
31470642,Hydrant,Hydrant,34.92720640,-89.87500030,red,Hydrant
31470643,Hydrant,Hydrant,34.97894668,-89.82337494,red,Hydrant
31470644,Hydrant,Hydrant,34.97978597,-89.82570611,red,Hydrant
31470645,Hydrant,Hydrant,34.97636121,-89.82653670,red,Hydrant
31470646,Hydrant,Hydrant,34.97594195,-89.82903149,red,Hydrant
31470647,Hydrant,Hydrant,34.97819911,-89.82682951,red,Hydrant
31470648,Hydrant,Hydrant,34.97856692,-89.82817632,red,Hydrant
31470649,Hydrant,Hydrant,34.98126393,-89.82629183,red,Hydrant
31470650,Hydrant,Hydrant,34.98338779,-89.82322947,red,Hydrant
31470651,Hydrant,Hydrant,34.97933423,-89.82973409,red,Hydrant
31470652,Hydrant,Hydrant,34.97920691,-89.82095381,red,Hydrant
31470653,Hydrant,Hydrant,34.98054065,-89.82186018,red,Hydrant
31470654,Hydrant,Hydrant,34.98174825,-89.82235458,red,Hydrant
31470655,Hydrant,Hydrant,34.98289458,-89.82197224,red,Hydrant
31470656,Hydrant,Hydrant,34.98229311,-89.81842876,red,Hydrant
31470657,Hydrant,Hydrant,34.98346123,-89.81948095,red,Hydrant
31470658,Hydrant,Hydrant,34.98358237,-89.81728444,red,Hydrant
31470659,Hydrant,Hydrant,34.98168142,-89.82399433,red,Hydrant
31470660,Hydrant,Hydrant,34.98376967,-89.82712408,red,Hydrant
31470661,Hydrant,Hydrant,34.95849514,-89.87043036,red,Hydrant
31470662,Hydrant,Hydrant,34.96258842,-89.86774197,red,Hydrant
31470663,Hydrant,Hydrant,34.96746122,-89.87353808,red,Hydrant
31470664,Hydrant,Hydrant,34.96767406,-89.87531757,red,Hydrant
31470665,Hydrant,Hydrant,34.96647861,-89.87696413,red,Hydrant
31470666,Hydrant,Hydrant,34.96875201,-89.87617769,red,Hydrant
31470667,Hydrant,Hydrant,34.99082713,-89.83044111,red,Hydrant
31470668,Hydrant,Hydrant,34.98374605,-89.83040818,red,Hydrant
31470669,Hydrant,Hydrant,34.98097917,-89.83046245,red,Hydrant
31470670,Hydrant,Hydrant,34.97888631,-89.83045794,red,Hydrant
31470671,Hydrant,Hydrant,34.97698366,-89.83040675,red,Hydrant
31470672,Hydrant,Hydrant,34.97400298,-89.83085464,red,Hydrant
31470673,Hydrant,Hydrant,34.97578826,-89.83089072,red,Hydrant
31470674,Hydrant,Hydrant,34.98790037,-89.83087577,red,Hydrant
31470675,Hydrant,Hydrant,34.93074773,-89.83001537,red,Hydrant
31470676,Hydrant,Hydrant,34.93272100,-89.83007766,red,Hydrant
31470677,Hydrant,Hydrant,34.93644281,-89.82981461,red,Hydrant
31470678,Hydrant,Hydrant,34.94285645,-89.83117135,red,Hydrant
31470679,Hydrant,Hydrant,34.93914712,-89.83088221,red,Hydrant
31470680,Hydrant,Hydrant,34.93911987,-89.83092190,red,Hydrant
31470681,Hydrant,Hydrant,34.93338774,-89.83090386,red,Hydrant
31470682,Hydrant,Hydrant,34.93268211,-89.83068321,red,Hydrant
31470683,Hydrant,Hydrant,34.92719004,-89.83050941,red,Hydrant
31470684,Hydrant,Hydrant,34.96281084,-89.81125139,red,Hydrant
31470685,Hydrant,Hydrant,34.96136863,-89.81219752,red,Hydrant
31470686,Hydrant,Hydrant,34.96125410,-89.81005998,red,Hydrant
31470687,Hydrant,Hydrant,34.95986544,-89.80773039,red,Hydrant
31470688,Hydrant,Hydrant,34.96087342,-89.80771468,red,Hydrant
31470689,Hydrant,Hydrant,34.96215779,-89.80880608,red,Hydrant
31470690,Hydrant,Hydrant,34.96216568,-89.80659988,red,Hydrant
31470691,Hydrant,Hydrant,34.96056889,-89.80666670,red,Hydrant
31470692,Hydrant,Hydrant,34.95988156,-89.80529473,red,Hydrant
31470693,Hydrant,Hydrant,34.96161877,-89.80493067,red,Hydrant
31470694,Hydrant,Hydrant,34.96217451,-89.80436923,red,Hydrant
31470695,Hydrant,Hydrant,34.96169356,-89.80077290,red,Hydrant
31470696,Hydrant,Hydrant,34.96166055,-89.80336050,red,Hydrant
31470697,Hydrant,Hydrant,34.96051164,-89.80101617,red,Hydrant
31470698,Hydrant,Hydrant,34.95914875,-89.80078619,red,Hydrant
31470699,Hydrant,Hydrant,34.95895877,-89.80285562,red,Hydrant
31470700,Hydrant,Hydrant,34.96506428,-89.79916563,red,Hydrant
31470701,Hydrant,Hydrant,34.96344628,-89.79821445,red,Hydrant
31470702,Hydrant,Hydrant,34.96549274,-89.79801321,red,Hydrant
31470703,Hydrant,Hydrant,34.96647011,-89.79841339,red,Hydrant
31470704,Hydrant,Hydrant,34.96658490,-89.80017012,red,Hydrant
31470705,Hydrant,Hydrant,34.96705477,-89.80155481,red,Hydrant
31470706,Hydrant,Hydrant,34.96761078,-89.80221520,red,Hydrant
31470707,Hydrant,Hydrant,34.96878360,-89.80152412,red,Hydrant
31470708,Hydrant,Hydrant,34.96902409,-89.80237457,red,Hydrant
31470709,Hydrant,Hydrant,34.96934065,-89.80584040,red,Hydrant
31470710,Hydrant,Hydrant,34.96888018,-89.80468185,red,Hydrant
31470711,Hydrant,Hydrant,34.96827595,-89.80316236,red,Hydrant
31470712,Hydrant,Hydrant,34.96493671,-89.79983243,red,Hydrant
31470713,Hydrant,Hydrant,34.95900958,-89.81531603,red,Hydrant
31470714,Hydrant,Hydrant,34.96091921,-89.81497657,red,Hydrant
31470715,Hydrant,Hydrant,34.96144582,-89.81680865,red,Hydrant
31470716,Hydrant,Hydrant,34.95964267,-89.81799427,red,Hydrant
31470717,Hydrant,Hydrant,34.96050172,-89.81857828,red,Hydrant
31470718,Hydrant,Hydrant,34.96026022,-89.81679480,red,Hydrant
31470719,Hydrant,Hydrant,34.95890157,-89.81842626,red,Hydrant
31470720,Hydrant,Hydrant,34.95891199,-89.81674502,red,Hydrant
31470721,Hydrant,Hydrant,34.95825259,-89.81698515,red,Hydrant
31470722,Hydrant,Hydrant,34.95765765,-89.81588068,red,Hydrant
31470723,Hydrant,Hydrant,34.95842501,-89.81460631,red,Hydrant
31470724,Hydrant,Hydrant,34.95676858,-89.81513757,red,Hydrant
31470725,Hydrant,Hydrant,34.95531747,-89.81369286,red,Hydrant
31470726,Hydrant,Hydrant,34.95740471,-89.81316414,red,Hydrant
31470727,Hydrant,Hydrant,34.95943741,-89.81316041,red,Hydrant
31470728,Hydrant,Hydrant,34.96086400,-89.81318988,red,Hydrant
31470729,Hydrant,Hydrant,34.96215549,-89.81367381,red,Hydrant
31470730,Hydrant,Hydrant,34.95614642,-89.81085091,red,Hydrant
31470731,Hydrant,Hydrant,34.95550625,-89.80799628,red,Hydrant
31470732,Hydrant,Hydrant,34.95552252,-89.80749782,red,Hydrant
31470733,Hydrant,Hydrant,34.95463150,-89.80774834,red,Hydrant
31470734,Hydrant,Hydrant,34.95488860,-89.81243067,red,Hydrant
31470735,Hydrant,Hydrant,34.95507465,-89.81069221,red,Hydrant
31470736,Hydrant,Hydrant,34.95407994,-89.81067164,red,Hydrant
31470737,Hydrant,Hydrant,34.95360967,-89.80938506,red,Hydrant
31470738,Hydrant,Hydrant,34.95259242,-89.80902965,red,Hydrant
31470739,Hydrant,Hydrant,34.95372613,-89.80796238,red,Hydrant
31470740,Hydrant,Hydrant,34.95380899,-89.80675403,red,Hydrant
31470741,Hydrant,Hydrant,34.95452361,-89.80543645,red,Hydrant
31470742,Hydrant,Hydrant,34.95292446,-89.80560561,red,Hydrant
31470743,Hydrant,Hydrant,34.94828990,-89.79561363,red,Hydrant
31470744,Hydrant,Hydrant,34.94960111,-89.79566048,red,Hydrant
31470745,Hydrant,Hydrant,34.94991739,-89.79707433,red,Hydrant
31470746,Hydrant,Hydrant,34.95037042,-89.79820524,red,Hydrant
31470747,Hydrant,Hydrant,34.94996745,-89.79942686,red,Hydrant
31470748,Hydrant,Hydrant,34.95112993,-89.80053115,red,Hydrant
31470749,Hydrant,Hydrant,34.95121006,-89.79848845,red,Hydrant
31470750,Hydrant,Hydrant,34.95224591,-89.79876565,red,Hydrant
31470751,Hydrant,Hydrant,34.95225632,-89.80081735,red,Hydrant
31470752,Hydrant,Hydrant,34.95189557,-89.80408321,red,Hydrant
31470753,Hydrant,Hydrant,34.95224737,-89.80291254,red,Hydrant
31470754,Hydrant,Hydrant,34.95265689,-89.80236501,red,Hydrant
31470755,Hydrant,Hydrant,34.94942283,-89.80026613,red,Hydrant
31470756,Hydrant,Hydrant,34.95097227,-89.80274598,red,Hydrant
31470757,Hydrant,Hydrant,34.94845337,-89.80245876,red,Hydrant
31470758,Hydrant,Hydrant,34.94982234,-89.80317448,red,Hydrant
31470759,Hydrant,Hydrant,34.94896689,-89.80168025,red,Hydrant
31470760,Hydrant,Hydrant,34.94824717,-89.80069401,red,Hydrant
31470761,Hydrant,Hydrant,34.94848688,-89.79936769,red,Hydrant
31470762,Hydrant,Hydrant,34.94734384,-89.79845809,red,Hydrant
31470763,Hydrant,Hydrant,34.94869225,-89.80599848,red,Hydrant
31470764,Hydrant,Hydrant,34.94829085,-89.80487638,red,Hydrant
31470765,Hydrant,Hydrant,34.94724751,-89.80016597,red,Hydrant
31470766,Hydrant,Hydrant,34.94724935,-89.80121197,red,Hydrant
31470767,Hydrant,Hydrant,34.94724249,-89.80209303,red,Hydrant
31470768,Hydrant,Hydrant,34.94724261,-89.80370526,red,Hydrant
31470769,Hydrant,Hydrant,34.94769749,-89.80436186,red,Hydrant
31470770,Hydrant,Hydrant,34.94969650,-89.80436552,red,Hydrant
31470771,Hydrant,Hydrant,34.94994323,-89.80603454,red,Hydrant
31470772,Hydrant,Hydrant,34.95095085,-89.80530066,red,Hydrant
31470773,Hydrant,Hydrant,34.95324803,-89.80455152,red,Hydrant
31470774,Hydrant,Hydrant,34.95367528,-89.80344822,red,Hydrant
31470775,Hydrant,Hydrant,34.95414612,-89.80127812,red,Hydrant
31470776,Hydrant,Hydrant,34.95365859,-89.80061905,red,Hydrant
31470777,Hydrant,Hydrant,34.95414203,-89.80221905,red,Hydrant
31470778,Hydrant,Hydrant,34.95701901,-89.80221844,red,Hydrant
31470779,Hydrant,Hydrant,34.95546152,-89.80197140,red,Hydrant
31470780,Hydrant,Hydrant,34.95813796,-89.80288033,red,Hydrant
31470781,Hydrant,Hydrant,34.95697395,-89.80344779,red,Hydrant
31470782,Hydrant,Hydrant,34.95548106,-89.80343879,red,Hydrant
31470783,Hydrant,Hydrant,34.95554029,-89.80471652,red,Hydrant
31470784,Hydrant,Hydrant,34.95657594,-89.80749350,red,Hydrant
31470785,Hydrant,Hydrant,34.95700959,-89.80929612,red,Hydrant
31470786,Hydrant,Hydrant,34.95704729,-89.81225401,red,Hydrant
31470787,Hydrant,Hydrant,34.95776849,-89.81085903,red,Hydrant
31470788,Hydrant,Hydrant,34.95754743,-89.80660533,red,Hydrant
31470789,Hydrant,Hydrant,34.95806594,-89.80513482,red,Hydrant
31470790,Hydrant,Hydrant,34.95848803,-89.80972700,red,Hydrant
31470791,Hydrant,Hydrant,34.95854158,-89.81226228,red,Hydrant
31470792,Hydrant,Hydrant,34.95914500,-89.81177652,red,Hydrant
31470793,Hydrant,Hydrant,34.95921857,-89.80585285,red,Hydrant
31470794,Hydrant,Hydrant,34.96236122,-89.81682058,red,Hydrant
31470795,Hydrant,Hydrant,34.96745573,-89.79789025,red,Hydrant
31470796,Hydrant,Hydrant,34.96847596,-89.79677035,red,Hydrant
31470797,Hydrant,Hydrant,34.96927193,-89.79720734,red,Hydrant
31470798,Hydrant,Hydrant,34.96908736,-89.79796227,red,Hydrant
31470799,Hydrant,Hydrant,34.96875878,-89.79885799,red,Hydrant
31470800,Hydrant,Hydrant,34.96808813,-89.79922601,red,Hydrant
31470801,Hydrant,Hydrant,34.96747547,-89.79987759,red,Hydrant
31470802,Hydrant,Hydrant,34.96792634,-89.80052211,red,Hydrant
31470803,Hydrant,Hydrant,34.96810203,-89.80101542,red,Hydrant
31470804,Hydrant,Hydrant,34.96851519,-89.79976721,red,Hydrant
31470805,Hydrant,Hydrant,34.96901061,-89.80032515,red,Hydrant
31470806,Hydrant,Hydrant,34.96940949,-89.79920799,red,Hydrant
31470807,Hydrant,Hydrant,34.96873973,-89.79540301,red,Hydrant
31470808,Hydrant,Hydrant,34.96868671,-89.79585824,red,Hydrant
31470809,Hydrant,Hydrant,34.96706374,-89.79576771,red,Hydrant
31470810,Hydrant,Hydrant,34.96736821,-89.79708021,red,Hydrant
31470811,Hydrant,Hydrant,34.96715458,-89.79712299,red,Hydrant
31470812,Hydrant,Hydrant,34.96265077,-89.79590713,red,Hydrant
31470813,Hydrant,Hydrant,34.96318702,-89.79661637,red,Hydrant
31470814,Hydrant,Hydrant,34.97523928,-89.84500755,red,Hydrant
31470815,Hydrant,Hydrant,34.97460367,-89.84464181,red,Hydrant
31470816,Hydrant,Hydrant,34.96200702,-89.85696339,red,Hydrant
31470817,Hydrant,Hydrant,34.96609031,-89.86278066,red,Hydrant
31470818,Hydrant,Hydrant,34.93348198,-89.83370072,red,Hydrant
31470819,Hydrant,Hydrant,34.93338596,-89.83090080,red,Hydrant
31470820,Hydrant,Hydrant,34.96846905,-89.87511776,red,Hydrant
31470821,Hydrant,Hydrant,34.96982340,-89.87368653,red,Hydrant
31470822,Hydrant,Hydrant,34.96957192,-89.89675638,red,Hydrant
31470823,Hydrant,Hydrant,34.97050237,-89.89799552,red,Hydrant
31470824,Hydrant,Hydrant,34.96791133,-89.89570127,red,Hydrant
31470825,Hydrant,Hydrant,34.96693324,-89.89347729,red,Hydrant
31470826,Hydrant,Hydrant,34.96741303,-89.89438387,red,Hydrant
31470827,Hydrant,Hydrant,34.96956560,-89.89505005,red,Hydrant
31470828,Hydrant,Hydrant,34.97034206,-89.89567921,red,Hydrant
31470829,Hydrant,Hydrant,34.97139096,-89.89639837,red,Hydrant
31470830,Hydrant,Hydrant,34.97208253,-89.89691201,red,Hydrant
31470831,Hydrant,Hydrant,34.97379770,-89.90021585,red,Hydrant
31470832,Hydrant,Hydrant,34.97243241,-89.90028144,red,Hydrant
31470833,Hydrant,Hydrant,34.97219706,-89.89903732,red,Hydrant
31470834,Hydrant,Hydrant,34.97292727,-89.89847432,red,Hydrant
31470835,Hydrant,Hydrant,34.97361993,-89.89876094,red,Hydrant
31470836,Hydrant,Hydrant,34.97187874,-89.89798172,red,Hydrant
31470837,Hydrant,Hydrant,34.97138103,-89.89883121,red,Hydrant
31470838,Hydrant,Hydrant,34.97045153,-89.89971250,red,Hydrant
31470839,Hydrant,Hydrant,34.97048226,-89.90105964,red,Hydrant
31470840,Hydrant,Hydrant,34.96939654,-89.90026359,red,Hydrant
31470841,Hydrant,Hydrant,34.96830067,-89.90025923,red,Hydrant
31470842,Hydrant,Hydrant,34.96798619,-89.89895321,red,Hydrant
31470843,Hydrant,Hydrant,34.96952791,-89.89877512,red,Hydrant
31470844,Hydrant,Hydrant,34.96859595,-89.89773024,red,Hydrant
31470845,Hydrant,Hydrant,34.96768915,-89.89677591,red,Hydrant
31470846,Hydrant,Hydrant,34.96670819,-89.89624245,red,Hydrant
31470847,Hydrant,Hydrant,34.96269894,-89.89429952,red,Hydrant
31470848,Hydrant,Hydrant,34.97048736,-89.89009449,red,Hydrant
31470849,Hydrant,Hydrant,34.97075929,-89.89146908,red,Hydrant
31470850,Hydrant,Hydrant,34.96486798,-89.88346994,red,Hydrant
31470851,Hydrant,Hydrant,34.96728031,-89.88220801,red,Hydrant
31470852,Hydrant,Hydrant,34.96763924,-89.87658509,red,Hydrant
31470853,Hydrant,Hydrant,34.96765727,-89.87814752,red,Hydrant
31470854,Hydrant,Hydrant,34.96667455,-89.87793229,red,Hydrant
31470855,Hydrant,Hydrant,34.96660589,-89.87908660,red,Hydrant
31470856,Hydrant,Hydrant,34.96573861,-89.87867554,red,Hydrant
31470857,Hydrant,Hydrant,34.96574653,-89.87728484,red,Hydrant
31470858,Hydrant,Hydrant,34.96641586,-89.87494879,red,Hydrant
31470859,Hydrant,Hydrant,34.96584388,-89.87580033,red,Hydrant
31470860,Hydrant,Hydrant,34.96659304,-89.87584030,red,Hydrant
31470861,Hydrant,Hydrant,34.97324315,-89.86666038,red,Hydrant
31470862,Hydrant,Hydrant,34.97325869,-89.86599190,red,Hydrant
31470863,Hydrant,Hydrant,34.97256381,-89.86597321,red,Hydrant
31470864,Hydrant,Hydrant,34.96800719,-89.86958970,red,Hydrant
31470865,Hydrant,Hydrant,34.96706767,-89.87073515,red,Hydrant
31470866,Hydrant,Hydrant,34.96607280,-89.87087606,red,Hydrant
31470867,Hydrant,Hydrant,34.96611852,-89.86590266,red,Hydrant
31470868,Hydrant,Hydrant,34.96623994,-89.86694889,red,Hydrant
31470869,Hydrant,Hydrant,34.96605870,-89.86849753,red,Hydrant
31470870,Hydrant,Hydrant,34.96710294,-89.86848529,red,Hydrant
31470871,Hydrant,Hydrant,34.96755458,-89.86850416,red,Hydrant
31470872,Hydrant,Hydrant,34.96792692,-89.86740006,red,Hydrant
31470873,Hydrant,Hydrant,34.96790223,-89.86649154,red,Hydrant
31470874,Hydrant,Hydrant,34.96920808,-89.86850076,red,Hydrant
31470875,Hydrant,Hydrant,34.97071167,-89.86923919,red,Hydrant
31470876,Hydrant,Hydrant,34.96949930,-89.86923490,red,Hydrant
31470877,Hydrant,Hydrant,34.96931367,-89.87018503,red,Hydrant
31470878,Hydrant,Hydrant,34.96934481,-89.87191048,red,Hydrant
31470879,Hydrant,Hydrant,34.96930350,-89.87239151,red,Hydrant
31470880,Hydrant,Hydrant,34.96714349,-89.87358686,red,Hydrant
31470881,Hydrant,Hydrant,34.96510121,-89.87356743,red,Hydrant
31470882,Hydrant,Hydrant,34.97134023,-89.90115895,red,Hydrant
31470883,Hydrant,Hydrant,34.97527523,-89.91889120,red,Hydrant
31470884,Hydrant,Hydrant,34.97524933,-89.91611275,red,Hydrant
31470885,Hydrant,Hydrant,34.97525881,-89.91378682,red,Hydrant
31470886,Hydrant,Hydrant,34.97528458,-89.91095585,red,Hydrant
31470887,Hydrant,Hydrant,34.96527954,-89.91887343,red,Hydrant
31470888,Hydrant,Hydrant,34.96852067,-89.91892162,red,Hydrant
31470889,Hydrant,Hydrant,34.97134897,-89.91890688,red,Hydrant
31470890,Hydrant,Hydrant,34.97142921,-89.91613367,red,Hydrant
31470891,Hydrant,Hydrant,34.97143943,-89.91251361,red,Hydrant
31470892,Hydrant,Hydrant,34.97064114,-89.90942150,red,Hydrant
31470893,Hydrant,Hydrant,34.97064328,-89.90576087,red,Hydrant
31470894,Hydrant,Hydrant,34.96469749,-89.90389390,red,Hydrant
31470895,Hydrant,Hydrant,34.96469022,-89.90507909,red,Hydrant
31470896,Hydrant,Hydrant,34.96370370,-89.90671355,red,Hydrant
31470897,Hydrant,Hydrant,34.96364210,-89.90576037,red,Hydrant
31470898,Hydrant,Hydrant,34.96351445,-89.90555760,red,Hydrant
31470899,Hydrant,Hydrant,34.96267783,-89.90704727,red,Hydrant
31470900,Hydrant,Hydrant,34.96469580,-89.90854017,red,Hydrant
31470901,Hydrant,Hydrant,34.96468338,-89.90991749,red,Hydrant
31470902,Hydrant,Hydrant,34.96463024,-89.91167002,red,Hydrant
31470903,Hydrant,Hydrant,34.96461894,-89.91342855,red,Hydrant
31470904,Hydrant,Hydrant,34.96547425,-89.91336167,red,Hydrant
31470905,Hydrant,Hydrant,34.96548861,-89.91166311,red,Hydrant
31470906,Hydrant,Hydrant,34.96553852,-89.90987453,red,Hydrant
31470907,Hydrant,Hydrant,34.96550200,-89.90679803,red,Hydrant
31470908,Hydrant,Hydrant,34.96549863,-89.90845344,red,Hydrant
31470909,Hydrant,Hydrant,34.96673741,-89.90825782,red,Hydrant
31470910,Hydrant,Hydrant,34.96716086,-89.90675385,red,Hydrant
31470911,Hydrant,Hydrant,34.96614385,-89.90590531,red,Hydrant
31470912,Hydrant,Hydrant,34.96555472,-89.90521358,red,Hydrant
31470913,Hydrant,Hydrant,34.96556971,-89.90363824,red,Hydrant
31470914,Hydrant,Hydrant,34.96689124,-89.90437711,red,Hydrant
31470915,Hydrant,Hydrant,34.96778915,-89.90435042,red,Hydrant
31470916,Hydrant,Hydrant,34.96783697,-89.90338938,red,Hydrant
31470917,Hydrant,Hydrant,34.96681811,-89.90340190,red,Hydrant
31470918,Hydrant,Hydrant,34.96694940,-89.90209203,red,Hydrant
31470919,Hydrant,Hydrant,34.96557682,-89.90197006,red,Hydrant
31470920,Hydrant,Hydrant,34.96353637,-89.90095031,red,Hydrant
31470921,Hydrant,Hydrant,34.96251671,-89.88464927,red,Hydrant
31470922,Hydrant,Hydrant,34.96254938,-89.88613790,red,Hydrant
31470923,Hydrant,Hydrant,34.96255701,-89.88681182,red,Hydrant
31470924,Hydrant,Hydrant,34.96261214,-89.88978122,red,Hydrant
31470925,Hydrant,Hydrant,34.96264704,-89.89281585,red,Hydrant
31470926,Hydrant,Hydrant,34.96192114,-89.88591221,red,Hydrant
31470927,Hydrant,Hydrant,34.96198784,-89.88440047,red,Hydrant
31470928,Hydrant,Hydrant,34.96115973,-89.88338256,red,Hydrant
31470929,Hydrant,Hydrant,34.98185159,-89.84381826,red,Hydrant
31470930,Hydrant,Hydrant,34.97800906,-89.84143143,red,Hydrant
31470931,Hydrant,Hydrant,34.97703513,-89.84067546,red,Hydrant
31470932,Hydrant,Hydrant,34.96607724,-89.82207183,red,Hydrant
31470933,Hydrant,Hydrant,34.96430982,-89.82176156,red,Hydrant
31470934,Hydrant,Hydrant,34.96328562,-89.82204811,red,Hydrant
31470935,Hydrant,Hydrant,34.96452722,-89.82428393,red,Hydrant
31470936,Hydrant,Hydrant,34.96550656,-89.82629602,red,Hydrant
31470937,Hydrant,Hydrant,34.96530751,-89.82530096,red,Hydrant
31470938,Hydrant,Hydrant,34.96515581,-89.82416418,red,Hydrant
31470939,Hydrant,Hydrant,34.96569662,-89.82427326,red,Hydrant
31470940,Hydrant,Hydrant,34.96654277,-89.82440904,red,Hydrant
31470941,Hydrant,Hydrant,34.96654964,-89.82370792,red,Hydrant
31470942,Hydrant,Hydrant,34.96530741,-89.82366198,red,Hydrant
31470943,Hydrant,Hydrant,34.96445027,-89.82351855,red,Hydrant
31470944,Hydrant,Hydrant,34.96392782,-89.82369702,red,Hydrant
31470945,Hydrant,Hydrant,34.96214215,-89.82320536,red,Hydrant
31470946,Hydrant,Hydrant,34.96296282,-89.82344555,red,Hydrant
31470947,Hydrant,Hydrant,34.94892856,-89.82373670,red,Hydrant
31470948,Hydrant,Hydrant,34.95023032,-89.82346680,red,Hydrant
31470949,Hydrant,Hydrant,34.95043163,-89.82244941,red,Hydrant
31470950,Hydrant,Hydrant,34.95034954,-89.82229569,red,Hydrant
31470951,Hydrant,Hydrant,34.94994926,-89.82199205,red,Hydrant
31470952,Hydrant,Hydrant,34.94888719,-89.82164626,red,Hydrant
31470953,Hydrant,Hydrant,34.94901693,-89.82501057,red,Hydrant
31470954,Hydrant,Hydrant,34.95000965,-89.82795186,red,Hydrant
31470955,Hydrant,Hydrant,34.94917143,-89.82720729,red,Hydrant
31470956,Hydrant,Hydrant,34.95028831,-89.82597614,red,Hydrant
31470957,Hydrant,Hydrant,34.95101719,-89.82849849,red,Hydrant
31470958,Hydrant,Hydrant,34.95105084,-89.82616649,red,Hydrant
31470959,Hydrant,Hydrant,34.95196880,-89.82502229,red,Hydrant
31470960,Hydrant,Hydrant,34.95307267,-89.82618316,red,Hydrant
31470961,Hydrant,Hydrant,34.95339838,-89.81949923,red,Hydrant
31470962,Hydrant,Hydrant,34.95261813,-89.82183452,red,Hydrant
31470963,Hydrant,Hydrant,34.95312987,-89.82392453,red,Hydrant
31470964,Hydrant,Hydrant,34.95360382,-89.82592556,red,Hydrant
31470965,Hydrant,Hydrant,34.95528993,-89.82532013,red,Hydrant
31470966,Hydrant,Hydrant,34.95716501,-89.82755164,red,Hydrant
31470967,Hydrant,Hydrant,34.95666330,-89.82607782,red,Hydrant
31470968,Hydrant,Hydrant,34.95553217,-89.82513173,red,Hydrant
31470969,Hydrant,Hydrant,34.95987609,-89.86116954,red,Hydrant
31470970,Hydrant,Hydrant,34.92377968,-89.82285318,red,Hydrant
31470971,Hydrant,Hydrant,34.92370356,-89.82450020,red,Hydrant
31470972,Hydrant,Hydrant,34.96213906,-89.91113169,red,Hydrant
31470973,Hydrant,Hydrant,34.96124463,-89.90910017,red,Hydrant
31470974,Hydrant,Hydrant,34.96214792,-89.90491517,red,Hydrant
31470975,Hydrant,Hydrant,34.95562468,-89.90402516,red,Hydrant
31470976,Hydrant,Hydrant,34.95622475,-89.90552568,red,Hydrant
31470977,Hydrant,Hydrant,34.95678867,-89.90693470,red,Hydrant
31470978,Hydrant,Hydrant,34.95735505,-89.90751483,red,Hydrant
31470979,Hydrant,Hydrant,34.95811231,-89.91037828,red,Hydrant
31470980,Hydrant,Hydrant,34.95774426,-89.90892533,red,Hydrant
31470981,Hydrant,Hydrant,34.95795180,-89.90646045,red,Hydrant
31470982,Hydrant,Hydrant,34.95795050,-89.90478814,red,Hydrant
31470983,Hydrant,Hydrant,34.95792135,-89.90209494,red,Hydrant
31470984,Hydrant,Hydrant,34.95795228,-89.90308157,red,Hydrant
31470985,Hydrant,Hydrant,34.95716620,-89.90519575,red,Hydrant
31470986,Hydrant,Hydrant,34.95686547,-89.90432212,red,Hydrant
31470987,Hydrant,Hydrant,34.95686111,-89.90312519,red,Hydrant
31470988,Hydrant,Hydrant,34.95657490,-89.90110276,red,Hydrant
31470989,Hydrant,Hydrant,34.95657056,-89.90242547,red,Hydrant
31470990,Hydrant,Hydrant,34.95522131,-89.90239335,red,Hydrant
31470991,Hydrant,Hydrant,34.95439285,-89.90216596,red,Hydrant
31470992,Hydrant,Hydrant,34.95273672,-89.90168241,red,Hydrant
31470993,Hydrant,Hydrant,34.95283768,-89.90300798,red,Hydrant
31470994,Hydrant,Hydrant,34.95383369,-89.90396137,red,Hydrant
31470995,Hydrant,Hydrant,34.95455520,-89.90860576,red,Hydrant
31470996,Hydrant,Hydrant,34.95600309,-89.90863421,red,Hydrant
31470997,Hydrant,Hydrant,34.95514516,-89.90729344,red,Hydrant
31470998,Hydrant,Hydrant,34.95473489,-89.90585110,red,Hydrant
31470999,Hydrant,Hydrant,34.95372034,-89.90488170,red,Hydrant
31471000,Hydrant,Hydrant,34.95301234,-89.90540437,red,Hydrant
31471001,Hydrant,Hydrant,34.95356295,-89.90607866,red,Hydrant
31471002,Hydrant,Hydrant,34.95411967,-89.90756777,red,Hydrant
31471003,Hydrant,Hydrant,34.95331464,-89.90859132,red,Hydrant
31471004,Hydrant,Hydrant,34.95192162,-89.90858238,red,Hydrant
31471005,Hydrant,Hydrant,34.95252204,-89.90769513,red,Hydrant
31471006,Hydrant,Hydrant,34.95213125,-89.90675902,red,Hydrant
31471007,Hydrant,Hydrant,34.95191097,-89.90540439,red,Hydrant
31471008,Hydrant,Hydrant,34.95211681,-89.90430249,red,Hydrant
31471009,Hydrant,Hydrant,34.95160839,-89.90290064,red,Hydrant
31471010,Hydrant,Hydrant,34.95002852,-89.90226377,red,Hydrant
31471011,Hydrant,Hydrant,34.94578946,-89.91563813,red,Hydrant
31471012,Hydrant,Hydrant,34.94765382,-89.91647403,red,Hydrant
31471013,Hydrant,Hydrant,34.95205975,-89.91392900,red,Hydrant
31471014,Hydrant,Hydrant,34.95195769,-89.91566439,red,Hydrant
31471015,Hydrant,Hydrant,34.95040920,-89.91561772,red,Hydrant
31471016,Hydrant,Hydrant,34.94974094,-89.91414423,red,Hydrant
31471017,Hydrant,Hydrant,34.94799638,-89.91444847,red,Hydrant
31471018,Hydrant,Hydrant,34.95507326,-89.91439441,red,Hydrant
31471019,Hydrant,Hydrant,34.95463930,-89.91889898,red,Hydrant
31471020,Hydrant,Hydrant,34.95730137,-89.91574456,red,Hydrant
31471021,Hydrant,Hydrant,34.95729749,-89.91273897,red,Hydrant
31471022,Hydrant,Hydrant,34.95502915,-89.91140126,red,Hydrant
31471023,Hydrant,Hydrant,34.95177946,-89.91103380,red,Hydrant
31471024,Hydrant,Hydrant,34.94791978,-89.91055801,red,Hydrant
31471025,Hydrant,Hydrant,34.94813930,-89.90733548,red,Hydrant
31471026,Hydrant,Hydrant,34.94784414,-89.90234550,red,Hydrant
31471027,Hydrant,Hydrant,34.94924103,-89.90263520,red,Hydrant
31471028,Hydrant,Hydrant,34.94894335,-89.90320750,red,Hydrant
31471029,Hydrant,Hydrant,34.94845650,-89.90276118,red,Hydrant
31471030,Hydrant,Hydrant,34.94876820,-89.90221047,red,Hydrant
31471031,Hydrant,Hydrant,34.95809298,-89.88344910,red,Hydrant
31471032,Hydrant,Hydrant,34.95431121,-89.88342079,red,Hydrant
31471033,Hydrant,Hydrant,34.96199330,-89.89030256,red,Hydrant
31471034,Hydrant,Hydrant,34.96210625,-89.89471335,red,Hydrant
31471035,Hydrant,Hydrant,34.96258918,-89.88825089,red,Hydrant
31471036,Hydrant,Hydrant,34.96224407,-89.90088352,red,Hydrant
31471037,Hydrant,Hydrant,34.95757719,-89.89995821,red,Hydrant
31471038,Hydrant,Hydrant,34.95764100,-89.89706358,red,Hydrant
31471039,Hydrant,Hydrant,34.95758117,-89.89393532,red,Hydrant
31471040,Hydrant,Hydrant,34.95345740,-89.89557864,red,Hydrant
31471041,Hydrant,Hydrant,34.95564214,-89.89543609,red,Hydrant
31471042,Hydrant,Hydrant,34.95482283,-89.89471334,red,Hydrant
31471043,Hydrant,Hydrant,34.95468532,-89.89945820,red,Hydrant
31471044,Hydrant,Hydrant,34.95669647,-89.89935908,red,Hydrant
31471045,Hydrant,Hydrant,34.94770474,-89.89888586,red,Hydrant
31471046,Hydrant,Hydrant,34.94787147,-89.89641686,red,Hydrant
31471047,Hydrant,Hydrant,34.94828253,-89.89542388,red,Hydrant
31471048,Hydrant,Hydrant,34.94784613,-89.89520177,red,Hydrant
31471049,Hydrant,Hydrant,34.94644589,-89.85658554,red,Hydrant
31471050,Hydrant,Hydrant,34.94643711,-89.85504265,red,Hydrant
31471051,Hydrant,Hydrant,34.95107777,-89.85486747,red,Hydrant
31471052,Hydrant,Hydrant,34.95025397,-89.85485347,red,Hydrant
31471053,Hydrant,Hydrant,34.94778396,-89.85465708,red,Hydrant
31471054,Hydrant,Hydrant,34.94771208,-89.85399380,red,Hydrant
31471055,Hydrant,Hydrant,34.94567116,-89.84823614,red,Hydrant
31471056,Hydrant,Hydrant,34.94364418,-89.90161704,red,Hydrant
31471057,Hydrant,Hydrant,34.94762462,-89.91887303,red,Hydrant
31471058,Hydrant,Hydrant,34.94534913,-89.91956738,red,Hydrant
31471059,Hydrant,Hydrant,34.94175189,-89.91953123,red,Hydrant
31471060,Hydrant,Hydrant,34.94336439,-89.91964540,red,Hydrant
31471061,Hydrant,Hydrant,34.94091710,-89.91659841,red,Hydrant
31471062,Hydrant,Hydrant,34.94352790,-89.91665165,red,Hydrant
31471063,Hydrant,Hydrant,34.94265216,-89.91391155,red,Hydrant
31471064,Hydrant,Hydrant,34.94260862,-89.90863756,red,Hydrant
31471065,Hydrant,Hydrant,34.94262097,-89.91142450,red,Hydrant
31471066,Hydrant,Hydrant,34.94625997,-89.91122385,red,Hydrant
31471067,Hydrant,Hydrant,34.95976047,-89.87551609,red,Hydrant
31471068,Hydrant,Hydrant,34.95786960,-89.87560909,red,Hydrant
31471069,Hydrant,Hydrant,34.95029137,-89.87847840,red,Hydrant
31471070,Hydrant,Hydrant,34.94943304,-89.87849405,red,Hydrant
31471071,Hydrant,Hydrant,34.94809009,-89.87847787,red,Hydrant
31471072,Hydrant,Hydrant,34.94707304,-89.87846225,red,Hydrant
31471073,Hydrant,Hydrant,34.94686361,-89.87705914,red,Hydrant
31471074,Hydrant,Hydrant,34.94592618,-89.87558481,red,Hydrant
31471075,Hydrant,Hydrant,34.94685283,-89.87561975,red,Hydrant
31471076,Hydrant,Hydrant,34.94856599,-89.87640899,red,Hydrant
31471077,Hydrant,Hydrant,34.94983488,-89.87642586,red,Hydrant
31471078,Hydrant,Hydrant,34.95072571,-89.87624807,red,Hydrant
31471079,Hydrant,Hydrant,34.95230626,-89.87623010,red,Hydrant
31471080,Hydrant,Hydrant,34.95991154,-89.87776819,red,Hydrant
31471081,Hydrant,Hydrant,34.95720675,-89.87700843,red,Hydrant
31471082,Hydrant,Hydrant,34.95487800,-89.87623328,red,Hydrant
31471083,Hydrant,Hydrant,34.95446617,-89.87271832,red,Hydrant
31471084,Hydrant,Hydrant,34.95237910,-89.87269455,red,Hydrant
31471085,Hydrant,Hydrant,34.95268585,-89.87374108,red,Hydrant
31471086,Hydrant,Hydrant,34.95448172,-89.87395022,red,Hydrant
31471087,Hydrant,Hydrant,34.95594876,-89.87387470,red,Hydrant
31471088,Hydrant,Hydrant,34.95596303,-89.87264752,red,Hydrant
31471089,Hydrant,Hydrant,34.95770515,-89.87258103,red,Hydrant
31471090,Hydrant,Hydrant,34.96411681,-89.86605031,red,Hydrant
31471091,Hydrant,Hydrant,34.96446070,-89.86726999,red,Hydrant
31471092,Hydrant,Hydrant,34.96388876,-89.86713756,red,Hydrant
31471093,Hydrant,Hydrant,34.96384841,-89.86838331,red,Hydrant
31471094,Hydrant,Hydrant,34.96337984,-89.86896111,red,Hydrant
31471095,Hydrant,Hydrant,34.96243897,-89.87385175,red,Hydrant
31471096,Hydrant,Hydrant,34.96201616,-89.88164765,red,Hydrant
31471097,Hydrant,Hydrant,34.96202132,-89.87831727,red,Hydrant
31471098,Hydrant,Hydrant,34.96196069,-89.87649328,red,Hydrant
31471099,Hydrant,Hydrant,34.96180612,-89.87543084,red,Hydrant
31471100,Hydrant,Hydrant,34.96188332,-89.87369338,red,Hydrant
31471101,Hydrant,Hydrant,34.96201909,-89.87022104,red,Hydrant
31471102,Hydrant,Hydrant,34.95945032,-89.86561863,red,Hydrant
31471103,Hydrant,Hydrant,34.95084083,-89.87155754,red,Hydrant
31471104,Hydrant,Hydrant,34.94992914,-89.87316126,red,Hydrant
31471105,Hydrant,Hydrant,34.94888115,-89.87317752,red,Hydrant
31471106,Hydrant,Hydrant,34.94791708,-89.87320867,red,Hydrant
31471107,Hydrant,Hydrant,34.94796428,-89.87430869,red,Hydrant
31471108,Hydrant,Hydrant,34.94984863,-89.87429330,red,Hydrant
31471109,Hydrant,Hydrant,34.95065656,-89.87271242,red,Hydrant
31471110,Hydrant,Hydrant,34.94989660,-89.87187545,red,Hydrant
31471111,Hydrant,Hydrant,34.94999469,-89.87072214,red,Hydrant
31471112,Hydrant,Hydrant,34.95313788,-89.86637261,red,Hydrant
31471113,Hydrant,Hydrant,34.95301602,-89.86794505,red,Hydrant
31471114,Hydrant,Hydrant,34.95272299,-89.86907307,red,Hydrant
31471115,Hydrant,Hydrant,34.95229786,-89.86703922,red,Hydrant
31471116,Hydrant,Hydrant,34.95207897,-89.86825825,red,Hydrant
31471117,Hydrant,Hydrant,34.95038084,-89.86784698,red,Hydrant
31471118,Hydrant,Hydrant,34.95135390,-89.86811529,red,Hydrant
31471119,Hydrant,Hydrant,34.95066008,-89.86990389,red,Hydrant
31471120,Hydrant,Hydrant,34.95127660,-89.87069863,red,Hydrant
31471121,Hydrant,Hydrant,34.95255468,-89.87120283,red,Hydrant
31471122,Hydrant,Hydrant,34.95334044,-89.87116071,red,Hydrant
31471123,Hydrant,Hydrant,34.95417742,-89.87074414,red,Hydrant
31471124,Hydrant,Hydrant,34.95561210,-89.87071068,red,Hydrant
31471125,Hydrant,Hydrant,34.95594261,-89.87108956,red,Hydrant
31471126,Hydrant,Hydrant,34.95689115,-89.87132347,red,Hydrant
31471127,Hydrant,Hydrant,34.95761207,-89.87130727,red,Hydrant
31471128,Hydrant,Hydrant,34.95836826,-89.87129945,red,Hydrant
31471129,Hydrant,Hydrant,34.95843614,-89.87005970,red,Hydrant
31471130,Hydrant,Hydrant,34.95750041,-89.87028253,red,Hydrant
31471131,Hydrant,Hydrant,34.95614160,-89.86999483,red,Hydrant
31471132,Hydrant,Hydrant,34.95739994,-89.86916464,red,Hydrant
31471133,Hydrant,Hydrant,34.95601368,-89.86421386,red,Hydrant
31471134,Hydrant,Hydrant,34.95705293,-89.86454706,red,Hydrant
31471135,Hydrant,Hydrant,34.95883640,-89.86411416,red,Hydrant
31471136,Hydrant,Hydrant,34.95975484,-89.86277566,red,Hydrant
31471137,Hydrant,Hydrant,34.95845859,-89.86262349,red,Hydrant
31471138,Hydrant,Hydrant,34.95660538,-89.86221198,red,Hydrant
31471139,Hydrant,Hydrant,34.95690926,-89.86120931,red,Hydrant
31471140,Hydrant,Hydrant,34.95792638,-89.86134646,red,Hydrant
31471141,Hydrant,Hydrant,34.95722134,-89.86018023,red,Hydrant
31471142,Hydrant,Hydrant,34.95868922,-89.86082634,red,Hydrant
31471143,Hydrant,Hydrant,34.95876697,-89.85924375,red,Hydrant
31471144,Hydrant,Hydrant,34.95204799,-89.86476135,red,Hydrant
31471145,Hydrant,Hydrant,34.95366897,-89.86431112,red,Hydrant
31471146,Hydrant,Hydrant,34.95297815,-89.86548642,red,Hydrant
31471147,Hydrant,Hydrant,34.95440151,-89.86497993,red,Hydrant
31471148,Hydrant,Hydrant,34.95527202,-89.86296449,red,Hydrant
31471149,Hydrant,Hydrant,34.95601624,-89.86086166,red,Hydrant
31471150,Hydrant,Hydrant,34.95817536,-89.85840173,red,Hydrant
31471151,Hydrant,Hydrant,34.95866483,-89.85620808,red,Hydrant
31471152,Hydrant,Hydrant,34.95917666,-89.85784278,red,Hydrant
31471153,Hydrant,Hydrant,34.95922480,-89.85695074,red,Hydrant
31471154,Hydrant,Hydrant,34.95921578,-89.85605980,red,Hydrant
31471155,Hydrant,Hydrant,34.95931659,-89.85506556,red,Hydrant
31471156,Hydrant,Hydrant,34.96007855,-89.85637564,red,Hydrant
31471157,Hydrant,Hydrant,34.95980461,-89.85676243,red,Hydrant
31471158,Hydrant,Hydrant,34.95981399,-89.85776065,red,Hydrant
31471159,Hydrant,Hydrant,34.96008287,-89.85893932,red,Hydrant
31471160,Hydrant,Hydrant,34.96166619,-89.85916278,red,Hydrant
31471161,Hydrant,Hydrant,34.96067708,-89.85913289,red,Hydrant
31471162,Hydrant,Hydrant,34.96068594,-89.85698726,red,Hydrant
31471163,Hydrant,Hydrant,34.96137569,-89.85656293,red,Hydrant
31471164,Hydrant,Hydrant,34.96106603,-89.85454438,red,Hydrant
31471165,Hydrant,Hydrant,34.96764749,-89.86075991,red,Hydrant
31471166,Hydrant,Hydrant,34.96744851,-89.86250548,red,Hydrant
31471167,Hydrant,Hydrant,34.96820658,-89.86393084,red,Hydrant
31471168,Hydrant,Hydrant,34.96475746,-89.86495553,red,Hydrant
31471169,Hydrant,Hydrant,34.96681444,-89.86501296,red,Hydrant
31471170,Hydrant,Hydrant,34.96280567,-89.86439711,red,Hydrant
31471171,Hydrant,Hydrant,34.96385348,-89.86282470,red,Hydrant
31471172,Hydrant,Hydrant,34.96486808,-89.86099117,red,Hydrant
31471173,Hydrant,Hydrant,34.96300125,-89.86158993,red,Hydrant
31471174,Hydrant,Hydrant,34.96277864,-89.86072378,red,Hydrant
31471175,Hydrant,Hydrant,34.96976603,-89.86592323,red,Hydrant
31471176,Hydrant,Hydrant,34.97067065,-89.86557585,red,Hydrant
31471177,Hydrant,Hydrant,34.96992281,-89.86385567,red,Hydrant
31471178,Hydrant,Hydrant,34.96910148,-89.86365658,red,Hydrant
31471179,Hydrant,Hydrant,34.97125268,-89.86184181,red,Hydrant
31471180,Hydrant,Hydrant,34.96942464,-89.86012181,red,Hydrant
31471181,Hydrant,Hydrant,34.96861890,-89.86131014,red,Hydrant
31471182,Hydrant,Hydrant,34.96673989,-89.85978230,red,Hydrant
31471183,Hydrant,Hydrant,34.96677492,-89.85781459,red,Hydrant
31471184,Hydrant,Hydrant,34.96527853,-89.85870133,red,Hydrant
31471185,Hydrant,Hydrant,34.96241085,-89.85794345,red,Hydrant
31471186,Hydrant,Hydrant,34.96292304,-89.85655996,red,Hydrant
31471187,Hydrant,Hydrant,34.96533243,-89.85643229,red,Hydrant
31471188,Hydrant,Hydrant,34.96466873,-89.85586124,red,Hydrant
31471189,Hydrant,Hydrant,34.96424548,-89.85545232,red,Hydrant
31471190,Hydrant,Hydrant,34.96267838,-89.85574614,red,Hydrant
31471191,Hydrant,Hydrant,34.96351351,-89.84892157,red,Hydrant
31471192,Hydrant,Hydrant,34.97605909,-89.85973559,red,Hydrant
31471193,Hydrant,Hydrant,34.97500204,-89.86225951,red,Hydrant
31471194,Hydrant,Hydrant,34.97335890,-89.86105862,red,Hydrant
31471195,Hydrant,Hydrant,34.97316124,-89.86115717,red,Hydrant
31471196,Hydrant,Hydrant,34.97191039,-89.85994154,red,Hydrant
31471197,Hydrant,Hydrant,34.97088667,-89.85897581,red,Hydrant
31471198,Hydrant,Hydrant,34.96980707,-89.85799305,red,Hydrant
31471199,Hydrant,Hydrant,34.96867855,-89.85707786,red,Hydrant
31471200,Hydrant,Hydrant,34.96762986,-89.85614270,red,Hydrant
31471201,Hydrant,Hydrant,34.96788867,-89.85589693,red,Hydrant
31471202,Hydrant,Hydrant,34.96789922,-89.85469231,red,Hydrant
31471203,Hydrant,Hydrant,34.96789986,-89.85335463,red,Hydrant
31471204,Hydrant,Hydrant,34.96749782,-89.85241292,red,Hydrant
31471205,Hydrant,Hydrant,34.96695140,-89.85320555,red,Hydrant
31471206,Hydrant,Hydrant,34.96686736,-89.85411168,red,Hydrant
31471207,Hydrant,Hydrant,34.96699999,-89.85475288,red,Hydrant
31471208,Hydrant,Hydrant,34.96665335,-89.85536056,red,Hydrant
31471209,Hydrant,Hydrant,34.96627565,-89.85468960,red,Hydrant
31471210,Hydrant,Hydrant,34.96561095,-89.85431255,red,Hydrant
31471211,Hydrant,Hydrant,34.96458768,-89.85318132,red,Hydrant
31471212,Hydrant,Hydrant,34.96396871,-89.85172969,red,Hydrant
31471213,Hydrant,Hydrant,34.96367256,-89.85195712,red,Hydrant
31471214,Hydrant,Hydrant,34.96316264,-89.85052849,red,Hydrant
31471215,Hydrant,Hydrant,34.96528618,-89.85112243,red,Hydrant
31471216,Hydrant,Hydrant,34.96522221,-89.84837575,red,Hydrant
31471217,Hydrant,Hydrant,34.96461320,-89.84743323,red,Hydrant
31471218,Hydrant,Hydrant,34.96384924,-89.84607157,red,Hydrant
31471219,Hydrant,Hydrant,34.96417441,-89.84674800,red,Hydrant
31471220,Hydrant,Hydrant,34.96522737,-89.84673736,red,Hydrant
31471221,Hydrant,Hydrant,34.96591530,-89.84588737,red,Hydrant
31471222,Hydrant,Hydrant,34.96549236,-89.84531465,red,Hydrant
31471223,Hydrant,Hydrant,34.96061997,-89.84880821,red,Hydrant
31471224,Hydrant,Hydrant,34.96170038,-89.84869502,red,Hydrant
31471225,Hydrant,Hydrant,34.96394073,-89.83023019,red,Hydrant
31471226,Hydrant,Hydrant,34.96269169,-89.83278812,red,Hydrant
31471227,Hydrant,Hydrant,34.96671437,-89.83155229,red,Hydrant
31471228,Hydrant,Hydrant,34.96976601,-89.83688054,red,Hydrant
31471229,Hydrant,Hydrant,34.96641843,-89.84226608,red,Hydrant
31471230,Hydrant,Hydrant,34.96797089,-89.84307649,red,Hydrant
31471231,Hydrant,Hydrant,34.96849902,-89.84308095,red,Hydrant
31471232,Hydrant,Hydrant,34.96811943,-89.84061597,red,Hydrant
31471233,Hydrant,Hydrant,34.96705385,-89.84085608,red,Hydrant
31471234,Hydrant,Hydrant,34.96751725,-89.83976834,red,Hydrant
31471235,Hydrant,Hydrant,34.96790416,-89.83666759,red,Hydrant
31471236,Hydrant,Hydrant,34.96908965,-89.83733342,red,Hydrant
31471237,Hydrant,Hydrant,34.96925460,-89.83730755,red,Hydrant
31471238,Hydrant,Hydrant,34.96987301,-89.83923503,red,Hydrant
31471239,Hydrant,Hydrant,34.96987145,-89.84037319,red,Hydrant
31471240,Hydrant,Hydrant,34.97169442,-89.83200421,red,Hydrant
31471241,Hydrant,Hydrant,34.97067645,-89.83295302,red,Hydrant
31471242,Hydrant,Hydrant,34.97030748,-89.83442544,red,Hydrant
31471243,Hydrant,Hydrant,34.97504819,-89.83998228,red,Hydrant
31471244,Hydrant,Hydrant,34.97398633,-89.83816343,red,Hydrant
31471245,Hydrant,Hydrant,34.97398858,-89.83522315,red,Hydrant
31471246,Hydrant,Hydrant,34.97326593,-89.83288000,red,Hydrant
31471247,Hydrant,Hydrant,34.97578005,-89.83332284,red,Hydrant
31471248,Hydrant,Hydrant,34.97579773,-89.83737692,red,Hydrant
31471249,Hydrant,Hydrant,34.97609102,-89.83953979,red,Hydrant
31471250,Hydrant,Hydrant,34.96889164,-89.84152048,red,Hydrant
31471251,Hydrant,Hydrant,34.97128774,-89.84156685,red,Hydrant
31471252,Hydrant,Hydrant,34.97299797,-89.84196580,red,Hydrant
31471253,Hydrant,Hydrant,34.97402549,-89.84366015,red,Hydrant
31471254,Hydrant,Hydrant,34.97014028,-89.84505917,red,Hydrant
31471255,Hydrant,Hydrant,34.97044639,-89.84545877,red,Hydrant
31471256,Hydrant,Hydrant,34.97141219,-89.84583474,red,Hydrant
31471257,Hydrant,Hydrant,34.97100644,-89.84720917,red,Hydrant
31471258,Hydrant,Hydrant,34.97006866,-89.84684837,red,Hydrant
31471259,Hydrant,Hydrant,34.97056168,-89.85310141,red,Hydrant
31471260,Hydrant,Hydrant,34.97657688,-89.84845943,red,Hydrant
31471261,Hydrant,Hydrant,34.97767849,-89.84943944,red,Hydrant
31471262,Hydrant,Hydrant,34.97515249,-89.84930619,red,Hydrant
31471263,Hydrant,Hydrant,34.97601246,-89.84924726,red,Hydrant
31471264,Hydrant,Hydrant,34.97748872,-89.84984618,red,Hydrant
31471265,Hydrant,Hydrant,34.97602584,-89.85043909,red,Hydrant
31471266,Hydrant,Hydrant,34.97696981,-89.85018434,red,Hydrant
31471267,Hydrant,Hydrant,34.97736348,-89.85073033,red,Hydrant
31471268,Hydrant,Hydrant,34.97787723,-89.85177073,red,Hydrant
31471269,Hydrant,Hydrant,34.97832407,-89.85251097,red,Hydrant
31471270,Hydrant,Hydrant,34.97873813,-89.85226079,red,Hydrant
31471271,Hydrant,Hydrant,34.97915410,-89.84380328,red,Hydrant
31471272,Hydrant,Hydrant,34.98022602,-89.84360510,red,Hydrant
31471273,Hydrant,Hydrant,34.98130726,-89.84363433,red,Hydrant
31471274,Hydrant,Hydrant,34.98185225,-89.84739356,red,Hydrant
31471275,Hydrant,Hydrant,34.98185970,-89.84612358,red,Hydrant
31471276,Hydrant,Hydrant,34.98075632,-89.84511867,red,Hydrant
31471277,Hydrant,Hydrant,34.98185316,-89.84516953,red,Hydrant
31471278,Hydrant,Hydrant,34.98299722,-89.84411593,red,Hydrant
31471279,Hydrant,Hydrant,34.98331009,-89.84565215,red,Hydrant
31471280,Hydrant,Hydrant,34.98080077,-89.84728817,red,Hydrant
31471281,Hydrant,Hydrant,34.98008652,-89.84634683,red,Hydrant
31471282,Hydrant,Hydrant,34.97935209,-89.84538101,red,Hydrant
31471283,Hydrant,Hydrant,34.97805395,-89.84383930,red,Hydrant
31471284,Hydrant,Hydrant,34.97950231,-89.84116106,red,Hydrant
31471285,Hydrant,Hydrant,34.98149259,-89.84018582,red,Hydrant
31471286,Hydrant,Hydrant,34.98303076,-89.84116872,red,Hydrant
31471287,Hydrant,Hydrant,34.98097459,-89.84193667,red,Hydrant
31471288,Hydrant,Hydrant,34.98781557,-89.83468170,red,Hydrant
31471289,Hydrant,Hydrant,34.99178175,-89.81201376,red,Hydrant
31471290,Hydrant,Hydrant,34.99276579,-89.81283656,red,Hydrant
31471291,Hydrant,Hydrant,34.99434401,-89.80861053,red,Hydrant
31471292,Hydrant,Hydrant,34.99360864,-89.80924926,red,Hydrant
31471293,Hydrant,Hydrant,34.99236586,-89.80932453,red,Hydrant
31471294,Hydrant,Hydrant,34.99166387,-89.80730700,red,Hydrant
31471295,Hydrant,Hydrant,34.99127481,-89.80585564,red,Hydrant
31471296,Hydrant,Hydrant,34.99123731,-89.80461597,red,Hydrant
31471297,Hydrant,Hydrant,34.99232298,-89.80427266,red,Hydrant
31471298,Hydrant,Hydrant,34.99339668,-89.80427201,red,Hydrant
31471299,Hydrant,Hydrant,34.98702362,-89.80981962,red,Hydrant
31471300,Hydrant,Hydrant,34.98793056,-89.80969563,red,Hydrant
31471301,Hydrant,Hydrant,34.98792612,-89.80703425,red,Hydrant
31471302,Hydrant,Hydrant,34.98744265,-89.80677964,red,Hydrant
31471303,Hydrant,Hydrant,34.98696765,-89.80693036,red,Hydrant
31471304,Hydrant,Hydrant,34.98622472,-89.80726249,red,Hydrant
31471305,Hydrant,Hydrant,34.98491196,-89.80554905,red,Hydrant
31471306,Hydrant,Hydrant,34.98588389,-89.80584843,red,Hydrant
31471307,Hydrant,Hydrant,34.98619003,-89.80492470,red,Hydrant
31471308,Hydrant,Hydrant,34.98595438,-89.80382425,red,Hydrant
31471309,Hydrant,Hydrant,34.98491620,-89.80384887,red,Hydrant
31471310,Hydrant,Hydrant,34.98651476,-89.80286642,red,Hydrant
31471311,Hydrant,Hydrant,34.98683348,-89.80148980,red,Hydrant
31471312,Hydrant,Hydrant,34.98722557,-89.80103600,red,Hydrant
31471313,Hydrant,Hydrant,34.97705425,-89.80565359,red,Hydrant
31471314,Hydrant,Hydrant,34.97700980,-89.80405222,red,Hydrant
31471315,Hydrant,Hydrant,34.97698654,-89.80246147,red,Hydrant
31471316,Hydrant,Hydrant,34.98636840,-89.80627751,red,Hydrant
31471317,Hydrant,Hydrant,34.98665448,-89.80536229,red,Hydrant
31471318,Hydrant,Hydrant,34.98723983,-89.80467993,red,Hydrant
31471319,Hydrant,Hydrant,34.98787116,-89.80385900,red,Hydrant
31471320,Hydrant,Hydrant,34.98801535,-89.80287567,red,Hydrant
31471321,Hydrant,Hydrant,34.98801237,-89.80161220,red,Hydrant
31471322,Hydrant,Hydrant,34.98802529,-89.80036564,red,Hydrant
31471323,Hydrant,Hydrant,34.98830253,-89.79997100,red,Hydrant
31471324,Hydrant,Hydrant,34.98040536,-89.80201085,red,Hydrant
31471325,Hydrant,Hydrant,34.98028985,-89.80070041,red,Hydrant
31471326,Hydrant,Hydrant,34.98063518,-89.80023719,red,Hydrant
31471327,Hydrant,Hydrant,34.98095499,-89.80042175,red,Hydrant
31471328,Hydrant,Hydrant,34.98092757,-89.80146947,red,Hydrant
31471329,Hydrant,Hydrant,34.98065790,-89.80155455,red,Hydrant
31471330,Hydrant,Hydrant,34.98062549,-89.80291474,red,Hydrant
31471331,Hydrant,Hydrant,34.98064387,-89.80426863,red,Hydrant
31471332,Hydrant,Hydrant,34.98063221,-89.80564374,red,Hydrant
31471333,Hydrant,Hydrant,34.98060971,-89.80695704,red,Hydrant
31471334,Hydrant,Hydrant,34.98222668,-89.80790020,red,Hydrant
31471335,Hydrant,Hydrant,34.98134097,-89.80781958,red,Hydrant
31471336,Hydrant,Hydrant,34.98110056,-89.80786837,red,Hydrant
31471337,Hydrant,Hydrant,34.97980766,-89.80784903,red,Hydrant
31471338,Hydrant,Hydrant,34.97845003,-89.80785002,red,Hydrant
31471339,Hydrant,Hydrant,34.97814748,-89.80597142,red,Hydrant
31471340,Hydrant,Hydrant,34.97703149,-89.80782286,red,Hydrant
31471341,Hydrant,Hydrant,34.97775097,-89.80888151,red,Hydrant
31471342,Hydrant,Hydrant,34.98294223,-89.80327699,red,Hydrant
31471343,Hydrant,Hydrant,34.98350948,-89.80841186,red,Hydrant
31471344,Hydrant,Hydrant,34.98465151,-89.80824421,red,Hydrant
31471345,Hydrant,Hydrant,34.98416145,-89.80777887,red,Hydrant
31471346,Hydrant,Hydrant,34.98360037,-89.80787793,red,Hydrant
31471347,Hydrant,Hydrant,34.98293415,-89.80720580,red,Hydrant
31471348,Hydrant,Hydrant,34.98292830,-89.80565143,red,Hydrant
31471349,Hydrant,Hydrant,34.98294169,-89.80460766,red,Hydrant
31471350,Hydrant,Hydrant,34.98337675,-89.80205672,red,Hydrant
31471351,Hydrant,Hydrant,34.98542792,-89.82939148,red,Hydrant
31471352,Hydrant,Hydrant,34.98479416,-89.82686549,red,Hydrant
31471353,Hydrant,Hydrant,34.98517086,-89.82537123,red,Hydrant
31471354,Hydrant,Hydrant,34.98620054,-89.82755571,red,Hydrant
31471355,Hydrant,Hydrant,34.98494111,-89.82053512,red,Hydrant
31471356,Hydrant,Hydrant,34.98577211,-89.82014760,red,Hydrant
31471357,Hydrant,Hydrant,34.98702336,-89.82016449,red,Hydrant
31471358,Hydrant,Hydrant,34.98837353,-89.82017952,red,Hydrant
31471359,Hydrant,Hydrant,34.98859505,-89.82114561,red,Hydrant
31471360,Hydrant,Hydrant,34.98731352,-89.82125732,red,Hydrant
31471361,Hydrant,Hydrant,34.98634659,-89.82207535,red,Hydrant
31471362,Hydrant,Hydrant,34.98761644,-89.82215662,red,Hydrant
31471363,Hydrant,Hydrant,34.98896371,-89.82203966,red,Hydrant
31471364,Hydrant,Hydrant,34.98978721,-89.82031388,red,Hydrant
31471365,Hydrant,Hydrant,34.99144255,-89.82011444,red,Hydrant
31471366,Hydrant,Hydrant,34.99317294,-89.82035824,red,Hydrant
31471367,Hydrant,Hydrant,34.99410185,-89.82130642,red,Hydrant
31471368,Hydrant,Hydrant,34.99217342,-89.82145073,red,Hydrant
31471369,Hydrant,Hydrant,34.99041315,-89.82161788,red,Hydrant
31471370,Hydrant,Hydrant,34.98877103,-89.82403935,red,Hydrant
31471371,Hydrant,Hydrant,34.98758054,-89.82443699,red,Hydrant
31471372,Hydrant,Hydrant,34.98890263,-89.82528303,red,Hydrant
31471373,Hydrant,Hydrant,34.98814050,-89.82585918,red,Hydrant
31471374,Hydrant,Hydrant,34.98890271,-89.82625802,red,Hydrant
31471375,Hydrant,Hydrant,34.98940955,-89.82725764,red,Hydrant
31471376,Hydrant,Hydrant,34.98843179,-89.82721813,red,Hydrant
31471377,Hydrant,Hydrant,34.98806324,-89.82912647,red,Hydrant
31471378,Hydrant,Hydrant,34.98763356,-89.82700902,red,Hydrant
31471379,Hydrant,Hydrant,34.98711601,-89.82859820,red,Hydrant
31471380,Hydrant,Hydrant,34.98990350,-89.83039243,red,Hydrant
31471381,Hydrant,Hydrant,34.98872763,-89.82899562,red,Hydrant
31471382,Hydrant,Hydrant,34.98877007,-89.82838157,red,Hydrant
31471383,Hydrant,Hydrant,34.98999506,-89.82839379,red,Hydrant
31471384,Hydrant,Hydrant,34.99010424,-89.82887538,red,Hydrant
31471385,Hydrant,Hydrant,34.99052369,-89.82813290,red,Hydrant
31471386,Hydrant,Hydrant,34.99108269,-89.82881571,red,Hydrant
31471387,Hydrant,Hydrant,34.93656538,-89.84665942,red,Hydrant
31471388,Hydrant,Hydrant,34.94144775,-89.83964807,red,Hydrant
31471389,Hydrant,Hydrant,34.93879422,-89.83732515,red,Hydrant
31471390,Hydrant,Hydrant,34.94006216,-89.83653143,red,Hydrant
31471391,Hydrant,Hydrant,34.94003447,-89.83819072,red,Hydrant
31471392,Hydrant,Hydrant,34.94003941,-89.84128894,red,Hydrant
31471393,Hydrant,Hydrant,34.93955623,-89.83945391,red,Hydrant
31471394,Hydrant,Hydrant,34.93775855,-89.84056621,red,Hydrant
31471395,Hydrant,Hydrant,34.93759009,-89.83924042,red,Hydrant
31471396,Hydrant,Hydrant,34.93764855,-89.83766356,red,Hydrant
31471397,Hydrant,Hydrant,34.93803868,-89.83631562,red,Hydrant
31471398,Hydrant,Hydrant,34.94151993,-89.83308257,red,Hydrant
31471399,Hydrant,Hydrant,34.94122699,-89.83153373,red,Hydrant
31471400,Hydrant,Hydrant,34.94943253,-89.84569660,red,Hydrant
31471401,Hydrant,Hydrant,34.94965169,-89.84291497,red,Hydrant
31471402,Hydrant,Hydrant,34.95018865,-89.84172629,red,Hydrant
31471403,Hydrant,Hydrant,34.94911199,-89.84197660,red,Hydrant
31471404,Hydrant,Hydrant,34.94774376,-89.85077259,red,Hydrant
31471405,Hydrant,Hydrant,34.95067809,-89.85004254,red,Hydrant
31471406,Hydrant,Hydrant,34.95027046,-89.84813950,red,Hydrant
31471407,Hydrant,Hydrant,34.94917351,-89.84823229,red,Hydrant
31471408,Hydrant,Hydrant,34.94772536,-89.84571267,red,Hydrant
31471409,Hydrant,Hydrant,34.94838990,-89.84604277,red,Hydrant
31471410,Hydrant,Hydrant,34.95217413,-89.84431590,red,Hydrant
31471411,Hydrant,Hydrant,34.94781195,-89.84438798,red,Hydrant
31471412,Hydrant,Hydrant,34.94812354,-89.84083871,red,Hydrant
31471413,Hydrant,Hydrant,34.94787427,-89.84201584,red,Hydrant
31471414,Hydrant,Hydrant,34.94780733,-89.84188286,red,Hydrant
31471415,Hydrant,Hydrant,34.94779499,-89.83929564,red,Hydrant
31471416,Hydrant,Hydrant,34.96109427,-89.84672044,red,Hydrant
31471417,Hydrant,Hydrant,34.96136539,-89.84517225,red,Hydrant
31471418,Hydrant,Hydrant,34.96136277,-89.84592216,red,Hydrant
31471419,Hydrant,Hydrant,34.96095863,-89.84627995,red,Hydrant
31471420,Hydrant,Hydrant,34.95915009,-89.84635052,red,Hydrant
31471421,Hydrant,Hydrant,34.95960133,-89.84623201,red,Hydrant
31471422,Hydrant,Hydrant,34.96208917,-89.84465007,red,Hydrant
31471423,Hydrant,Hydrant,34.96212979,-89.83794455,red,Hydrant
31471424,Hydrant,Hydrant,34.96137869,-89.83640013,red,Hydrant
31471425,Hydrant,Hydrant,34.96211180,-89.83641287,red,Hydrant
31471426,Hydrant,Hydrant,34.96205987,-89.83193475,red,Hydrant
31471427,Hydrant,Hydrant,34.95532852,-89.82893476,red,Hydrant
31471428,Hydrant,Hydrant,34.95545043,-89.82779430,red,Hydrant
31471429,Hydrant,Hydrant,34.95423784,-89.82797855,red,Hydrant
31471430,Hydrant,Hydrant,34.95326395,-89.82791717,red,Hydrant
31471431,Hydrant,Hydrant,34.95421825,-89.82929638,red,Hydrant
31471432,Hydrant,Hydrant,34.95329777,-89.82922066,red,Hydrant
31471433,Hydrant,Hydrant,34.94825190,-89.83191835,red,Hydrant
31471434,Hydrant,Hydrant,34.95419258,-89.84236259,red,Hydrant
31471435,Hydrant,Hydrant,34.95414291,-89.84071052,red,Hydrant
31471436,Hydrant,Hydrant,34.95365965,-89.83989615,red,Hydrant
31471437,Hydrant,Hydrant,34.95184214,-89.82850328,red,Hydrant
31471438,Hydrant,Hydrant,34.95225560,-89.82764454,red,Hydrant
31471439,Hydrant,Hydrant,34.95231657,-89.82950956,red,Hydrant
31471440,Hydrant,Hydrant,34.95025228,-89.83083836,red,Hydrant
31471441,Hydrant,Hydrant,34.94926996,-89.83289366,red,Hydrant
31471442,Hydrant,Hydrant,34.94947866,-89.83376942,red,Hydrant
31471443,Hydrant,Hydrant,34.94937427,-89.83485762,red,Hydrant
31471444,Hydrant,Hydrant,34.95044149,-89.83693536,red,Hydrant
31471445,Hydrant,Hydrant,34.95254980,-89.83886639,red,Hydrant
31471446,Hydrant,Hydrant,34.95255890,-89.83815605,red,Hydrant
31471447,Hydrant,Hydrant,34.95256857,-89.83623833,red,Hydrant
31471448,Hydrant,Hydrant,34.95257261,-89.83453080,red,Hydrant
31471449,Hydrant,Hydrant,34.95291821,-89.83441401,red,Hydrant
31471450,Hydrant,Hydrant,34.95298997,-89.83359190,red,Hydrant
31471451,Hydrant,Hydrant,34.95258317,-89.83263182,red,Hydrant
31471452,Hydrant,Hydrant,34.95257358,-89.83071478,red,Hydrant
31471453,Hydrant,Hydrant,34.95258531,-89.83119960,red,Hydrant
31471454,Hydrant,Hydrant,34.95547775,-89.83152359,red,Hydrant
31471455,Hydrant,Hydrant,34.95520141,-89.83252948,red,Hydrant
31471456,Hydrant,Hydrant,34.95503194,-89.83501186,red,Hydrant
31471457,Hydrant,Hydrant,34.95401842,-89.83444367,red,Hydrant
31471458,Hydrant,Hydrant,34.95402121,-89.83550910,red,Hydrant
31471459,Hydrant,Hydrant,34.95508264,-89.83716756,red,Hydrant
31471460,Hydrant,Hydrant,34.95488007,-89.83805616,red,Hydrant
31471461,Hydrant,Hydrant,34.95558175,-89.83791406,red,Hydrant
31471462,Hydrant,Hydrant,34.95586336,-89.83922439,red,Hydrant
31471463,Hydrant,Hydrant,34.95701444,-89.83975782,red,Hydrant
31471464,Hydrant,Hydrant,34.95671256,-89.84226237,red,Hydrant
31471465,Hydrant,Hydrant,34.96090289,-89.84273542,red,Hydrant
31471466,Hydrant,Hydrant,34.96191323,-89.84278398,red,Hydrant
31471467,Hydrant,Hydrant,34.96212925,-89.84073931,red,Hydrant
31471468,Hydrant,Hydrant,34.96065583,-89.83948000,red,Hydrant
31471469,Hydrant,Hydrant,34.96212046,-89.83881609,red,Hydrant
31471470,Hydrant,Hydrant,34.95841757,-89.83056814,red,Hydrant
31471471,Hydrant,Hydrant,34.96050875,-89.82650945,red,Hydrant
31471472,Hydrant,Hydrant,34.96030879,-89.82733452,red,Hydrant
31471473,Hydrant,Hydrant,34.96197654,-89.83023795,red,Hydrant
31471474,Hydrant,Hydrant,34.96202611,-89.83065285,red,Hydrant
31471475,Hydrant,Hydrant,34.93003813,-89.83370033,red,Hydrant
31471476,Hydrant,Hydrant,34.93006563,-89.83226529,red,Hydrant
31471477,Hydrant,Hydrant,34.93003659,-89.83092455,red,Hydrant
31471478,Hydrant,Hydrant,34.92894855,-89.83343505,red,Hydrant
31471479,Hydrant,Hydrant,34.92888335,-89.83522385,red,Hydrant
31471480,Hydrant,Hydrant,34.92798758,-89.83698765,red,Hydrant
31471481,Hydrant,Hydrant,34.92892408,-89.83708760,red,Hydrant
31471482,Hydrant,Hydrant,34.92875321,-89.83839463,red,Hydrant
31471483,Hydrant,Hydrant,34.92734546,-89.83794898,red,Hydrant
31471484,Hydrant,Hydrant,34.92697934,-89.83653975,red,Hydrant
31471485,Hydrant,Hydrant,34.92774226,-89.83357440,red,Hydrant
31471486,Hydrant,Hydrant,34.92668822,-89.83434542,red,Hydrant
31471487,Hydrant,Hydrant,34.92682282,-89.83170716,red,Hydrant
31471488,Hydrant,Hydrant,34.92892308,-89.83158653,red,Hydrant
31471489,Hydrant,Hydrant,34.92788477,-89.83147022,red,Hydrant
31471490,Hydrant,Hydrant,34.92252372,-89.82794855,red,Hydrant
31471491,Hydrant,Hydrant,34.92695555,-89.82236331,red,Hydrant
31471492,Hydrant,Hydrant,34.92583289,-89.82422976,red,Hydrant
31471493,Hydrant,Hydrant,34.92689866,-89.82563630,red,Hydrant
31471494,Hydrant,Hydrant,34.93185577,-89.82450553,red,Hydrant
31471495,Hydrant,Hydrant,34.93061625,-89.82470596,red,Hydrant
31471496,Hydrant,Hydrant,34.92931888,-89.82472619,red,Hydrant
31471497,Hydrant,Hydrant,34.92812842,-89.82375505,red,Hydrant
31471498,Hydrant,Hydrant,34.92382660,-89.82250143,red,Hydrant
31471499,Hydrant,Hydrant,34.93181667,-89.81983449,red,Hydrant
31471500,Hydrant,Hydrant,34.93182766,-89.82164217,red,Hydrant
31471501,Hydrant,Hydrant,34.93054829,-89.82263853,red,Hydrant
31471502,Hydrant,Hydrant,34.92847920,-89.82218221,red,Hydrant
31471503,Hydrant,Hydrant,34.92377147,-89.81388190,red,Hydrant
31471504,Hydrant,Hydrant,34.92380773,-89.81597651,red,Hydrant
31471505,Hydrant,Hydrant,34.92379046,-89.81957050,red,Hydrant
31471506,Hydrant,Hydrant,34.92880450,-89.81822338,red,Hydrant
31471507,Hydrant,Hydrant,34.93030048,-89.81833572,red,Hydrant
31471508,Hydrant,Hydrant,34.92995683,-89.81970899,red,Hydrant
31471509,Hydrant,Hydrant,34.93187464,-89.81754127,red,Hydrant
31471510,Hydrant,Hydrant,34.92666059,-89.81513969,red,Hydrant
31471511,Hydrant,Hydrant,34.92932479,-89.81469027,red,Hydrant
31471512,Hydrant,Hydrant,34.92881363,-89.81534027,red,Hydrant
31471513,Hydrant,Hydrant,34.92903275,-89.81638754,red,Hydrant
31471514,Hydrant,Hydrant,34.93007701,-89.81640819,red,Hydrant
31471515,Hydrant,Hydrant,34.93077069,-89.81640977,red,Hydrant
31471516,Hydrant,Hydrant,34.93185535,-89.81649822,red,Hydrant
31471517,Hydrant,Hydrant,34.93189193,-89.81547472,red,Hydrant
31471518,Hydrant,Hydrant,34.93198159,-89.81445880,red,Hydrant
31471519,Hydrant,Hydrant,34.93100422,-89.81451884,red,Hydrant
31471520,Hydrant,Hydrant,34.93110558,-89.81227191,red,Hydrant
31471521,Hydrant,Hydrant,34.92960233,-89.81190070,red,Hydrant
31471522,Hydrant,Hydrant,34.92569145,-89.81251198,red,Hydrant
31471523,Hydrant,Hydrant,34.92691778,-89.80086484,red,Hydrant
31471524,Hydrant,Hydrant,34.92632101,-89.80086213,red,Hydrant
31471525,Hydrant,Hydrant,34.92628691,-89.79983211,red,Hydrant
31471526,Hydrant,Hydrant,34.92753339,-89.80025851,red,Hydrant
31471527,Hydrant,Hydrant,34.92831498,-89.79991092,red,Hydrant
31471528,Hydrant,Hydrant,34.92866716,-89.80075588,red,Hydrant
31471529,Hydrant,Hydrant,34.92790930,-89.80113328,red,Hydrant
31471530,Hydrant,Hydrant,34.92907321,-89.80164736,red,Hydrant
31471531,Hydrant,Hydrant,34.92844503,-89.80234643,red,Hydrant
31471532,Hydrant,Hydrant,34.92894432,-89.80342654,red,Hydrant
31471533,Hydrant,Hydrant,34.92903560,-89.80489915,red,Hydrant
31471534,Hydrant,Hydrant,34.92905959,-89.80647443,red,Hydrant
31471535,Hydrant,Hydrant,34.92730578,-89.80215584,red,Hydrant
31471536,Hydrant,Hydrant,34.92775626,-89.80294292,red,Hydrant
31471537,Hydrant,Hydrant,34.92801693,-89.80394973,red,Hydrant
31471538,Hydrant,Hydrant,34.92818931,-89.80531924,red,Hydrant
31471539,Hydrant,Hydrant,34.92697145,-89.80334133,red,Hydrant
31471540,Hydrant,Hydrant,34.92732178,-89.80424008,red,Hydrant
31471541,Hydrant,Hydrant,34.92632234,-89.80442810,red,Hydrant
31471542,Hydrant,Hydrant,34.92752510,-89.80535672,red,Hydrant
31471543,Hydrant,Hydrant,34.92630094,-89.80526324,red,Hydrant
31471544,Hydrant,Hydrant,34.92624525,-89.80650099,red,Hydrant
31471545,Hydrant,Hydrant,34.92637252,-89.80873419,red,Hydrant
31471546,Hydrant,Hydrant,34.92644229,-89.80748856,red,Hydrant
31471547,Hydrant,Hydrant,34.92823910,-89.80674163,red,Hydrant
31471548,Hydrant,Hydrant,34.92720068,-89.80666496,red,Hydrant
31471549,Hydrant,Hydrant,34.92742678,-89.80759456,red,Hydrant
31471550,Hydrant,Hydrant,34.92821889,-89.80786760,red,Hydrant
31471551,Hydrant,Hydrant,34.92708235,-89.80882616,red,Hydrant
31471552,Hydrant,Hydrant,34.92816907,-89.80881310,red,Hydrant
31471553,Hydrant,Hydrant,34.92822684,-89.80967485,red,Hydrant
31471554,Hydrant,Hydrant,34.92903904,-89.80971280,red,Hydrant
31471555,Hydrant,Hydrant,34.92720184,-89.80993471,red,Hydrant
31471556,Hydrant,Hydrant,34.92620460,-89.80974217,red,Hydrant
31471557,Hydrant,Hydrant,34.92383943,-89.81249428,red,Hydrant
31471558,Hydrant,Hydrant,34.92387440,-89.80980955,red,Hydrant
31471559,Hydrant,Hydrant,34.92053313,-89.80654638,red,Hydrant
31471560,Hydrant,Hydrant,34.92183255,-89.80623088,red,Hydrant
31471561,Hydrant,Hydrant,34.92075381,-89.80536294,red,Hydrant
31471562,Hydrant,Hydrant,34.92159810,-89.80533292,red,Hydrant
31471563,Hydrant,Hydrant,34.92076369,-89.80416890,red,Hydrant
31471564,Hydrant,Hydrant,34.92158769,-89.80426855,red,Hydrant
31471565,Hydrant,Hydrant,34.92156017,-89.80317836,red,Hydrant
31471566,Hydrant,Hydrant,34.92540165,-89.80132025,red,Hydrant
31471567,Hydrant,Hydrant,34.92543798,-89.80303815,red,Hydrant
31471568,Hydrant,Hydrant,34.92446121,-89.80134522,red,Hydrant
31471569,Hydrant,Hydrant,34.92449785,-89.80307284,red,Hydrant
31471570,Hydrant,Hydrant,34.92353460,-89.80085971,red,Hydrant
31471571,Hydrant,Hydrant,34.92353994,-89.80219396,red,Hydrant
31471572,Hydrant,Hydrant,34.92354410,-89.80303642,red,Hydrant
31471573,Hydrant,Hydrant,34.92272604,-89.80328087,red,Hydrant
31471574,Hydrant,Hydrant,34.92243687,-89.80201096,red,Hydrant
31471575,Hydrant,Hydrant,34.93390112,-89.79626063,red,Hydrant
31471576,Hydrant,Hydrant,34.93312731,-89.80107565,red,Hydrant
31471577,Hydrant,Hydrant,34.93478617,-89.79795177,red,Hydrant
31471578,Hydrant,Hydrant,34.93722393,-89.80064036,red,Hydrant
31471579,Hydrant,Hydrant,34.93554116,-89.80317099,red,Hydrant
31471580,Hydrant,Hydrant,34.93601111,-89.80542395,red,Hydrant
31471581,Hydrant,Hydrant,34.93475363,-89.80628933,red,Hydrant
31471582,Hydrant,Hydrant,34.93417952,-89.80632190,red,Hydrant
31471583,Hydrant,Hydrant,34.93412728,-89.80466595,red,Hydrant
31471584,Hydrant,Hydrant,34.93450858,-89.80757917,red,Hydrant
31471585,Hydrant,Hydrant,34.93770601,-89.80508534,red,Hydrant
31471586,Hydrant,Hydrant,34.93898315,-89.80755873,red,Hydrant
31471587,Hydrant,Hydrant,34.93703041,-89.80721411,red,Hydrant
31471588,Hydrant,Hydrant,34.93608021,-89.80788511,red,Hydrant
31471589,Hydrant,Hydrant,34.93651512,-89.80954950,red,Hydrant
31471590,Hydrant,Hydrant,34.93824726,-89.81135413,red,Hydrant
31471591,Hydrant,Hydrant,34.93740931,-89.81252871,red,Hydrant
31471592,Hydrant,Hydrant,34.93791121,-89.81461841,red,Hydrant
31471593,Hydrant,Hydrant,34.93892136,-89.81545583,red,Hydrant
31471594,Hydrant,Hydrant,34.93900956,-89.81705334,red,Hydrant
31471595,Hydrant,Hydrant,34.94769005,-89.83518932,red,Hydrant
31471596,Hydrant,Hydrant,34.94578742,-89.83292590,red,Hydrant
31471597,Hydrant,Hydrant,34.94776925,-89.82963994,red,Hydrant
31471598,Hydrant,Hydrant,34.94674271,-89.82850759,red,Hydrant
31471599,Hydrant,Hydrant,34.94728197,-89.82909005,red,Hydrant
31471600,Hydrant,Hydrant,34.94766490,-89.82862076,red,Hydrant
31471601,Hydrant,Hydrant,34.94565914,-89.82714958,red,Hydrant
31471602,Hydrant,Hydrant,34.94574200,-89.82595722,red,Hydrant
31471603,Hydrant,Hydrant,34.94486365,-89.82504662,red,Hydrant
31471604,Hydrant,Hydrant,34.94681043,-89.82504091,red,Hydrant
31471605,Hydrant,Hydrant,34.94445381,-89.82412977,red,Hydrant
31471606,Hydrant,Hydrant,34.94356739,-89.82360946,red,Hydrant
31471607,Hydrant,Hydrant,34.94615679,-89.82415059,red,Hydrant
31471608,Hydrant,Hydrant,34.94752613,-89.82597369,red,Hydrant
31471609,Hydrant,Hydrant,34.94452832,-89.82601797,red,Hydrant
31471610,Hydrant,Hydrant,34.94399930,-89.82582746,red,Hydrant
31471611,Hydrant,Hydrant,34.94316945,-89.82450668,red,Hydrant
31471612,Hydrant,Hydrant,34.94222550,-89.82297547,red,Hydrant
31471613,Hydrant,Hydrant,34.94264463,-89.82228381,red,Hydrant
31471614,Hydrant,Hydrant,34.94344739,-89.82227173,red,Hydrant
31471615,Hydrant,Hydrant,34.94450733,-89.82231477,red,Hydrant
31471616,Hydrant,Hydrant,34.94440830,-89.82311399,red,Hydrant
31471617,Hydrant,Hydrant,34.94523481,-89.82302911,red,Hydrant
31471618,Hydrant,Hydrant,34.94594174,-89.82292263,red,Hydrant
31471619,Hydrant,Hydrant,34.94671788,-89.82303450,red,Hydrant
31471620,Hydrant,Hydrant,34.94754556,-89.82302553,red,Hydrant
31471621,Hydrant,Hydrant,34.94785681,-89.82246092,red,Hydrant
31471622,Hydrant,Hydrant,34.94763451,-89.82240957,red,Hydrant
31471623,Hydrant,Hydrant,34.94726130,-89.82102364,red,Hydrant
31471624,Hydrant,Hydrant,34.94610250,-89.82126118,red,Hydrant
31471625,Hydrant,Hydrant,34.93995036,-89.81440451,red,Hydrant
31471626,Hydrant,Hydrant,34.94169216,-89.81089272,red,Hydrant
31471627,Hydrant,Hydrant,34.94121892,-89.80882374,red,Hydrant
31471628,Hydrant,Hydrant,34.94579442,-89.80908991,red,Hydrant
31471629,Hydrant,Hydrant,34.94595638,-89.81986884,red,Hydrant
31471630,Hydrant,Hydrant,34.94463423,-89.81987156,red,Hydrant
31471631,Hydrant,Hydrant,34.94074300,-89.82022527,red,Hydrant
31471632,Hydrant,Hydrant,34.94130057,-89.82131738,red,Hydrant
31471633,Hydrant,Hydrant,34.94258672,-89.82114051,red,Hydrant
31471634,Hydrant,Hydrant,34.94394143,-89.82116833,red,Hydrant
31471635,Hydrant,Hydrant,34.94528919,-89.82116933,red,Hydrant
31471636,Hydrant,Hydrant,34.94339580,-89.81987819,red,Hydrant
31471637,Hydrant,Hydrant,34.94208918,-89.81988252,red,Hydrant
31471638,Hydrant,Hydrant,34.94233233,-89.81792192,red,Hydrant
31471639,Hydrant,Hydrant,34.94277503,-89.81874449,red,Hydrant
31471640,Hydrant,Hydrant,34.94409755,-89.81874678,red,Hydrant
31471641,Hydrant,Hydrant,34.94541869,-89.81874033,red,Hydrant
31471642,Hydrant,Hydrant,34.94678437,-89.81874683,red,Hydrant
31471643,Hydrant,Hydrant,34.94607886,-89.81781340,red,Hydrant
31471644,Hydrant,Hydrant,34.94476679,-89.81779995,red,Hydrant
31471645,Hydrant,Hydrant,34.94370368,-89.81665936,red,Hydrant
31471646,Hydrant,Hydrant,34.95727930,-89.82068599,red,Hydrant
31471647,Hydrant,Hydrant,34.94606067,-89.81545991,red,Hydrant
31471648,Hydrant,Hydrant,34.94706646,-89.81426949,red,Hydrant
31471649,Hydrant,Hydrant,34.94514793,-89.81324946,red,Hydrant
31471650,Hydrant,Hydrant,34.94687279,-89.81324202,red,Hydrant
31471651,Hydrant,Hydrant,34.94939285,-89.81132899,red,Hydrant
31471652,Hydrant,Hydrant,34.94790760,-89.81028422,red,Hydrant
31471653,Hydrant,Hydrant,34.94762021,-89.81162765,red,Hydrant
31471654,Hydrant,Hydrant,34.95775149,-89.81963806,red,Hydrant
31471655,Hydrant,Hydrant,34.97683864,-89.79958820,red,Hydrant
31471656,Hydrant,Hydrant,34.97675586,-89.80237785,red,Hydrant
31471657,Hydrant,Hydrant,34.97428716,-89.80126613,red,Hydrant
31471658,Hydrant,Hydrant,34.97446105,-89.80451893,red,Hydrant
31471659,Hydrant,Hydrant,34.97674117,-89.80473297,red,Hydrant
31471660,Hydrant,Hydrant,34.97672904,-89.80849895,red,Hydrant
31471661,Hydrant,Hydrant,34.97647877,-89.81282358,red,Hydrant
31471662,Hydrant,Hydrant,34.97436516,-89.81237356,red,Hydrant
31471663,Hydrant,Hydrant,34.97372224,-89.81108686,red,Hydrant
31471664,Hydrant,Hydrant,34.97352440,-89.81225431,red,Hydrant
31471665,Hydrant,Hydrant,34.97180993,-89.80670225,red,Hydrant
31471666,Hydrant,Hydrant,34.97266827,-89.80691439,red,Hydrant
31471667,Hydrant,Hydrant,34.97268795,-89.80826769,red,Hydrant
31471668,Hydrant,Hydrant,34.97267317,-89.81032504,red,Hydrant
31471669,Hydrant,Hydrant,34.97267707,-89.81215590,red,Hydrant
31471670,Hydrant,Hydrant,34.97314946,-89.81283325,red,Hydrant
31471671,Hydrant,Hydrant,34.97185587,-89.81214234,red,Hydrant
31471672,Hydrant,Hydrant,34.97150410,-89.81070494,red,Hydrant
31471673,Hydrant,Hydrant,34.97152391,-89.80785922,red,Hydrant
31471674,Hydrant,Hydrant,34.97069742,-89.80966363,red,Hydrant
31471675,Hydrant,Hydrant,34.97088147,-89.80805956,red,Hydrant
31471676,Hydrant,Hydrant,34.97086390,-89.81164817,red,Hydrant
31471677,Hydrant,Hydrant,34.97020159,-89.80884280,red,Hydrant
31471678,Hydrant,Hydrant,34.97018653,-89.81019513,red,Hydrant
31471679,Hydrant,Hydrant,34.97020941,-89.81155263,red,Hydrant
31471680,Hydrant,Hydrant,34.97054545,-89.81260451,red,Hydrant
31471681,Hydrant,Hydrant,34.97081294,-89.79799335,red,Hydrant
31471682,Hydrant,Hydrant,34.97115584,-89.79843880,red,Hydrant
31471683,Hydrant,Hydrant,34.97143919,-89.79951677,red,Hydrant
31471684,Hydrant,Hydrant,34.96342219,-89.81510835,red,Hydrant
31471685,Hydrant,Hydrant,34.96416653,-89.81421847,red,Hydrant
31471686,Hydrant,Hydrant,34.96422280,-89.81537866,red,Hydrant
31471687,Hydrant,Hydrant,34.96419006,-89.81659595,red,Hydrant
31471688,Hydrant,Hydrant,34.96465578,-89.81682034,red,Hydrant
31471689,Hydrant,Hydrant,34.96620911,-89.81693458,red,Hydrant
31471690,Hydrant,Hydrant,34.96580552,-89.81598886,red,Hydrant
31471691,Hydrant,Hydrant,34.96648821,-89.81510218,red,Hydrant
31471692,Hydrant,Hydrant,34.96714633,-89.81589631,red,Hydrant
31471693,Hydrant,Hydrant,34.96799366,-89.81608580,red,Hydrant
31471694,Hydrant,Hydrant,34.96822777,-89.81688889,red,Hydrant
31471695,Hydrant,Hydrant,34.96810953,-89.81488758,red,Hydrant
31471696,Hydrant,Hydrant,34.96779804,-89.81420329,red,Hydrant
31471697,Hydrant,Hydrant,34.96705410,-89.81419834,red,Hydrant
31471698,Hydrant,Hydrant,34.96631327,-89.81413420,red,Hydrant
31471699,Hydrant,Hydrant,34.96619666,-89.81376331,red,Hydrant
31471700,Hydrant,Hydrant,34.94091846,-89.79687876,red,Hydrant
31471701,Hydrant,Hydrant,34.94200976,-89.79686107,red,Hydrant
31471702,Hydrant,Hydrant,34.94435286,-89.80061485,red,Hydrant
31471703,Hydrant,Hydrant,34.94462191,-89.79959878,red,Hydrant
31471704,Hydrant,Hydrant,34.94381833,-89.79992682,red,Hydrant
31471705,Hydrant,Hydrant,34.94336701,-89.79935071,red,Hydrant
31471706,Hydrant,Hydrant,34.94395700,-89.79855946,red,Hydrant
31471707,Hydrant,Hydrant,34.94530604,-89.79856525,red,Hydrant
31471708,Hydrant,Hydrant,34.94514424,-89.80183225,red,Hydrant
31471709,Hydrant,Hydrant,34.94520163,-89.80098733,red,Hydrant
31471710,Hydrant,Hydrant,34.94525362,-89.80043927,red,Hydrant
31471711,Hydrant,Hydrant,34.94532804,-89.79985224,red,Hydrant
31471712,Hydrant,Hydrant,34.94632095,-89.79803177,red,Hydrant
31471713,Hydrant,Hydrant,34.98965424,-89.81930646,red,Hydrant
31471714,Hydrant,Hydrant,34.98893734,-89.81884283,red,Hydrant
31471715,Hydrant,Hydrant,34.98760351,-89.81899365,red,Hydrant
31471716,Hydrant,Hydrant,34.98679126,-89.81898442,red,Hydrant
31471717,Hydrant,Hydrant,34.98541454,-89.81896077,red,Hydrant
31471718,Hydrant,Hydrant,34.98477702,-89.81826992,red,Hydrant
31471719,Hydrant,Hydrant,34.98752755,-89.81788895,red,Hydrant
31471720,Hydrant,Hydrant,34.98629206,-89.81787443,red,Hydrant
31471721,Hydrant,Hydrant,34.98489581,-89.81664442,red,Hydrant
31471722,Hydrant,Hydrant,34.98578398,-89.81695400,red,Hydrant
31471723,Hydrant,Hydrant,34.98713635,-89.81678923,red,Hydrant
31471724,Hydrant,Hydrant,34.98796867,-89.81687452,red,Hydrant
31471725,Hydrant,Hydrant,34.98932335,-89.81685795,red,Hydrant
31471726,Hydrant,Hydrant,34.98891065,-89.81579746,red,Hydrant
31471727,Hydrant,Hydrant,34.99011479,-89.81581290,red,Hydrant
31471728,Hydrant,Hydrant,34.99256442,-89.81469220,red,Hydrant
31471729,Hydrant,Hydrant,34.99295666,-89.81378959,red,Hydrant
31471730,Hydrant,Hydrant,34.99127451,-89.81458955,red,Hydrant
31471731,Hydrant,Hydrant,34.99161115,-89.81377735,red,Hydrant
31471732,Hydrant,Hydrant,34.98925596,-89.81478040,red,Hydrant
31471733,Hydrant,Hydrant,34.98924788,-89.81377039,red,Hydrant
31471734,Hydrant,Hydrant,34.98816987,-89.81380016,red,Hydrant
31471735,Hydrant,Hydrant,34.98490354,-89.81480648,red,Hydrant
31471736,Hydrant,Hydrant,34.98513519,-89.81577434,red,Hydrant
31471737,Hydrant,Hydrant,34.98562820,-89.81556412,red,Hydrant
31471738,Hydrant,Hydrant,34.98562974,-89.81401188,red,Hydrant
31471739,Hydrant,Hydrant,34.98641748,-89.81382294,red,Hydrant
31471740,Hydrant,Hydrant,34.98641945,-89.81556971,red,Hydrant
31471741,Hydrant,Hydrant,34.98717143,-89.81557721,red,Hydrant
31471742,Hydrant,Hydrant,34.98718811,-89.81384271,red,Hydrant
31471743,Hydrant,Hydrant,34.98563688,-89.81322731,red,Hydrant
31471744,Hydrant,Hydrant,34.97638843,-89.81968058,red,Hydrant
31471745,Hydrant,Hydrant,34.97759888,-89.81888484,red,Hydrant
31471746,Hydrant,Hydrant,34.97669971,-89.81845712,red,Hydrant
31471747,Hydrant,Hydrant,34.97733124,-89.81750065,red,Hydrant
31471748,Hydrant,Hydrant,34.97820778,-89.81690416,red,Hydrant
31471749,Hydrant,Hydrant,34.97955377,-89.81647981,red,Hydrant
31471750,Hydrant,Hydrant,34.97977083,-89.81350954,red,Hydrant
31471751,Hydrant,Hydrant,34.97971021,-89.81464140,red,Hydrant
31471752,Hydrant,Hydrant,34.97973934,-89.81545071,red,Hydrant
31471753,Hydrant,Hydrant,34.98124865,-89.81545328,red,Hydrant
31471754,Hydrant,Hydrant,34.98236557,-89.81546527,red,Hydrant
31471755,Hydrant,Hydrant,34.98346654,-89.81546017,red,Hydrant
31471756,Hydrant,Hydrant,34.98111636,-89.81455296,red,Hydrant
31471757,Hydrant,Hydrant,34.98245948,-89.81456832,red,Hydrant
31471758,Hydrant,Hydrant,34.98384448,-89.81466697,red,Hydrant
31471759,Hydrant,Hydrant,34.98356450,-89.81353358,red,Hydrant
31471760,Hydrant,Hydrant,34.98242398,-89.81352142,red,Hydrant
31471761,Hydrant,Hydrant,34.96774033,-89.81045897,red,Hydrant
31471762,Hydrant,Hydrant,34.96804082,-89.80925316,red,Hydrant
31471763,Hydrant,Hydrant,34.96679738,-89.80877499,red,Hydrant
31471764,Hydrant,Hydrant,34.96635451,-89.81162364,red,Hydrant
31471765,Hydrant,Hydrant,34.96612797,-89.81274442,red,Hydrant
31471766,Hydrant,Hydrant,34.97885487,-89.81300752,red,Hydrant
31471767,Hydrant,Hydrant,34.97511594,-89.81444035,red,Hydrant
31471768,Hydrant,Hydrant,34.97643819,-89.81584485,red,Hydrant
31471769,Hydrant,Hydrant,34.97513201,-89.81570619,red,Hydrant
31471770,Hydrant,Hydrant,34.97644462,-89.81680834,red,Hydrant
31471771,Hydrant,Hydrant,34.97512347,-89.81669197,red,Hydrant
31471772,Hydrant,Hydrant,34.97285179,-89.81461259,red,Hydrant
31471773,Hydrant,Hydrant,34.97421229,-89.81485052,red,Hydrant
31471774,Hydrant,Hydrant,34.97420095,-89.81560769,red,Hydrant
31471775,Hydrant,Hydrant,34.97419447,-89.81667895,red,Hydrant
31471776,Hydrant,Hydrant,34.97282523,-89.81676493,red,Hydrant
31471777,Hydrant,Hydrant,34.97150927,-89.81651977,red,Hydrant
31471778,Hydrant,Hydrant,34.97299265,-89.81572032,red,Hydrant
31471779,Hydrant,Hydrant,34.97154282,-89.81476950,red,Hydrant
31471780,Hydrant,Hydrant,34.97109364,-89.81358899,red,Hydrant
31471781,Hydrant,Hydrant,34.97641209,-89.81364909,red,Hydrant
31471782,Hydrant,Hydrant,34.97520381,-89.81358214,red,Hydrant
31471783,Hydrant,Hydrant,34.97493527,-89.81357619,red,Hydrant
31471784,Hydrant,Hydrant,34.97422144,-89.81380189,red,Hydrant
31471785,Hydrant,Hydrant,34.97391380,-89.81356326,red,Hydrant
31471786,Hydrant,Hydrant,34.97255044,-89.81354936,red,Hydrant
31471787,Hydrant,Hydrant,34.96038877,-89.82298969,red,Hydrant
31471788,Hydrant,Hydrant,34.95667629,-89.81732034,red,Hydrant
31471789,Hydrant,Hydrant,34.95504192,-89.81954483,red,Hydrant
31471790,Hydrant,Hydrant,34.95281466,-89.81932064,red,Hydrant
31471791,Hydrant,Hydrant,34.95124801,-89.82053122,red,Hydrant
31471792,Hydrant,Hydrant,34.94989353,-89.82041221,red,Hydrant
31471793,Hydrant,Hydrant,34.94851729,-89.82064050,red,Hydrant
31471794,Hydrant,Hydrant,34.94727526,-89.81989398,red,Hydrant
31471795,Hydrant,Hydrant,34.94920152,-89.81933076,red,Hydrant
31471796,Hydrant,Hydrant,34.95038896,-89.81947612,red,Hydrant
31471797,Hydrant,Hydrant,34.95099691,-89.81947460,red,Hydrant
31471798,Hydrant,Hydrant,34.95183492,-89.81864630,red,Hydrant
31471799,Hydrant,Hydrant,34.95085478,-89.81767057,red,Hydrant
31471800,Hydrant,Hydrant,34.94999106,-89.81795896,red,Hydrant
31471801,Hydrant,Hydrant,34.94880235,-89.81847452,red,Hydrant
31471802,Hydrant,Hydrant,34.94792630,-89.81949907,red,Hydrant
31471803,Hydrant,Hydrant,34.95323249,-89.81783635,red,Hydrant
31471804,Hydrant,Hydrant,34.95225258,-89.81788252,red,Hydrant
31471805,Hydrant,Hydrant,34.95158445,-89.81641171,red,Hydrant
31471806,Hydrant,Hydrant,34.95006700,-89.81691577,red,Hydrant
31471807,Hydrant,Hydrant,34.94877869,-89.81734993,red,Hydrant
31471808,Hydrant,Hydrant,34.94903359,-89.81332508,red,Hydrant
31471809,Hydrant,Hydrant,34.94906423,-89.81614674,red,Hydrant
31471810,Hydrant,Hydrant,34.95176891,-89.81539312,red,Hydrant
31471811,Hydrant,Hydrant,34.95095915,-89.81444926,red,Hydrant
31471812,Hydrant,Hydrant,34.95476519,-89.81795825,red,Hydrant
31471813,Hydrant,Hydrant,34.95419653,-89.81768525,red,Hydrant
31471814,Hydrant,Hydrant,34.95428819,-89.81680586,red,Hydrant
31471815,Hydrant,Hydrant,34.95472056,-89.81609374,red,Hydrant
31471816,Hydrant,Hydrant,34.95529216,-89.81655919,red,Hydrant
31471817,Hydrant,Hydrant,34.95547693,-89.81961353,red,Hydrant
31471818,Hydrant,Hydrant,34.95610638,-89.82146648,red,Hydrant
31471819,Hydrant,Hydrant,34.95649455,-89.82285750,red,Hydrant
31471820,Hydrant,Hydrant,34.95746925,-89.82355442,red,Hydrant
31471821,Hydrant,Hydrant,34.95958334,-89.82198714,red,Hydrant
31471822,Hydrant,Hydrant,34.95876508,-89.82261067,red,Hydrant
31471823,Hydrant,Hydrant,34.95647959,-89.81969550,red,Hydrant
31471824,Hydrant,Hydrant,34.95571806,-89.81872974,red,Hydrant
31471825,Hydrant,Hydrant,34.95679449,-89.81837224,red,Hydrant
31471826,Hydrant,Hydrant,34.96680442,-89.79503861,red,Hydrant
31471827,Hydrant,Hydrant,34.96827208,-89.79504545,red,Hydrant
31471828,Hydrant,Hydrant,34.96493790,-89.79418023,red,Hydrant
31471829,Hydrant,Hydrant,34.96359083,-89.79409300,red,Hydrant
31471830,Hydrant,Hydrant,34.96460648,-89.79514260,red,Hydrant
31471831,Hydrant,Hydrant,34.97262708,-89.83082671,red,Hydrant
31471832,Hydrant,Hydrant,34.96826544,-89.88355027,red,Hydrant
31471833,Hydrant,Hydrant,34.97343742,-89.87718020,red,Hydrant
31471834,Hydrant,Hydrant,34.97324286,-89.86865452,red,Hydrant
31471835,Hydrant,Hydrant,34.99180953,-89.87064655,red,Hydrant
31471836,Hydrant,Hydrant,34.99030907,-89.87385248,red,Hydrant
31471837,Hydrant,Hydrant,34.98396733,-89.86608581,red,Hydrant
31471838,Hydrant,Hydrant,34.98295197,-89.86818391,red,Hydrant
31471839,Hydrant,Hydrant,34.98091217,-89.86640850,red,Hydrant
31471840,Hydrant,Hydrant,34.99121459,-89.88358762,red,Hydrant
31471841,Hydrant,Hydrant,34.99081445,-89.83105528,red,Hydrant
31471842,Hydrant,Hydrant,34.97033033,-89.87629186,red,Hydrant
31471843,Hydrant,Hydrant,34.96951115,-89.87516031,red,Hydrant
31471844,Hydrant,Hydrant,34.97065168,-89.87516548,red,Hydrant
31471845,Hydrant,Hydrant,34.97145371,-89.87465046,red,Hydrant
31471846,Hydrant,Hydrant,34.97082090,-89.87446277,red,Hydrant
31471847,Hydrant,Hydrant,34.97089215,-89.87371559,red,Hydrant
31471848,Hydrant,Hydrant,34.97203966,-89.87371772,red,Hydrant
31471849,Hydrant,Hydrant,34.97422236,-89.86609533,red,Hydrant
31471850,Hydrant,Hydrant,34.97844309,-89.86729675,red,Hydrant
31471851,Hydrant,Hydrant,34.98069111,-89.86907198,red,Hydrant
31471852,Hydrant,Hydrant,34.98187291,-89.87013043,red,Hydrant
31471853,Hydrant,Hydrant,34.98423652,-89.87197340,red,Hydrant
31471854,Hydrant,Hydrant,34.98549879,-89.87296804,red,Hydrant
31471855,Hydrant,Hydrant,34.98758150,-89.89663758,red,Hydrant
31471856,Hydrant,Hydrant,34.99437526,-89.88774406,red,Hydrant
31471857,Hydrant,Hydrant,34.99438883,-89.89191332,red,Hydrant
31471858,Hydrant,Hydrant,34.99206770,-89.89255227,red,Hydrant
31471859,Hydrant,Hydrant,34.99121035,-89.89208484,red,Hydrant
31471860,Hydrant,Hydrant,34.99123507,-89.88932937,red,Hydrant
31471861,Hydrant,Hydrant,34.99123628,-89.88694657,red,Hydrant
31471862,Hydrant,Hydrant,34.99258925,-89.88771155,red,Hydrant
31471863,Hydrant,Hydrant,34.99434123,-89.88473696,red,Hydrant
31471864,Hydrant,Hydrant,34.98552207,-89.89188445,red,Hydrant
31471865,Hydrant,Hydrant,34.98544464,-89.88794157,red,Hydrant
31471866,Hydrant,Hydrant,34.98493082,-89.88502964,red,Hydrant
31471867,Hydrant,Hydrant,34.98711100,-89.87552563,red,Hydrant
31471868,Hydrant,Hydrant,34.98723747,-89.87767380,red,Hydrant
31471869,Hydrant,Hydrant,34.98638592,-89.87741772,red,Hydrant
31471870,Hydrant,Hydrant,34.98635772,-89.87568973,red,Hydrant
31471871,Hydrant,Hydrant,34.98637257,-89.87461642,red,Hydrant
31471872,Hydrant,Hydrant,34.98543886,-89.87565940,red,Hydrant
31471873,Hydrant,Hydrant,34.98544793,-89.87765038,red,Hydrant
31471874,Hydrant,Hydrant,34.98545482,-89.87946297,red,Hydrant
31471875,Hydrant,Hydrant,34.98546113,-89.88143175,red,Hydrant
31471876,Hydrant,Hydrant,34.98497283,-89.88313956,red,Hydrant
31471877,Hydrant,Hydrant,34.98455734,-89.88136022,red,Hydrant
31471878,Hydrant,Hydrant,34.98457454,-89.87944477,red,Hydrant
31471879,Hydrant,Hydrant,34.98457795,-89.87786276,red,Hydrant
31471880,Hydrant,Hydrant,34.98456006,-89.87567073,red,Hydrant
31471881,Hydrant,Hydrant,34.98353901,-89.87653762,red,Hydrant
31471882,Hydrant,Hydrant,34.98354628,-89.87788547,red,Hydrant
31471883,Hydrant,Hydrant,34.98355259,-89.87947485,red,Hydrant
31471884,Hydrant,Hydrant,34.98354439,-89.88083413,red,Hydrant
31471885,Hydrant,Hydrant,34.98355294,-89.88190352,red,Hydrant
31471886,Hydrant,Hydrant,34.98346247,-89.88351719,red,Hydrant
31471887,Hydrant,Hydrant,34.98248460,-89.88353523,red,Hydrant
31471888,Hydrant,Hydrant,34.97906824,-89.87421172,red,Hydrant
31471889,Hydrant,Hydrant,34.97768353,-89.87404256,red,Hydrant
31471890,Hydrant,Hydrant,34.97815231,-89.87473561,red,Hydrant
31471891,Hydrant,Hydrant,34.98076265,-89.87553669,red,Hydrant
31471892,Hydrant,Hydrant,34.97830433,-89.87903314,red,Hydrant
31471893,Hydrant,Hydrant,34.97830303,-89.88174273,red,Hydrant
31471894,Hydrant,Hydrant,34.97517408,-89.89926971,red,Hydrant
31471895,Hydrant,Hydrant,34.97506552,-89.89818613,red,Hydrant
31471896,Hydrant,Hydrant,34.97451570,-89.89730322,red,Hydrant
31471897,Hydrant,Hydrant,34.97481667,-89.88356759,red,Hydrant
31471898,Hydrant,Hydrant,34.97332217,-89.88590356,red,Hydrant
31471899,Hydrant,Hydrant,34.97432166,-89.89170914,red,Hydrant
31471900,Hydrant,Hydrant,34.97489384,-89.89182011,red,Hydrant
31471901,Hydrant,Hydrant,34.97601549,-89.89175035,red,Hydrant
31471902,Hydrant,Hydrant,34.97624385,-89.89084865,red,Hydrant
31471903,Hydrant,Hydrant,34.97602164,-89.88956564,red,Hydrant
31471904,Hydrant,Hydrant,34.97502602,-89.89037469,red,Hydrant
31471905,Hydrant,Hydrant,34.97407029,-89.89084460,red,Hydrant
31471906,Hydrant,Hydrant,34.97329376,-89.88946453,red,Hydrant
31471907,Hydrant,Hydrant,34.97313264,-89.88819616,red,Hydrant
31471908,Hydrant,Hydrant,34.97217035,-89.89150740,red,Hydrant
31471909,Hydrant,Hydrant,34.97220244,-89.88925080,red,Hydrant
31471910,Hydrant,Hydrant,34.97179612,-89.88820694,red,Hydrant
31471911,Hydrant,Hydrant,34.97047770,-89.88809729,red,Hydrant
31471912,Hydrant,Hydrant,34.97196225,-89.88598149,red,Hydrant
31471913,Hydrant,Hydrant,34.97251424,-89.88396599,red,Hydrant
31471914,Hydrant,Hydrant,34.97059508,-89.88513747,red,Hydrant
31471915,Hydrant,Hydrant,34.96793196,-89.88110550,red,Hydrant
31471916,Hydrant,Hydrant,34.96731838,-89.88040831,red,Hydrant
31471917,Hydrant,Hydrant,34.96859777,-89.88207107,red,Hydrant
31471918,Hydrant,Hydrant,34.96943404,-89.88122770,red,Hydrant
31471919,Hydrant,Hydrant,34.97044301,-89.88120913,red,Hydrant
31471920,Hydrant,Hydrant,34.97028417,-89.88019231,red,Hydrant
31471921,Hydrant,Hydrant,34.96894811,-89.88018221,red,Hydrant
31471922,Hydrant,Hydrant,34.96800863,-89.87948132,red,Hydrant
31471923,Hydrant,Hydrant,34.96896352,-89.87849538,red,Hydrant
31471924,Hydrant,Hydrant,34.96938540,-89.87693613,red,Hydrant
31471925,Hydrant,Hydrant,34.96851108,-89.87753053,red,Hydrant
31471926,Hydrant,Hydrant,34.97313299,-89.87361519,red,Hydrant
31471927,Hydrant,Hydrant,34.99363625,-89.87234303,red,Hydrant
31471928,Hydrant,Hydrant,34.99227699,-89.87340757,red,Hydrant
31471929,Hydrant,Hydrant,34.99083684,-89.87343034,red,Hydrant
31471930,Hydrant,Hydrant,34.98759700,-89.87061371,red,Hydrant
31471931,Hydrant,Hydrant,34.98761273,-89.87193438,red,Hydrant
31471932,Hydrant,Hydrant,34.98639824,-89.87102731,red,Hydrant
31471933,Hydrant,Hydrant,34.98505058,-89.86988549,red,Hydrant
31471934,Hydrant,Hydrant,34.98461784,-89.86914887,red,Hydrant
31471935,Hydrant,Hydrant,34.98373126,-89.86812488,red,Hydrant
31471936,Hydrant,Hydrant,34.98356988,-89.86838250,red,Hydrant
31471937,Hydrant,Hydrant,34.98689589,-89.90678408,red,Hydrant
31471938,Hydrant,Hydrant,34.98727633,-89.90831564,red,Hydrant
31471939,Hydrant,Hydrant,34.98780297,-89.90962960,red,Hydrant
31471940,Hydrant,Hydrant,34.98728375,-89.90937904,red,Hydrant
31471941,Hydrant,Hydrant,34.98614497,-89.91550058,red,Hydrant
31471942,Hydrant,Hydrant,34.98609764,-89.91895854,red,Hydrant
31471943,Hydrant,Hydrant,34.98473656,-89.91900729,red,Hydrant
31471944,Hydrant,Hydrant,34.98371813,-89.91899915,red,Hydrant
31471945,Hydrant,Hydrant,34.98350077,-89.90760328,red,Hydrant
31471946,Hydrant,Hydrant,34.98349848,-89.90630703,red,Hydrant
31471947,Hydrant,Hydrant,34.98349760,-89.90497861,red,Hydrant
31471948,Hydrant,Hydrant,34.98320982,-89.90160727,red,Hydrant
31471949,Hydrant,Hydrant,34.98318602,-89.90310750,red,Hydrant
31471950,Hydrant,Hydrant,34.98217650,-89.90356665,red,Hydrant
31471951,Hydrant,Hydrant,34.98205023,-89.90484855,red,Hydrant
31471952,Hydrant,Hydrant,34.98205486,-89.90598216,red,Hydrant
31471953,Hydrant,Hydrant,34.98205290,-89.90712692,red,Hydrant
31471954,Hydrant,Hydrant,34.98204556,-89.90790068,red,Hydrant
31471955,Hydrant,Hydrant,34.98403017,-89.91122794,red,Hydrant
31471956,Hydrant,Hydrant,34.98356679,-89.90997916,red,Hydrant
31471957,Hydrant,Hydrant,34.98345135,-89.90895357,red,Hydrant
31471958,Hydrant,Hydrant,34.98227181,-89.90930930,red,Hydrant
31471959,Hydrant,Hydrant,34.98203477,-89.91051376,red,Hydrant
31471960,Hydrant,Hydrant,34.98201194,-89.91391177,red,Hydrant
31471961,Hydrant,Hydrant,34.98309384,-89.91374326,red,Hydrant
31471962,Hydrant,Hydrant,34.98310633,-89.91218103,red,Hydrant
31471963,Hydrant,Hydrant,34.98423334,-89.91212668,red,Hydrant
31471964,Hydrant,Hydrant,34.98426118,-89.91376991,red,Hydrant
31471965,Hydrant,Hydrant,34.98334207,-89.91518983,red,Hydrant
31471966,Hydrant,Hydrant,34.98425843,-89.91526589,red,Hydrant
31471967,Hydrant,Hydrant,34.98426046,-89.91678601,red,Hydrant
31471968,Hydrant,Hydrant,34.98419210,-89.91816224,red,Hydrant
31471969,Hydrant,Hydrant,34.98374959,-89.91718542,red,Hydrant
31471970,Hydrant,Hydrant,34.98252518,-89.91713922,red,Hydrant
31471971,Hydrant,Hydrant,34.98251157,-89.91834241,red,Hydrant
31471972,Hydrant,Hydrant,34.98003485,-89.91893834,red,Hydrant
31471973,Hydrant,Hydrant,34.97955781,-89.90249624,red,Hydrant
31471974,Hydrant,Hydrant,34.97861178,-89.90244780,red,Hydrant
31471975,Hydrant,Hydrant,34.97747039,-89.90268012,red,Hydrant
31471976,Hydrant,Hydrant,34.98071618,-89.90418458,red,Hydrant
31471977,Hydrant,Hydrant,34.97955950,-89.90409992,red,Hydrant
31471978,Hydrant,Hydrant,34.97746571,-89.90409022,red,Hydrant
31471979,Hydrant,Hydrant,34.97976943,-89.90740305,red,Hydrant
31471980,Hydrant,Hydrant,34.98063875,-89.90709846,red,Hydrant
31471981,Hydrant,Hydrant,34.98069151,-89.90581209,red,Hydrant
31471982,Hydrant,Hydrant,34.97989213,-89.90577373,red,Hydrant
31471983,Hydrant,Hydrant,34.97880371,-89.90574831,red,Hydrant
31471984,Hydrant,Hydrant,34.97747241,-89.90560702,red,Hydrant
31471985,Hydrant,Hydrant,34.97742867,-89.90721903,red,Hydrant
31471986,Hydrant,Hydrant,34.97831556,-89.90743482,red,Hydrant
31471987,Hydrant,Hydrant,34.98202508,-89.91563588,red,Hydrant
31471988,Hydrant,Hydrant,34.98201496,-89.91213700,red,Hydrant
31471989,Hydrant,Hydrant,34.98145302,-89.90904592,red,Hydrant
31471990,Hydrant,Hydrant,34.97838707,-89.90938175,red,Hydrant
31471991,Hydrant,Hydrant,34.97839950,-89.91192411,red,Hydrant
31471992,Hydrant,Hydrant,34.97839855,-89.91560025,red,Hydrant
31471993,Hydrant,Hydrant,34.97829458,-89.91892698,red,Hydrant
31471994,Hydrant,Hydrant,34.97523763,-89.90935438,red,Hydrant
31471995,Hydrant,Hydrant,34.97519576,-89.90660076,red,Hydrant
31471996,Hydrant,Hydrant,34.97519180,-89.90367587,red,Hydrant
31471997,Hydrant,Hydrant,34.97516833,-89.90160164,red,Hydrant
31471998,Hydrant,Hydrant,34.98707432,-89.85128383,red,Hydrant
31471999,Hydrant,Hydrant,34.97755428,-89.86024299,red,Hydrant
31472000,Hydrant,Hydrant,34.98023741,-89.85448065,red,Hydrant
31472001,Hydrant,Hydrant,34.98013886,-89.85488603,red,Hydrant
31472002,Hydrant,Hydrant,34.98175876,-89.85695669,red,Hydrant
31472003,Hydrant,Hydrant,34.98227904,-89.85782778,red,Hydrant
31472004,Hydrant,Hydrant,34.98231037,-89.85939774,red,Hydrant
31472005,Hydrant,Hydrant,34.98203199,-89.86046622,red,Hydrant
31472006,Hydrant,Hydrant,34.98152354,-89.86145882,red,Hydrant
31472007,Hydrant,Hydrant,34.97851002,-89.86342988,red,Hydrant
31472008,Hydrant,Hydrant,34.97904402,-89.86361177,red,Hydrant
31472009,Hydrant,Hydrant,34.98319612,-89.84736031,red,Hydrant
31472010,Hydrant,Hydrant,34.98780086,-89.83899698,red,Hydrant
31472011,Hydrant,Hydrant,34.99074409,-89.83465681,red,Hydrant
31472012,Hydrant,Hydrant,34.99069660,-89.83858477,red,Hydrant
31472013,Hydrant,Hydrant,34.99065699,-89.84091490,red,Hydrant
31472014,Hydrant,Hydrant,34.98697203,-89.85265262,red,Hydrant
31472015,Hydrant,Hydrant,34.98518102,-89.84943406,red,Hydrant
31472016,Hydrant,Hydrant,34.98787863,-89.84935039,red,Hydrant
31472017,Hydrant,Hydrant,34.98602869,-89.84600314,red,Hydrant
31472018,Hydrant,Hydrant,34.98498412,-89.84761292,red,Hydrant
31472019,Hydrant,Hydrant,34.98508751,-89.84246751,red,Hydrant
31472020,Hydrant,Hydrant,34.98766908,-89.84199637,red,Hydrant
31472021,Hydrant,Hydrant,34.98945058,-89.84682670,red,Hydrant
31472022,Hydrant,Hydrant,34.98809805,-89.84445648,red,Hydrant
31472023,Hydrant,Hydrant,34.99144183,-89.84417605,red,Hydrant
31472024,Hydrant,Hydrant,34.99144732,-89.84941545,red,Hydrant
31472025,Hydrant,Hydrant,34.99141911,-89.85283427,red,Hydrant
31472026,Hydrant,Hydrant,34.99294112,-89.85051908,red,Hydrant
31472027,Hydrant,Hydrant,34.99322588,-89.85279950,red,Hydrant
31472028,Hydrant,Hydrant,34.99313758,-89.85463173,red,Hydrant
31472029,Hydrant,Hydrant,34.99315506,-89.85761582,red,Hydrant
31472030,Hydrant,Hydrant,34.99174061,-89.85762546,red,Hydrant
31472031,Hydrant,Hydrant,34.98827417,-89.86705538,red,Hydrant
31472032,Hydrant,Hydrant,34.98936427,-89.86705964,red,Hydrant
31472033,Hydrant,Hydrant,34.99060448,-89.86652792,red,Hydrant
31472034,Hydrant,Hydrant,34.99106271,-89.86428428,red,Hydrant
31472035,Hydrant,Hydrant,34.99393164,-89.86197919,red,Hydrant
31472036,Hydrant,Hydrant,34.99090105,-89.86056176,red,Hydrant
31472037,Hydrant,Hydrant,34.99126023,-89.85942254,red,Hydrant
31472038,Hydrant,Hydrant,34.98822083,-89.85367665,red,Hydrant
31472039,Hydrant,Hydrant,34.98912948,-89.85521451,red,Hydrant
31472040,Hydrant,Hydrant,34.98914036,-89.85669253,red,Hydrant
31472041,Hydrant,Hydrant,34.98955190,-89.85848198,red,Hydrant
31472042,Hydrant,Hydrant,34.99072279,-89.86163854,red,Hydrant
31472043,Hydrant,Hydrant,34.99429903,-89.80250408,red,Hydrant
31472044,Hydrant,Hydrant,34.99220307,-89.79584483,red,Hydrant
31472045,Hydrant,Hydrant,34.99301202,-89.79586155,red,Hydrant
31472046,Hydrant,Hydrant,34.98804367,-89.79800711,red,Hydrant
31472047,Hydrant,Hydrant,34.98805350,-89.79671663,red,Hydrant
31472048,Hydrant,Hydrant,34.98849298,-89.79715061,red,Hydrant
31472049,Hydrant,Hydrant,34.98854032,-89.79620718,red,Hydrant
31472050,Hydrant,Hydrant,34.98884324,-89.79572589,red,Hydrant
31472051,Hydrant,Hydrant,34.98805969,-89.79551621,red,Hydrant
31472052,Hydrant,Hydrant,34.98354661,-89.79544373,red,Hydrant
31472053,Hydrant,Hydrant,34.98283929,-89.79924507,red,Hydrant
31472054,Hydrant,Hydrant,34.98353818,-89.79775234,red,Hydrant
31472055,Hydrant,Hydrant,34.98294399,-89.79659944,red,Hydrant
31472056,Hydrant,Hydrant,34.98195336,-89.79618404,red,Hydrant
31472057,Hydrant,Hydrant,34.98092014,-89.79502148,red,Hydrant
31472058,Hydrant,Hydrant,34.98090114,-89.79561917,red,Hydrant
31472059,Hydrant,Hydrant,34.98169082,-89.79540238,red,Hydrant
31472060,Hydrant,Hydrant,34.98191347,-89.79539930,red,Hydrant
31472061,Hydrant,Hydrant,34.98186565,-89.79752412,red,Hydrant
31472062,Hydrant,Hydrant,34.98110830,-89.79810580,red,Hydrant
31472063,Hydrant,Hydrant,34.98030420,-89.79792423,red,Hydrant
31472064,Hydrant,Hydrant,34.98034494,-89.79688293,red,Hydrant
31472065,Hydrant,Hydrant,34.98029636,-89.79568061,red,Hydrant
31472066,Hydrant,Hydrant,34.97914902,-89.79553244,red,Hydrant
31472067,Hydrant,Hydrant,34.97996961,-89.79453273,red,Hydrant
31472068,Hydrant,Hydrant,34.97993157,-89.79232978,red,Hydrant
31472069,Hydrant,Hydrant,34.97723866,-89.79084839,red,Hydrant
31472070,Hydrant,Hydrant,34.97814356,-89.79042961,red,Hydrant
31472071,Hydrant,Hydrant,34.97866206,-89.78985343,red,Hydrant
31472072,Hydrant,Hydrant,34.97992107,-89.78996689,red,Hydrant
31472073,Hydrant,Hydrant,34.98197323,-89.79035427,red,Hydrant
31472074,Hydrant,Hydrant,34.98180942,-89.79211356,red,Hydrant
31472075,Hydrant,Hydrant,34.98231508,-89.79208625,red,Hydrant
31472076,Hydrant,Hydrant,34.98394767,-89.79071056,red,Hydrant
31472077,Hydrant,Hydrant,34.98382218,-89.79243060,red,Hydrant
31472078,Hydrant,Hydrant,34.98384108,-89.79376650,red,Hydrant
31472079,Hydrant,Hydrant,34.98997629,-89.79503579,red,Hydrant
31472080,Hydrant,Hydrant,34.98884565,-89.79502741,red,Hydrant
31472081,Hydrant,Hydrant,34.98696655,-89.79504199,red,Hydrant
31472082,Hydrant,Hydrant,34.98617750,-89.79399295,red,Hydrant
31472083,Hydrant,Hydrant,34.98999331,-89.79431865,red,Hydrant
31472084,Hydrant,Hydrant,34.99059738,-89.79279960,red,Hydrant
31472085,Hydrant,Hydrant,34.99039487,-89.79289419,red,Hydrant
31472086,Hydrant,Hydrant,34.98877591,-89.79288059,red,Hydrant
31472087,Hydrant,Hydrant,34.98715354,-89.79286216,red,Hydrant
31472088,Hydrant,Hydrant,34.98603493,-89.79265415,red,Hydrant
31472089,Hydrant,Hydrant,34.98619500,-89.79192915,red,Hydrant
31472090,Hydrant,Hydrant,34.98603178,-89.79067794,red,Hydrant
31472091,Hydrant,Hydrant,34.98648080,-89.79093529,red,Hydrant
31472092,Hydrant,Hydrant,34.98780465,-89.79059857,red,Hydrant
31472093,Hydrant,Hydrant,34.98868646,-89.79060688,red,Hydrant
31472094,Hydrant,Hydrant,34.98938449,-89.79086598,red,Hydrant
31472095,Hydrant,Hydrant,34.98973925,-89.79062051,red,Hydrant
31472096,Hydrant,Hydrant,34.99091844,-89.79057128,red,Hydrant
31472097,Hydrant,Hydrant,34.99164188,-89.79096889,red,Hydrant
31472098,Hydrant,Hydrant,34.99162546,-89.79255438,red,Hydrant
31472099,Hydrant,Hydrant,34.99186829,-89.79251808,red,Hydrant
31472100,Hydrant,Hydrant,34.99445269,-89.79419026,red,Hydrant
31472101,Hydrant,Hydrant,34.96401956,-89.76338798,red,Hydrant
31472102,Hydrant,Hydrant,34.96499497,-89.76367092,red,Hydrant
31472103,Hydrant,Hydrant,34.96627495,-89.76406263,red,Hydrant
31472104,Hydrant,Hydrant,34.96682321,-89.76440811,red,Hydrant
31472105,Hydrant,Hydrant,34.96764641,-89.76441811,red,Hydrant
31472106,Hydrant,Hydrant,34.96822991,-89.76317541,red,Hydrant
31472107,Hydrant,Hydrant,34.96946223,-89.76316658,red,Hydrant
31472108,Hydrant,Hydrant,34.96954642,-89.76039916,red,Hydrant
31472109,Hydrant,Hydrant,34.96826098,-89.76012974,red,Hydrant
31472110,Hydrant,Hydrant,34.96705329,-89.76013620,red,Hydrant
31472111,Hydrant,Hydrant,34.96594465,-89.76010158,red,Hydrant
31472112,Hydrant,Hydrant,34.96401424,-89.76009091,red,Hydrant
31472113,Hydrant,Hydrant,34.96439334,-89.76112947,red,Hydrant
31472114,Hydrant,Hydrant,34.96573728,-89.76112345,red,Hydrant
31472115,Hydrant,Hydrant,34.96682783,-89.76116329,red,Hydrant
31472116,Hydrant,Hydrant,34.96803963,-89.76117736,red,Hydrant
31472117,Hydrant,Hydrant,34.96928461,-89.76115562,red,Hydrant
31472118,Hydrant,Hydrant,34.96925551,-89.76216349,red,Hydrant
31472119,Hydrant,Hydrant,34.96804026,-89.76216533,red,Hydrant
31472120,Hydrant,Hydrant,34.96703538,-89.76216757,red,Hydrant
31472121,Hydrant,Hydrant,34.96692819,-89.76377890,red,Hydrant
31472122,Hydrant,Hydrant,34.96573657,-89.76214279,red,Hydrant
31472123,Hydrant,Hydrant,34.96421003,-89.76213596,red,Hydrant
31472124,Hydrant,Hydrant,34.96356299,-89.76248709,red,Hydrant
31472125,Hydrant,Hydrant,34.96070014,-89.75749308,red,Hydrant
31472126,Hydrant,Hydrant,34.96092364,-89.75636379,red,Hydrant
31472127,Hydrant,Hydrant,34.95951730,-89.75697826,red,Hydrant
31472128,Hydrant,Hydrant,34.95835778,-89.75678751,red,Hydrant
31472129,Hydrant,Hydrant,34.95800517,-89.75774779,red,Hydrant
31472130,Hydrant,Hydrant,34.95720854,-89.75580814,red,Hydrant
31472131,Hydrant,Hydrant,34.95827239,-89.75579353,red,Hydrant
31472132,Hydrant,Hydrant,34.95717966,-89.75820698,red,Hydrant
31472133,Hydrant,Hydrant,34.95737359,-89.75905886,red,Hydrant
31472134,Hydrant,Hydrant,34.95867056,-89.75920464,red,Hydrant
31472135,Hydrant,Hydrant,34.95881486,-89.75811520,red,Hydrant
31472136,Hydrant,Hydrant,34.95998943,-89.75917782,red,Hydrant
31472137,Hydrant,Hydrant,34.96053608,-89.75804989,red,Hydrant
31472138,Hydrant,Hydrant,34.96132054,-89.75892075,red,Hydrant
31472139,Hydrant,Hydrant,34.95634997,-89.75710002,red,Hydrant
31472140,Hydrant,Hydrant,34.95631842,-89.75683403,red,Hydrant
31472141,Hydrant,Hydrant,34.95509080,-89.75683589,red,Hydrant
31472142,Hydrant,Hydrant,34.95515632,-89.75844409,red,Hydrant
31472143,Hydrant,Hydrant,34.95329443,-89.75910059,red,Hydrant
31472144,Hydrant,Hydrant,34.95139381,-89.75690761,red,Hydrant
31472145,Hydrant,Hydrant,34.95268209,-89.75687291,red,Hydrant
31472146,Hydrant,Hydrant,34.95379905,-89.75685498,red,Hydrant
31472147,Hydrant,Hydrant,34.95424082,-89.75793765,red,Hydrant
31472148,Hydrant,Hydrant,34.95248591,-89.75796250,red,Hydrant
31472149,Hydrant,Hydrant,34.95214725,-89.75574497,red,Hydrant
31472150,Hydrant,Hydrant,34.95423774,-89.75593948,red,Hydrant
31472151,Hydrant,Hydrant,34.95583088,-89.75578444,red,Hydrant
31472152,Hydrant,Hydrant,34.95638761,-89.75601114,red,Hydrant
31472153,Hydrant,Hydrant,34.95230951,-89.75463911,red,Hydrant
31472154,Hydrant,Hydrant,34.95378507,-89.75484646,red,Hydrant
31472155,Hydrant,Hydrant,34.95518074,-89.75429615,red,Hydrant
31472156,Hydrant,Hydrant,34.95603210,-89.75469657,red,Hydrant
31472157,Hydrant,Hydrant,34.95667143,-89.75480816,red,Hydrant
31472158,Hydrant,Hydrant,34.95739366,-89.75480208,red,Hydrant
31472159,Hydrant,Hydrant,34.95858655,-89.75466806,red,Hydrant
31472160,Hydrant,Hydrant,34.96119327,-89.75464694,red,Hydrant
31472161,Hydrant,Hydrant,34.96767186,-89.79414678,red,Hydrant
31472162,Hydrant,Hydrant,34.96905861,-89.79418078,red,Hydrant
31472163,Hydrant,Hydrant,34.97042910,-89.79420051,red,Hydrant
31472164,Hydrant,Hydrant,34.97038859,-89.79504445,red,Hydrant
31472165,Hydrant,Hydrant,34.96920238,-89.79500090,red,Hydrant
31472166,Hydrant,Hydrant,34.96630725,-89.79418016,red,Hydrant
31472167,Hydrant,Hydrant,34.92675400,-89.79138971,red,Hydrant
31472168,Hydrant,Hydrant,34.93097749,-89.79512916,red,Hydrant
31472169,Hydrant,Hydrant,34.93169399,-89.79507547,red,Hydrant
31472170,Hydrant,Hydrant,34.92961698,-89.79347447,red,Hydrant
31472171,Hydrant,Hydrant,34.92791802,-89.79186762,red,Hydrant
31472172,Hydrant,Hydrant,34.93184464,-89.79084574,red,Hydrant
31472173,Hydrant,Hydrant,34.93067347,-89.79060996,red,Hydrant
31472174,Hydrant,Hydrant,34.92922519,-89.79087893,red,Hydrant
31472175,Hydrant,Hydrant,34.93016273,-89.79208448,red,Hydrant
31472176,Hydrant,Hydrant,34.93124363,-89.79344428,red,Hydrant
31472177,Hydrant,Hydrant,34.93070028,-89.79480480,red,Hydrant
31472178,Hydrant,Hydrant,34.92932963,-89.79411969,red,Hydrant
31472179,Hydrant,Hydrant,34.92971008,-89.79477626,red,Hydrant
31472180,Hydrant,Hydrant,34.92923737,-89.79632859,red,Hydrant
31472181,Hydrant,Hydrant,34.92933527,-89.79534064,red,Hydrant
31472182,Hydrant,Hydrant,34.91928897,-89.80624515,red,Hydrant
31472183,Hydrant,Hydrant,34.92044675,-89.80320136,red,Hydrant
31472184,Hydrant,Hydrant,34.91885287,-89.80207159,red,Hydrant
31472185,Hydrant,Hydrant,34.92004075,-89.80208517,red,Hydrant
31472186,Hydrant,Hydrant,34.92127194,-89.80206826,red,Hydrant
31472187,Hydrant,Hydrant,34.91993459,-89.80101120,red,Hydrant
31472188,Hydrant,Hydrant,34.92095761,-89.80100236,red,Hydrant
31472189,Hydrant,Hydrant,34.92222656,-89.80099051,red,Hydrant
31472190,Hydrant,Hydrant,34.92343762,-89.79991367,red,Hydrant
31472191,Hydrant,Hydrant,34.92233485,-89.79992791,red,Hydrant
31472192,Hydrant,Hydrant,34.92105382,-89.79993816,red,Hydrant
31472193,Hydrant,Hydrant,34.91978944,-89.79994738,red,Hydrant
31472194,Hydrant,Hydrant,34.92138371,-89.79501479,red,Hydrant
31472195,Hydrant,Hydrant,34.92093833,-89.79867833,red,Hydrant
31472196,Hydrant,Hydrant,34.92258279,-89.79865237,red,Hydrant
31472197,Hydrant,Hydrant,34.92251160,-89.79800881,red,Hydrant
31472198,Hydrant,Hydrant,34.92260491,-89.79691540,red,Hydrant
31472199,Hydrant,Hydrant,34.92094080,-89.79788767,red,Hydrant
31472200,Hydrant,Hydrant,34.92171658,-89.79779517,red,Hydrant
31472201,Hydrant,Hydrant,34.92048635,-89.79666905,red,Hydrant
31472202,Hydrant,Hydrant,34.92021342,-89.79508860,red,Hydrant
31472203,Hydrant,Hydrant,34.92039276,-89.79567716,red,Hydrant
31472204,Hydrant,Hydrant,34.92019943,-89.79761701,red,Hydrant
31472205,Hydrant,Hydrant,34.91979105,-89.79879580,red,Hydrant
31472206,Hydrant,Hydrant,34.91877999,-89.79857672,red,Hydrant
31472207,Hydrant,Hydrant,34.91926816,-89.79497621,red,Hydrant
31472208,Hydrant,Hydrant,34.93197023,-89.79476385,red,Hydrant
31472209,Hydrant,Hydrant,34.94989244,-89.75877302,red,Hydrant
31472210,Hydrant,Hydrant,34.94955475,-89.75740972,red,Hydrant
31472211,Hydrant,Hydrant,34.95044640,-89.75691103,red,Hydrant
31472212,Hydrant,Hydrant,34.95054471,-89.75806802,red,Hydrant
31472213,Hydrant,Hydrant,34.94914599,-89.75579323,red,Hydrant
31472214,Hydrant,Hydrant,34.94926441,-89.75471997,red,Hydrant
31472215,Hydrant,Hydrant,34.95019406,-89.75591484,red,Hydrant
31472216,Hydrant,Hydrant,34.95100441,-89.75589952,red,Hydrant
31472217,Hydrant,Hydrant,34.92270191,-89.79501911,red,Hydrant
31472218,Hydrant,Hydrant,34.92392522,-89.79523199,red,Hydrant
31472219,Hydrant,Hydrant,34.98631610,-89.90593206,red,Hydrant
31472220,Hydrant,Hydrant,34.98692467,-89.90583331,red,Hydrant
31472221,Hydrant,Hydrant,34.98628807,-89.90518340,red,Hydrant
31472222,Hydrant,Hydrant,34.98614153,-89.90236172,red,Hydrant
31472223,Hydrant,Hydrant,34.98523038,-89.90160618,red,Hydrant
31472224,Hydrant,Hydrant,34.98527276,-89.90238132,red,Hydrant
31472225,Hydrant,Hydrant,34.98490142,-89.90474894,red,Hydrant
31472226,Hydrant,Hydrant,34.98510774,-89.90614685,red,Hydrant
31472227,Hydrant,Hydrant,34.98530543,-89.90695200,red,Hydrant
31472228,Hydrant,Hydrant,34.98605307,-89.90802166,red,Hydrant
31472229,Hydrant,Hydrant,34.98612302,-89.90927006,red,Hydrant
31472230,Hydrant,Hydrant,34.99073570,-89.88139976,red,Hydrant
31472231,Hydrant,Hydrant,34.99006219,-89.88150623,red,Hydrant
31472232,Hydrant,Hydrant,34.98990122,-89.88034973,red,Hydrant
31472233,Hydrant,Hydrant,34.99068490,-89.87917025,red,Hydrant
31472234,Hydrant,Hydrant,34.99005793,-89.87895696,red,Hydrant
31472235,Hydrant,Hydrant,34.99040955,-89.87805991,red,Hydrant
31472236,Hydrant,Hydrant,34.98924158,-89.87576735,red,Hydrant
31472237,Hydrant,Hydrant,34.98888789,-89.87638537,red,Hydrant
31472238,Hydrant,Hydrant,34.98817879,-89.87577805,red,Hydrant
31472239,Hydrant,Hydrant,34.98930715,-89.87726165,red,Hydrant
31472240,Hydrant,Hydrant,34.98973285,-89.87705623,red,Hydrant
31472241,Hydrant,Hydrant,34.98871514,-89.87818594,red,Hydrant
31472242,Hydrant,Hydrant,34.98854619,-89.87928722,red,Hydrant
31472243,Hydrant,Hydrant,34.98874975,-89.88048055,red,Hydrant
31472244,Hydrant,Hydrant,34.98883183,-89.88152748,red,Hydrant
31472245,Hydrant,Hydrant,34.98795129,-89.87745667,red,Hydrant
31472246,Hydrant,Hydrant,34.99083414,-89.81896463,red,Hydrant
31472247,Hydrant,Hydrant,34.99234817,-89.81905366,red,Hydrant
31472248,Hydrant,Hydrant,34.99324261,-89.81743447,red,Hydrant
31472249,Hydrant,Hydrant,34.99205756,-89.81678413,red,Hydrant
31472250,Hydrant,Hydrant,34.99096494,-89.81697456,red,Hydrant
31472251,Hydrant,Hydrant,34.98985623,-89.81797993,red,Hydrant
31472252,Hydrant,Hydrant,34.99067479,-89.81830641,red,Hydrant
31472253,Hydrant,Hydrant,34.96927915,-89.83518781,red,Hydrant
31472254,Hydrant,Hydrant,34.95560141,-89.85389722,red,Hydrant
31472255,Hydrant,Hydrant,34.95429257,-89.85377655,red,Hydrant
31472256,Hydrant,Hydrant,34.95297524,-89.85367570,red,Hydrant
31472257,Hydrant,Hydrant,34.95432465,-89.85243427,red,Hydrant
31472258,Hydrant,Hydrant,34.95248052,-89.85265047,red,Hydrant
31472259,Hydrant,Hydrant,34.95457663,-89.85099706,red,Hydrant
31472260,Hydrant,Hydrant,34.95455626,-89.84991027,red,Hydrant
31472261,Hydrant,Hydrant,34.95449099,-89.84892402,red,Hydrant
31472262,Hydrant,Hydrant,34.98433723,-89.77734300,red,Hydrant
31472263,Hydrant,Hydrant,34.98431566,-89.77569328,red,Hydrant
31472264,Hydrant,Hydrant,34.98431945,-89.77399500,red,Hydrant
31472265,Hydrant,Hydrant,34.98431922,-89.77228555,red,Hydrant
31472266,Hydrant,Hydrant,34.96617982,-89.91175535,red,Hydrant
31472267,Hydrant,Hydrant,34.96670422,-89.91100980,red,Hydrant
31472268,Hydrant,Hydrant,34.96634816,-89.91043663,red,Hydrant
31472269,Hydrant,Hydrant,34.96702139,-89.90934269,red,Hydrant
31472270,Hydrant,Hydrant,34.96817345,-89.91051423,red,Hydrant
31472271,Hydrant,Hydrant,34.96804584,-89.90958998,red,Hydrant
31472272,Hydrant,Hydrant,34.96804223,-89.90782752,red,Hydrant
31472273,Hydrant,Hydrant,34.96215722,-89.91030316,red,Hydrant
31472274,Hydrant,Hydrant,34.95956613,-89.91856421,red,Hydrant
31472275,Hydrant,Hydrant,34.96027178,-89.91755324,red,Hydrant
31472276,Hydrant,Hydrant,34.95918319,-89.91742816,red,Hydrant
31472277,Hydrant,Hydrant,34.95945177,-89.91619756,red,Hydrant
31472278,Hydrant,Hydrant,34.93732375,-89.82062490,red,Hydrant
31472279,Hydrant,Hydrant,34.93633730,-89.82086441,red,Hydrant
31472280,Hydrant,Hydrant,34.93702695,-89.81918688,red,Hydrant
31472281,Hydrant,Hydrant,34.93522334,-89.81938453,red,Hydrant
31472282,Hydrant,Hydrant,34.93487016,-89.81838919,red,Hydrant
31472283,Hydrant,Hydrant,34.93463196,-89.81733034,red,Hydrant
31472284,Hydrant,Hydrant,34.93387512,-89.81534197,red,Hydrant
31472285,Hydrant,Hydrant,34.93521134,-89.81603142,red,Hydrant
31472286,Hydrant,Hydrant,34.93589729,-89.81681763,red,Hydrant
31472287,Hydrant,Hydrant,34.93536791,-89.82090569,red,Hydrant
31472288,Hydrant,Hydrant,34.93332803,-89.82036685,red,Hydrant
31472289,Hydrant,Hydrant,34.92543150,-89.80771350,red,Hydrant
31472290,Hydrant,Hydrant,34.92552521,-89.80676007,red,Hydrant
31472291,Hydrant,Hydrant,34.92422374,-89.80766820,red,Hydrant
31472292,Hydrant,Hydrant,34.92469358,-89.80694620,red,Hydrant
31472293,Hydrant,Hydrant,34.92527733,-89.80474533,red,Hydrant
31472294,Hydrant,Hydrant,34.92451578,-89.80498125,red,Hydrant
31472295,Hydrant,Hydrant,34.92353592,-89.80436749,red,Hydrant
31472296,Hydrant,Hydrant,34.92264487,-89.80443735,red,Hydrant
31472297,Hydrant,Hydrant,34.92270515,-89.80548116,red,Hydrant
31472298,Hydrant,Hydrant,34.92327936,-89.80528207,red,Hydrant
31472299,Hydrant,Hydrant,34.92390251,-89.80651557,red,Hydrant
31472300,Hydrant,Hydrant,34.92279794,-89.80650306,red,Hydrant
31472301,Hydrant,Hydrant,34.92282332,-89.80761597,red,Hydrant
31472302,Hydrant,Hydrant,34.93248818,-89.83961164,red,Hydrant
31472303,Hydrant,Hydrant,34.93227570,-89.83782368,red,Hydrant
31472304,Hydrant,Hydrant,34.93106340,-89.83698011,red,Hydrant
31472305,Hydrant,Hydrant,34.93181869,-89.83876847,red,Hydrant
31472306,Hydrant,Hydrant,34.93101520,-89.83892869,red,Hydrant
31472307,Hydrant,Hydrant,34.93142597,-89.83977468,red,Hydrant
31472308,Hydrant,Hydrant,34.92998897,-89.83858711,red,Hydrant
31472309,Hydrant,Hydrant,34.93157086,-89.83065516,red,Hydrant
31472310,Hydrant,Hydrant,34.98433744,-89.77060086,red,Hydrant
31472311,Hydrant,Hydrant,34.98432989,-89.76875782,red,Hydrant
31472312,Hydrant,Hydrant,34.98433432,-89.76711433,red,Hydrant
31472313,Hydrant,Hydrant,34.98433306,-89.76542633,red,Hydrant
31472314,Hydrant,Hydrant,34.98433590,-89.76042612,red,Hydrant
31472315,Hydrant,Hydrant,34.98564110,-89.75963556,red,Hydrant
31472316,Hydrant,Hydrant,34.98703433,-89.75964143,red,Hydrant
31472317,Hydrant,Hydrant,34.98841354,-89.75969015,red,Hydrant
31472318,Hydrant,Hydrant,34.98439835,-89.75931342,red,Hydrant
31472319,Hydrant,Hydrant,34.98447712,-89.75753881,red,Hydrant
31472320,Hydrant,Hydrant,34.98470484,-89.75619799,red,Hydrant
31472321,Hydrant,Hydrant,34.98507397,-89.75458112,red,Hydrant
31472322,Hydrant,Hydrant,34.98542805,-89.75294919,red,Hydrant
31472323,Hydrant,Hydrant,34.98553572,-89.75127703,red,Hydrant
31472324,Hydrant,Hydrant,34.94699404,-89.84272773,red,Hydrant
31472325,Hydrant,Hydrant,34.94408497,-89.84270143,red,Hydrant
31472326,Hydrant,Hydrant,34.94146263,-89.84229744,red,Hydrant
31472327,Hydrant,Hydrant,34.94152668,-89.83624597,red,Hydrant
31472328,Hydrant,Hydrant,34.99329638,-89.81906403,red,Hydrant
31472329,Hydrant,Hydrant,34.97673710,-89.80986197,red,Hydrant
31472330,Hydrant,Hydrant,34.97533265,-89.80972613,red,Hydrant
31472331,Hydrant,Hydrant,34.97381224,-89.80976308,red,Hydrant
31472332,Hydrant,Hydrant,34.94901390,-89.87403745,red,Hydrant
31472333,Hydrant,Hydrant,34.98715453,-89.90160556,red,Hydrant
31472334,Hydrant,Hydrant,34.96340973,-89.81660463,red,Hydrant
31472335,Hydrant,Hydrant,34.96498320,-89.81497328,red,Hydrant
31472336,Hydrant,Hydrant,34.96568489,-89.81460040,red,Hydrant
31472337,Hydrant,Hydrant,34.96732384,-89.81294961,red,Hydrant
31472338,Hydrant,Hydrant,34.98340131,-89.89725200,red,Hydrant
31472339,Hydrant,Hydrant,34.98338921,-89.89576926,red,Hydrant
31472340,Hydrant,Hydrant,34.98337895,-89.89424125,red,Hydrant
31472341,Hydrant,Hydrant,34.98337206,-89.89271240,red,Hydrant
31472342,Hydrant,Hydrant,34.98335701,-89.89118277,red,Hydrant
31472343,Hydrant,Hydrant,34.98334168,-89.88957744,red,Hydrant
31472344,Hydrant,Hydrant,34.98322153,-89.88775957,red,Hydrant
31472345,Hydrant,Hydrant,34.98311692,-89.88701543,red,Hydrant
31472346,Hydrant,Hydrant,34.98311141,-89.88588484,red,Hydrant
31472347,Hydrant,Hydrant,34.98330920,-89.88435919,red,Hydrant
31472348,Hydrant,Hydrant,34.96917454,-89.90730759,red,Hydrant
31472349,Hydrant,Hydrant,34.96917500,-89.90878312,red,Hydrant
31472350,Hydrant,Hydrant,34.96653912,-89.91331972,red,Hydrant
31472351,Hydrant,Hydrant,34.96736376,-89.91189782,red,Hydrant
31472352,Hydrant,Hydrant,34.96916420,-89.91200281,red,Hydrant
31472353,Hydrant,Hydrant,34.96894073,-89.91322083,red,Hydrant
31472354,Hydrant,Hydrant,34.97219808,-89.85909679,red,Hydrant
31472355,Hydrant,Hydrant,34.93323632,-89.82935287,red,Hydrant
31472356,Hydrant,Hydrant,34.97417353,-89.87305212,red,Hydrant
31472357,Hydrant,Hydrant,34.97553535,-89.87302237,red,Hydrant
31472358,Hydrant,Hydrant,34.97612656,-89.87226635,red,Hydrant
31472359,Hydrant,Hydrant,34.97615819,-89.87095741,red,Hydrant
31472360,Hydrant,Hydrant,34.92417344,-89.90928558,red,Hydrant
31472361,Hydrant,Hydrant,34.92448696,-89.90662344,red,Hydrant
31472362,Hydrant,Hydrant,34.92360495,-89.90777036,red,Hydrant
31472363,Hydrant,Hydrant,34.92268360,-89.90617051,red,Hydrant
31472364,Hydrant,Hydrant,34.92237760,-89.90714849,red,Hydrant
31472365,Hydrant,Hydrant,34.92128838,-89.90648134,red,Hydrant
31472366,Hydrant,Hydrant,34.92064267,-89.90710713,red,Hydrant
31472367,Hydrant,Hydrant,34.92009253,-89.90657697,red,Hydrant
31472368,Hydrant,Hydrant,34.91882419,-89.90788638,red,Hydrant
31472369,Hydrant,Hydrant,34.92041146,-89.90861027,red,Hydrant
31472370,Hydrant,Hydrant,34.92096470,-89.91009715,red,Hydrant
31472371,Hydrant,Hydrant,34.92210694,-89.90982764,red,Hydrant
31472372,Hydrant,Hydrant,34.91894528,-89.91819267,red,Hydrant
31472373,Hydrant,Hydrant,34.94222916,-89.81248484,red,Hydrant
31472374,Hydrant,Hydrant,34.94165854,-89.81369574,red,Hydrant
31472375,Hydrant,Hydrant,34.94302969,-89.81148002,red,Hydrant
31472376,Hydrant,Hydrant,34.94343058,-89.80994403,red,Hydrant
31472377,Hydrant,Hydrant,34.94318513,-89.80814095,red,Hydrant
31472378,Hydrant,Hydrant,34.94192170,-89.80747678,red,Hydrant
31472379,Hydrant,Hydrant,34.94099471,-89.80688130,red,Hydrant
31472380,Hydrant,Hydrant,34.93978431,-89.80592881,red,Hydrant
31472381,Hydrant,Hydrant,34.93818662,-89.80638450,red,Hydrant
31472382,Hydrant,Hydrant,34.93963925,-89.81043268,red,Hydrant
31472383,Hydrant,Hydrant,34.93945342,-89.81273339,red,Hydrant
31472384,Hydrant,Hydrant,34.93783889,-89.80914523,red,Hydrant
31472385,Hydrant,Hydrant,34.93541768,-89.80849495,red,Hydrant
31472386,Hydrant,Hydrant,34.93301491,-89.80368703,red,Hydrant
31472387,Hydrant,Hydrant,34.94283390,-89.79708040,red,Hydrant
31472388,Hydrant,Hydrant,34.94143359,-89.79513830,red,Hydrant
31472389,Hydrant,Hydrant,34.94239383,-89.79826254,red,Hydrant
31472390,Hydrant,Hydrant,34.95068294,-89.81578486,red,Hydrant
31472391,Hydrant,Hydrant,34.95038586,-89.81495653,red,Hydrant
31472392,Hydrant,Hydrant,34.94969649,-89.81427537,red,Hydrant
31472393,Hydrant,Hydrant,34.95100371,-89.81296283,red,Hydrant
31472394,Hydrant,Hydrant,34.94849786,-89.81497274,red,Hydrant
31472395,Hydrant,Hydrant,34.94761648,-89.81378438,red,Hydrant
31472396,Hydrant,Hydrant,34.94761738,-89.81679135,red,Hydrant
31472397,Hydrant,Hydrant,34.94544171,-89.81656414,red,Hydrant
31472398,Hydrant,Hydrant,34.94345540,-89.81779101,red,Hydrant
31472399,Hydrant,Hydrant,34.96560593,-89.84742049,red,Hydrant
31472400,Hydrant,Hydrant,34.96449738,-89.83086339,red,Hydrant
31472401,Hydrant,Hydrant,34.95221090,-89.75911845,red,Hydrant
31472402,Hydrant,Hydrant,34.95118074,-89.75829088,red,Hydrant
31472403,Hydrant,Hydrant,34.95276030,-89.75593277,red,Hydrant
31472404,Hydrant,Hydrant,34.95351115,-89.75583227,red,Hydrant
31472405,Hydrant,Hydrant,34.95464006,-89.75471244,red,Hydrant
31472406,Hydrant,Hydrant,34.95528883,-89.75492849,red,Hydrant
31472407,Hydrant,Hydrant,34.95511224,-89.75579606,red,Hydrant
31472408,Hydrant,Hydrant,34.96001696,-89.75587109,red,Hydrant
31472409,Hydrant,Hydrant,34.96003101,-89.75480062,red,Hydrant
31472410,Hydrant,Hydrant,34.95077452,-89.75477269,red,Hydrant
31472411,Hydrant,Hydrant,34.95144305,-89.75475717,red,Hydrant
31472412,Hydrant,Hydrant,34.98950882,-89.86122746,red,Hydrant
31472413,Hydrant,Hydrant,34.98855544,-89.85988474,red,Hydrant
31472414,Hydrant,Hydrant,34.99431447,-89.84277573,red,Hydrant
31472415,Hydrant,Hydrant,34.99426936,-89.84076739,red,Hydrant
31472416,Hydrant,Hydrant,34.99427001,-89.84640128,red,Hydrant
31472417,Hydrant,Hydrant,34.99397686,-89.83819570,red,Hydrant
31472418,Hydrant,Hydrant,34.92932928,-89.79207288,red,Hydrant
31472419,Hydrant,Hydrant,34.92938519,-89.79330157,red,Hydrant
31472420,Hydrant,Hydrant,34.97120168,-89.78157211,red,Hydrant
31472421,Hydrant,Hydrant,34.97120063,-89.78082292,red,Hydrant
31472422,Hydrant,Hydrant,34.97111289,-89.78044107,red,Hydrant
31472423,Hydrant,Hydrant,34.97112984,-89.77968281,red,Hydrant
31472424,Hydrant,Hydrant,34.97112278,-89.77869582,red,Hydrant
31472425,Hydrant,Hydrant,34.97035189,-89.78361803,red,Hydrant
31472426,Hydrant,Hydrant,34.96952728,-89.78361462,red,Hydrant
31472427,Hydrant,Hydrant,34.96870324,-89.78360998,red,Hydrant
31472428,Hydrant,Hydrant,34.96787891,-89.78360680,red,Hydrant
31472429,Hydrant,Hydrant,34.96949708,-89.78120943,red,Hydrant
31472430,Hydrant,Hydrant,34.96859460,-89.78101486,red,Hydrant
31472431,Hydrant,Hydrant,34.96749566,-89.78240606,red,Hydrant
31472432,Hydrant,Hydrant,34.97118240,-89.78260132,red,Hydrant
31472433,Hydrant,Hydrant,34.97104520,-89.78343174,red,Hydrant
31472434,Hydrant,Hydrant,34.96774935,-89.78121633,red,Hydrant
31472435,Hydrant,Hydrant,34.96585453,-89.75626409,red,Hydrant
31472436,Hydrant,Hydrant,34.96589701,-89.75407578,red,Hydrant
31472437,Hydrant,Hydrant,34.96588676,-89.75484495,red,Hydrant
31472438,Hydrant,Hydrant,34.96529605,-89.75484946,red,Hydrant
31472439,Hydrant,Hydrant,34.96537790,-89.75583434,red,Hydrant
31472440,Hydrant,Hydrant,34.96526132,-89.75656773,red,Hydrant
31472441,Hydrant,Hydrant,34.96511484,-89.75754033,red,Hydrant
31472442,Hydrant,Hydrant,34.96539737,-89.75868753,red,Hydrant
31472443,Hydrant,Hydrant,34.96611790,-89.75946798,red,Hydrant
31472444,Hydrant,Hydrant,34.96457590,-89.75855236,red,Hydrant
31472445,Hydrant,Hydrant,34.96377089,-89.75893619,red,Hydrant
31472446,Hydrant,Hydrant,34.96366832,-89.75755146,red,Hydrant
31472447,Hydrant,Hydrant,34.96405734,-89.75658705,red,Hydrant
31472448,Hydrant,Hydrant,34.96385684,-89.75562020,red,Hydrant
31472449,Hydrant,Hydrant,34.96286577,-89.75488929,red,Hydrant
31472450,Hydrant,Hydrant,34.96287017,-89.75588389,red,Hydrant
31472451,Hydrant,Hydrant,34.96375194,-89.75462233,red,Hydrant
31472452,Hydrant,Hydrant,34.96454931,-89.75461107,red,Hydrant
31472453,Hydrant,Hydrant,34.96447057,-89.75560830,red,Hydrant
31472454,Hydrant,Hydrant,34.96183361,-89.75266275,red,Hydrant
31472455,Hydrant,Hydrant,34.98546345,-89.89734837,red,Hydrant
31472456,Hydrant,Hydrant,34.96846704,-89.89476013,red,Hydrant
31472457,Hydrant,Hydrant,34.97476673,-89.90102325,red,Hydrant
31472458,Hydrant,Hydrant,34.97324619,-89.89760767,red,Hydrant
31472459,Hydrant,Hydrant,34.96421815,-89.85909307,red,Hydrant
31472460,Hydrant,Hydrant,34.98543424,-89.83123704,red,Hydrant
31472461,Hydrant,Hydrant,34.98569350,-89.83241377,red,Hydrant
31472462,Hydrant,Hydrant,34.98481584,-89.83541218,red,Hydrant
31472463,Hydrant,Hydrant,34.98482356,-89.83411447,red,Hydrant
31472464,Hydrant,Hydrant,34.93062126,-89.91875264,red,Hydrant
31472465,Hydrant,Hydrant,34.93037528,-89.91763356,red,Hydrant
31472466,Hydrant,Hydrant,34.92981008,-89.91710885,red,Hydrant
31472467,Hydrant,Hydrant,34.92726153,-89.91745013,red,Hydrant
31472468,Hydrant,Hydrant,34.92828110,-89.91641091,red,Hydrant
31472469,Hydrant,Hydrant,34.92745710,-89.91522609,red,Hydrant
31472470,Hydrant,Hydrant,34.92613726,-89.91613204,red,Hydrant
31472471,Hydrant,Hydrant,34.92536596,-89.91688979,red,Hydrant
31472472,Hydrant,Hydrant,34.92342799,-89.91680022,red,Hydrant
31472473,Hydrant,Hydrant,34.92391582,-89.91631301,red,Hydrant
31472474,Hydrant,Hydrant,34.92964597,-89.90106217,red,Hydrant
31472475,Hydrant,Hydrant,34.92970109,-89.89888792,red,Hydrant
31472476,Hydrant,Hydrant,34.92968826,-89.89772261,red,Hydrant
31472477,Hydrant,Hydrant,34.92850599,-89.89736069,red,Hydrant
31472478,Hydrant,Hydrant,34.92719334,-89.89788544,red,Hydrant
31472479,Hydrant,Hydrant,34.92848728,-89.89942061,red,Hydrant
31472480,Hydrant,Hydrant,34.93024592,-89.89695327,red,Hydrant
31472481,Hydrant,Hydrant,34.93081013,-89.89813992,red,Hydrant
31472482,Hydrant,Hydrant,34.93088740,-89.89633902,red,Hydrant
31472483,Hydrant,Hydrant,34.93187329,-89.89619885,red,Hydrant
31472484,Hydrant,Hydrant,34.93097218,-89.89435059,red,Hydrant
31472485,Hydrant,Hydrant,34.92933051,-89.89464613,red,Hydrant
31472486,Hydrant,Hydrant,34.92951606,-89.89589512,red,Hydrant
31472487,Hydrant,Hydrant,34.93287319,-89.89708745,red,Hydrant
31472488,Hydrant,Hydrant,34.93235108,-89.89554601,red,Hydrant
31472489,Hydrant,Hydrant,34.93218052,-89.89356522,red,Hydrant
31472490,Hydrant,Hydrant,34.92674915,-89.89263907,red,Hydrant
31472491,Hydrant,Hydrant,34.92818474,-89.89267200,red,Hydrant
31472492,Hydrant,Hydrant,34.92955577,-89.89266062,red,Hydrant
31472493,Hydrant,Hydrant,34.92805298,-89.89566897,red,Hydrant
31472494,Hydrant,Hydrant,34.92713988,-89.89615587,red,Hydrant
31472495,Hydrant,Hydrant,34.92754458,-89.89443916,red,Hydrant
31472496,Hydrant,Hydrant,34.92606948,-89.89442813,red,Hydrant
31472497,Hydrant,Hydrant,34.99090520,-89.82606125,red,Hydrant
31472498,Hydrant,Hydrant,34.99039299,-89.82465658,red,Hydrant
31472499,Hydrant,Hydrant,34.98966692,-89.82555880,red,Hydrant
31472500,Hydrant,Hydrant,34.99102803,-89.82421478,red,Hydrant
31472501,Hydrant,Hydrant,34.99220765,-89.82501053,red,Hydrant
31472502,Hydrant,Hydrant,34.99308031,-89.82451266,red,Hydrant
31472503,Hydrant,Hydrant,34.96303845,-89.82882359,red,Hydrant
31472504,Hydrant,Hydrant,34.96198835,-89.86184163,red,Hydrant
31472505,Hydrant,Hydrant,34.98573108,-89.78103915,red,Hydrant
31472506,Hydrant,Hydrant,34.95936317,-89.83561899,red,Hydrant
31472507,Hydrant,Hydrant,34.95859671,-89.83598344,red,Hydrant
31472508,Hydrant,Hydrant,34.95823493,-89.83493032,red,Hydrant
31472509,Hydrant,Hydrant,34.95807184,-89.83500484,red,Hydrant
31472510,Hydrant,Hydrant,34.95899489,-89.83473729,red,Hydrant
31472511,Hydrant,Hydrant,34.95925050,-89.83394465,red,Hydrant
31472512,Hydrant,Hydrant,34.95816717,-89.83409233,red,Hydrant
31472513,Hydrant,Hydrant,34.95792235,-89.83337556,red,Hydrant
31472514,Hydrant,Hydrant,34.95795982,-89.83171372,red,Hydrant
31472515,Hydrant,Hydrant,34.95768119,-89.83056283,red,Hydrant
31472516,Hydrant,Hydrant,34.95928453,-89.83055431,red,Hydrant
31472517,Hydrant,Hydrant,34.96063203,-89.83055472,red,Hydrant
31472518,Hydrant,Hydrant,34.95998903,-89.83011142,red,Hydrant
31472519,Hydrant,Hydrant,34.95797403,-89.83710226,red,Hydrant
31472520,Hydrant,Hydrant,34.95840335,-89.83777737,red,Hydrant
31472521,Hydrant,Hydrant,34.95874506,-89.83660852,red,Hydrant
31472522,Hydrant,Hydrant,34.95963242,-89.83755255,red,Hydrant
31472523,Hydrant,Hydrant,34.96084572,-89.83812329,red,Hydrant
31472524,Hydrant,Hydrant,34.95712868,-89.83312646,red,Hydrant
31472525,Hydrant,Hydrant,34.95988515,-89.83498643,red,Hydrant
31472526,Hydrant,Hydrant,34.95989195,-89.83384006,red,Hydrant
31472527,Hydrant,Hydrant,34.96595750,-89.89593318,red,Hydrant
31472528,Hydrant,Hydrant,34.96562979,-89.89732219,red,Hydrant
31472529,Hydrant,Hydrant,34.96594317,-89.89813552,red,Hydrant
31472530,Hydrant,Hydrant,34.96591267,-89.89912831,red,Hydrant
31472531,Hydrant,Hydrant,34.96588364,-89.90014895,red,Hydrant
31472532,Hydrant,Hydrant,34.96578701,-89.90112223,red,Hydrant
31472533,Hydrant,Hydrant,34.96486686,-89.90067757,red,Hydrant
31472534,Hydrant,Hydrant,34.96486971,-89.89982565,red,Hydrant
31472535,Hydrant,Hydrant,34.96478940,-89.89895226,red,Hydrant
31472536,Hydrant,Hydrant,34.96479723,-89.89803350,red,Hydrant
31472537,Hydrant,Hydrant,34.96489471,-89.89730341,red,Hydrant
31472538,Hydrant,Hydrant,34.96362062,-89.89864446,red,Hydrant
31472539,Hydrant,Hydrant,34.96268318,-89.89738330,red,Hydrant
31472540,Hydrant,Hydrant,34.98433795,-89.76210562,red,Hydrant
31472541,Hydrant,Hydrant,34.98433235,-89.76376136,red,Hydrant
31472542,Hydrant,Hydrant,34.97657593,-89.79466083,red,Hydrant
31472543,Hydrant,Hydrant,34.92414190,-89.90795387,red,Hydrant
31472544,Hydrant,Hydrant,34.91955842,-89.90781554,red,Hydrant
31472545,Hydrant,Hydrant,34.96828208,-89.82238521,red,Hydrant
31472546,Hydrant,Hydrant,34.96769653,-89.82208043,red,Hydrant
31472547,Hydrant,Hydrant,34.96768210,-89.82331149,red,Hydrant
31472548,Hydrant,Hydrant,34.96819394,-89.82404847,red,Hydrant
31472549,Hydrant,Hydrant,34.96804436,-89.82504150,red,Hydrant
31472550,Hydrant,Hydrant,34.96717899,-89.82619142,red,Hydrant
31472551,Hydrant,Hydrant,34.96647542,-89.82601899,red,Hydrant
31472552,Hydrant,Hydrant,34.96644529,-89.82712406,red,Hydrant
31472553,Hydrant,Hydrant,34.96717685,-89.82742603,red,Hydrant
31472554,Hydrant,Hydrant,34.96578115,-89.82663026,red,Hydrant
31472555,Hydrant,Hydrant,34.96592782,-89.82589210,red,Hydrant
31472556,Hydrant,Hydrant,34.95942657,-89.91918629,red,Hydrant
31472557,Hydrant,Hydrant,34.96531747,-89.81290790,red,Hydrant
31472558,Hydrant,Hydrant,34.96437293,-89.81299094,red,Hydrant
31472559,Hydrant,Hydrant,34.96177908,-89.83063547,red,Hydrant
31472560,Hydrant,Hydrant,34.96219511,-89.82754829,red,Hydrant
31472561,Hydrant,Hydrant,34.96182764,-89.82835248,red,Hydrant
31472562,Hydrant,Hydrant,34.96121311,-89.83018258,red,Hydrant
31472563,Hydrant,Hydrant,34.96359799,-89.82935120,red,Hydrant
31472564,Hydrant,Hydrant,34.96255833,-89.82823436,red,Hydrant
31472565,Hydrant,Hydrant,34.96340265,-89.82702873,red,Hydrant
31472566,Hydrant,Hydrant,34.96436307,-89.82810797,red,Hydrant
31472567,Hydrant,Hydrant,34.96430985,-89.82850831,red,Hydrant
31472568,Hydrant,Hydrant,34.96229888,-89.82542380,red,Hydrant
31472569,Hydrant,Hydrant,34.96196539,-89.82641642,red,Hydrant
31472570,Hydrant,Hydrant,34.96073548,-89.82579021,red,Hydrant
31472571,Hydrant,Hydrant,34.96086821,-89.82405883,red,Hydrant
31472572,Hydrant,Hydrant,34.95886484,-89.82477810,red,Hydrant
31472573,Hydrant,Hydrant,34.96044255,-89.85346493,red,Hydrant
31472574,Hydrant,Hydrant,34.98528788,-89.76632861,red,Hydrant
31472575,Hydrant,Hydrant,34.98606641,-89.76632802,red,Hydrant
31472576,Hydrant,Hydrant,34.98688957,-89.76634304,red,Hydrant
31472577,Hydrant,Hydrant,34.98771269,-89.76634852,red,Hydrant
31472578,Hydrant,Hydrant,34.98853580,-89.76635240,red,Hydrant
31472579,Hydrant,Hydrant,34.98936986,-89.76645653,red,Hydrant
31472580,Hydrant,Hydrant,34.98971047,-89.76923647,red,Hydrant
31472581,Hydrant,Hydrant,34.98972260,-89.77028518,red,Hydrant
31472582,Hydrant,Hydrant,34.98990008,-89.77112082,red,Hydrant
31472583,Hydrant,Hydrant,34.98989820,-89.77213214,red,Hydrant
31472584,Hydrant,Hydrant,34.98988710,-89.77313397,red,Hydrant
31472585,Hydrant,Hydrant,34.98968502,-89.77478847,red,Hydrant
31472586,Hydrant,Hydrant,34.98965853,-89.77615351,red,Hydrant
31472587,Hydrant,Hydrant,34.98994181,-89.77762317,red,Hydrant
31472588,Hydrant,Hydrant,34.98986041,-89.77678107,red,Hydrant
31472589,Hydrant,Hydrant,34.98987849,-89.77410870,red,Hydrant
31472590,Hydrant,Hydrant,34.98973207,-89.76824572,red,Hydrant
31472591,Hydrant,Hydrant,34.98970507,-89.76723301,red,Hydrant
31472592,Hydrant,Hydrant,34.99015400,-89.82662462,red,Hydrant
31472593,Hydrant,Hydrant,34.96987487,-89.79332276,red,Hydrant
31472594,Hydrant,Hydrant,34.96964031,-89.79164879,red,Hydrant
31472595,Hydrant,Hydrant,34.96859796,-89.79051644,red,Hydrant
31472596,Hydrant,Hydrant,34.96721410,-89.79033493,red,Hydrant
31472597,Hydrant,Hydrant,34.96583998,-89.79033469,red,Hydrant
31472598,Hydrant,Hydrant,34.96445670,-89.79056855,red,Hydrant
31472599,Hydrant,Hydrant,34.96314611,-89.79079572,red,Hydrant
31472600,Hydrant,Hydrant,34.96734858,-89.79074401,red,Hydrant
31472601,Hydrant,Hydrant,34.95872699,-89.90851536,red,Hydrant
31472602,Hydrant,Hydrant,34.95874105,-89.91101924,red,Hydrant
31472603,Hydrant,Hydrant,34.95081630,-89.83017845,red,Hydrant
31472604,Hydrant,Hydrant,34.94917983,-89.83003913,red,Hydrant
31472605,Hydrant,Hydrant,34.94988234,-89.83017452,red,Hydrant
31472606,Hydrant,Hydrant,34.94851168,-89.83005767,red,Hydrant
31472607,Hydrant,Hydrant,34.94789115,-89.83008554,red,Hydrant
31472608,Hydrant,Hydrant,34.95032421,-89.83057882,red,Hydrant
31472609,Hydrant,Hydrant,34.95183905,-89.83055200,red,Hydrant
31472610,Hydrant,Hydrant,34.95099467,-89.83058324,red,Hydrant
31472611,Hydrant,Hydrant,34.95237203,-89.83023495,red,Hydrant
31472612,Hydrant,Hydrant,34.95301563,-89.83024704,red,Hydrant
31472613,Hydrant,Hydrant,34.95370038,-89.83024508,red,Hydrant
31472614,Hydrant,Hydrant,34.95486618,-89.83057232,red,Hydrant
31472615,Hydrant,Hydrant,34.95438104,-89.83023704,red,Hydrant
31472616,Hydrant,Hydrant,34.95573406,-89.83055385,red,Hydrant
31472617,Hydrant,Hydrant,34.95522093,-89.83021594,red,Hydrant
31472618,Hydrant,Hydrant,34.95695800,-89.83053973,red,Hydrant
31472619,Hydrant,Hydrant,34.95638503,-89.83055243,red,Hydrant
31472620,Hydrant,Hydrant,34.95857754,-89.83016586,red,Hydrant
31472621,Hydrant,Hydrant,34.90363005,-89.89667499,red,Hydrant
31472622,Hydrant,Hydrant,34.90492516,-89.89619778,red,Hydrant
31472623,Hydrant,Hydrant,34.90609200,-89.89578978,red,Hydrant
31472624,Hydrant,Hydrant,34.90775124,-89.89531533,red,Hydrant
31472625,Hydrant,Hydrant,34.90910635,-89.89474084,red,Hydrant
31472626,Hydrant,Hydrant,34.91160340,-89.89333529,red,Hydrant
31472627,Hydrant,Hydrant,34.91287767,-89.89248460,red,Hydrant
31472628,Hydrant,Hydrant,34.99318242,-89.76229834,red,Hydrant
31472629,Hydrant,Hydrant,34.99263568,-89.76157765,red,Hydrant
31472630,Hydrant,Hydrant,34.99232572,-89.75974162,red,Hydrant
31472631,Hydrant,Hydrant,34.99342276,-89.75976078,red,Hydrant
31472632,Hydrant,Hydrant,34.99145578,-89.75977786,red,Hydrant
31472633,Hydrant,Hydrant,34.99067645,-89.75972967,red,Hydrant
31472634,Hydrant,Hydrant,34.99381759,-89.76314309,red,Hydrant
31472635,Hydrant,Hydrant,34.99408608,-89.76404696,red,Hydrant
31472636,Hydrant,Hydrant,34.99422595,-89.76500665,red,Hydrant
31472637,Hydrant,Hydrant,34.99422163,-89.76601450,red,Hydrant
31472638,Hydrant,Hydrant,34.99422005,-89.76701222,red,Hydrant
31472639,Hydrant,Hydrant,34.99422019,-89.76801551,red,Hydrant
31472640,Hydrant,Hydrant,34.99421624,-89.76901137,red,Hydrant
31472641,Hydrant,Hydrant,34.99421908,-89.77001724,red,Hydrant
31472642,Hydrant,Hydrant,34.99421316,-89.77102343,red,Hydrant
31472643,Hydrant,Hydrant,34.99420870,-89.77201815,red,Hydrant
31472644,Hydrant,Hydrant,34.99420768,-89.77344386,red,Hydrant
31472645,Hydrant,Hydrant,34.99420162,-89.77466075,red,Hydrant
31472646,Hydrant,Hydrant,34.99420181,-89.77565679,red,Hydrant
31472647,Hydrant,Hydrant,34.97633377,-89.89991353,red,Hydrant
31472648,Hydrant,Hydrant,34.97686050,-89.89849746,red,Hydrant
31472649,Hydrant,Hydrant,34.92331364,-89.79215054,red,Hydrant
31472650,Hydrant,Hydrant,34.92318809,-89.79162707,red,Hydrant
31472651,Hydrant,Hydrant,34.92310404,-89.79119038,red,Hydrant
31472652,Hydrant,Hydrant,34.92231174,-89.79144454,red,Hydrant
31472653,Hydrant,Hydrant,34.92231752,-89.79275825,red,Hydrant
31472654,Hydrant,Hydrant,34.96340533,-89.74210463,red,Hydrant
31472655,Hydrant,Hydrant,34.96476941,-89.74210018,red,Hydrant
31472656,Hydrant,Hydrant,34.96763230,-89.74201897,red,Hydrant
31472657,Hydrant,Hydrant,34.96612568,-89.74209481,red,Hydrant
31472658,Hydrant,Hydrant,34.96261148,-89.74060816,red,Hydrant
31472659,Hydrant,Hydrant,34.96260857,-89.73878241,red,Hydrant
31472660,Hydrant,Hydrant,34.95906886,-89.83297767,red,Hydrant
31472661,Hydrant,Hydrant,34.95975289,-89.83297761,red,Hydrant
31472662,Hydrant,Hydrant,34.98448434,-89.76625784,red,Hydrant
31472663,Hydrant,Hydrant,34.98447938,-89.76466725,red,Hydrant
31472664,Hydrant,Hydrant,34.98476749,-89.76344407,red,Hydrant
31472665,Hydrant,Hydrant,34.98559826,-89.76345700,red,Hydrant
31472666,Hydrant,Hydrant,34.98642997,-89.76345124,red,Hydrant
31472667,Hydrant,Hydrant,34.98724702,-89.76342284,red,Hydrant
31472668,Hydrant,Hydrant,34.98807255,-89.76342975,red,Hydrant
31472669,Hydrant,Hydrant,34.98887049,-89.76376026,red,Hydrant
31472670,Hydrant,Hydrant,34.98897249,-89.76467167,red,Hydrant
31472671,Hydrant,Hydrant,34.98896507,-89.76575060,red,Hydrant
31472672,Hydrant,Hydrant,34.93715203,-89.79510796,red,Hydrant
31472673,Hydrant,Hydrant,34.97979466,-89.86497748,red,Hydrant
31472674,Hydrant,Hydrant,34.92097150,-89.91370241,red,Hydrant
31472675,Hydrant,Hydrant,34.92154713,-89.91456509,red,Hydrant
31472676,Hydrant,Hydrant,34.92313969,-89.91459603,red,Hydrant
31472677,Hydrant,Hydrant,34.92400613,-89.91484425,red,Hydrant
31472678,Hydrant,Hydrant,34.92522080,-89.91407594,red,Hydrant
31472679,Hydrant,Hydrant,34.96525948,-89.82830028,red,Hydrant
31472680,Hydrant,Hydrant,34.96471378,-89.82759200,red,Hydrant
31472681,Hydrant,Hydrant,34.96380940,-89.82643394,red,Hydrant
31472682,Hydrant,Hydrant,34.96293976,-89.82529197,red,Hydrant
31472683,Hydrant,Hydrant,34.96254837,-89.89595506,red,Hydrant
31472684,Hydrant,Hydrant,34.96290061,-89.89615545,red,Hydrant
31472685,Hydrant,Hydrant,34.96301470,-89.89728443,red,Hydrant
31472686,Hydrant,Hydrant,34.96299957,-89.89768312,red,Hydrant
31472687,Hydrant,Hydrant,34.96342766,-89.89894410,red,Hydrant
31472688,Hydrant,Hydrant,34.96341139,-89.90369978,red,Hydrant
31472689,Hydrant,Hydrant,34.96419702,-89.90333725,red,Hydrant
31472690,Hydrant,Hydrant,34.96419772,-89.90462789,red,Hydrant
31472691,Hydrant,Hydrant,34.95701713,-89.83175462,red,Hydrant
31472692,Hydrant,Hydrant,34.95689170,-89.83382641,red,Hydrant
31472693,Hydrant,Hydrant,34.95725476,-89.83548078,red,Hydrant
31472694,Hydrant,Hydrant,34.95739519,-89.83669036,red,Hydrant
31472695,Hydrant,Hydrant,34.95692284,-89.83701623,red,Hydrant
31472696,Hydrant,Hydrant,34.98256743,-89.90007288,red,Hydrant
31472697,Hydrant,Hydrant,34.98250382,-89.89902013,red,Hydrant
31472698,Hydrant,Hydrant,34.98339164,-89.89840944,red,Hydrant
31472699,Hydrant,Hydrant,34.94883854,-89.89318755,red,Hydrant
31472700,Hydrant,Hydrant,34.97015997,-89.81416245,red,Hydrant
31472701,Hydrant,Hydrant,34.96441224,-89.86876914,red,Hydrant
31472702,Hydrant,Hydrant,34.96251505,-89.86821245,red,Hydrant
31472703,Hydrant,Hydrant,34.96245414,-89.86988267,red,Hydrant
31472704,Hydrant,Hydrant,34.96264942,-89.87004213,red,Hydrant
31472705,Hydrant,Hydrant,34.96331531,-89.86582718,red,Hydrant
31472706,Hydrant,Hydrant,34.96432473,-89.86581207,red,Hydrant
31472707,Hydrant,Hydrant,34.96559010,-89.86582971,red,Hydrant
31472708,Hydrant,Hydrant,34.94812449,-89.84536843,red,Hydrant
31472709,Hydrant,Hydrant,34.94841957,-89.84393825,red,Hydrant
31472710,Hydrant,Hydrant,34.94929427,-89.84562785,red,Hydrant
31472711,Hydrant,Hydrant,34.97593560,-89.86046688,red,Hydrant
31472712,Hydrant,Hydrant,34.97656250,-89.86011002,red,Hydrant
31472713,Hydrant,Hydrant,34.96622551,-89.83199842,red,Hydrant
31472714,Hydrant,Hydrant,34.93273578,-89.90056737,red,Hydrant
31472715,Hydrant,Hydrant,34.92604400,-89.89498775,red,Hydrant
31472716,Hydrant,Hydrant,34.93462742,-89.92069096,red,Hydrant
31472717,Hydrant,Hydrant,34.93748811,-89.92103741,red,Hydrant
31472718,Hydrant,Hydrant,34.96334148,-89.81295361,red,Hydrant
31472719,Hydrant,Hydrant,34.95353325,-89.77850909,red,Hydrant
31472720,Hydrant,Hydrant,34.95375656,-89.77758585,red,Hydrant
31472721,Hydrant,Hydrant,34.95457685,-89.77764407,red,Hydrant
31472722,Hydrant,Hydrant,34.95540475,-89.77765843,red,Hydrant
31472723,Hydrant,Hydrant,34.95617520,-89.77770354,red,Hydrant
31472724,Hydrant,Hydrant,34.95617227,-89.77855451,red,Hydrant
31472725,Hydrant,Hydrant,34.95616852,-89.77963908,red,Hydrant
31472726,Hydrant,Hydrant,34.95368127,-89.77946537,red,Hydrant
31472727,Hydrant,Hydrant,34.95452866,-89.77946438,red,Hydrant
31472728,Hydrant,Hydrant,34.95533422,-89.77947434,red,Hydrant
31472729,Hydrant,Hydrant,34.98634335,-89.91355148,red,Hydrant
31472730,Hydrant,Hydrant,34.98691524,-89.91352788,red,Hydrant
31472731,Hydrant,Hydrant,34.98523547,-89.91191058,red,Hydrant
31472732,Hydrant,Hydrant,34.98550723,-89.91096296,red,Hydrant
31472733,Hydrant,Hydrant,34.98630301,-89.91095704,red,Hydrant
31472734,Hydrant,Hydrant,34.98693708,-89.91091520,red,Hydrant
31472735,Hydrant,Hydrant,34.98633941,-89.91223866,red,Hydrant
31472736,Hydrant,Hydrant,34.98690729,-89.91214779,red,Hydrant
31472737,Hydrant,Hydrant,34.98537838,-89.91294607,red,Hydrant
31472738,Hydrant,Hydrant,34.98726980,-89.90490086,red,Hydrant
31472739,Hydrant,Hydrant,34.98729459,-89.90347836,red,Hydrant
31472740,Hydrant,Hydrant,34.98706579,-89.90239704,red,Hydrant
31472741,Hydrant,Hydrant,34.98612053,-89.90388587,red,Hydrant
31472742,Hydrant,Hydrant,34.98476873,-89.90826824,red,Hydrant
31472743,Hydrant,Hydrant,34.98477282,-89.90909543,red,Hydrant
31472744,Hydrant,Hydrant,34.96515016,-89.87503150,red,Hydrant
31472745,Hydrant,Hydrant,34.96514839,-89.87615662,red,Hydrant
31472746,Hydrant,Hydrant,34.96454205,-89.87613539,red,Hydrant
31472747,Hydrant,Hydrant,34.96453927,-89.87533346,red,Hydrant
31472748,Hydrant,Hydrant,34.95534093,-89.77959289,red,Hydrant
31472749,Hydrant,Hydrant,34.95452754,-89.77968164,red,Hydrant
31472750,Hydrant,Hydrant,34.96115318,-89.78416514,red,Hydrant
31472751,Hydrant,Hydrant,34.96057136,-89.78376989,red,Hydrant
31472752,Hydrant,Hydrant,34.95614810,-89.78549576,red,Hydrant
31472753,Hydrant,Hydrant,34.98533079,-89.83894318,red,Hydrant
31472754,Hydrant,Hydrant,34.98567766,-89.83775623,red,Hydrant
31472755,Hydrant,Hydrant,34.98569205,-89.83374862,red,Hydrant
31472756,Hydrant,Hydrant,34.98568473,-89.83508579,red,Hydrant
31472757,Hydrant,Hydrant,34.98567406,-89.83635218,red,Hydrant
31472758,Hydrant,Hydrant,34.98481110,-89.83674506,red,Hydrant
31472759,Hydrant,Hydrant,34.98480522,-89.83807886,red,Hydrant
31472760,Hydrant,Hydrant,34.98481940,-89.83273801,red,Hydrant
31472761,Hydrant,Hydrant,34.96247788,-89.77702641,red,Hydrant
31472762,Hydrant,Hydrant,34.96242979,-89.77468435,red,Hydrant
31472763,Hydrant,Hydrant,34.96255619,-89.74945898,red,Hydrant
31472764,Hydrant,Hydrant,34.96256204,-89.74731148,red,Hydrant
31472765,Hydrant,Hydrant,34.96255637,-89.74404941,red,Hydrant
31472766,Hydrant,Hydrant,34.98769216,-89.75198492,red,Hydrant
31472767,Hydrant,Hydrant,34.98795933,-89.75299154,red,Hydrant
31472768,Hydrant,Hydrant,34.98792496,-89.75378584,red,Hydrant
31472769,Hydrant,Hydrant,34.98784254,-89.75350821,red,Hydrant
31472770,Hydrant,Hydrant,34.98995747,-89.75709719,red,Hydrant
31472771,Hydrant,Hydrant,34.99079761,-89.75702725,red,Hydrant
31472772,Hydrant,Hydrant,34.99078674,-89.75875750,red,Hydrant
31472773,Hydrant,Hydrant,34.98969234,-89.75239778,red,Hydrant
31472774,Hydrant,Hydrant,34.98708102,-89.75788926,red,Hydrant
31472775,Hydrant,Hydrant,34.98744817,-89.75913286,red,Hydrant
31472776,Hydrant,Hydrant,34.98641575,-89.75513315,red,Hydrant
31472777,Hydrant,Hydrant,34.98962172,-89.75841642,red,Hydrant
31472778,Hydrant,Hydrant,34.98824698,-89.75741695,red,Hydrant
31472779,Hydrant,Hydrant,34.98593291,-89.75353011,red,Hydrant
31472780,Hydrant,Hydrant,34.98642700,-89.75151878,red,Hydrant
31472781,Hydrant,Hydrant,34.96421350,-89.91928006,red,Hydrant
31472782,Hydrant,Hydrant,34.97700887,-89.79756119,red,Hydrant
31472783,Hydrant,Hydrant,34.97787836,-89.79755675,red,Hydrant
31472784,Hydrant,Hydrant,34.97680460,-89.79639181,red,Hydrant
31472785,Hydrant,Hydrant,34.97586210,-89.79544795,red,Hydrant
31472786,Hydrant,Hydrant,34.97586487,-89.79744730,red,Hydrant
31472787,Hydrant,Hydrant,34.97499222,-89.79743950,red,Hydrant
31472788,Hydrant,Hydrant,34.97497528,-89.79546563,red,Hydrant
31472789,Hydrant,Hydrant,34.93053594,-89.91624743,red,Hydrant
31472790,Hydrant,Hydrant,34.97721153,-89.79549290,red,Hydrant
31472791,Hydrant,Hydrant,34.96106167,-89.87981968,red,Hydrant
31472792,Hydrant,Hydrant,34.96233087,-89.82107376,red,Hydrant
31472793,Hydrant,Hydrant,34.96499197,-89.82105038,red,Hydrant
31472794,Hydrant,Hydrant,34.96333273,-89.82105963,red,Hydrant
31472795,Hydrant,Hydrant,34.96420252,-89.82105838,red,Hydrant
31472796,Hydrant,Hydrant,34.96631553,-89.82073426,red,Hydrant
31472797,Hydrant,Hydrant,34.96576662,-89.82104953,red,Hydrant
31472798,Hydrant,Hydrant,34.94097866,-89.84992003,red,Hydrant
31472799,Hydrant,Hydrant,34.94091711,-89.85141704,red,Hydrant
31472800,Hydrant,Hydrant,34.94092607,-89.85291663,red,Hydrant
31472801,Hydrant,Hydrant,34.94093565,-89.85443716,red,Hydrant
31472802,Hydrant,Hydrant,34.94071852,-89.85592860,red,Hydrant
31472803,Hydrant,Hydrant,34.93989226,-89.85657348,red,Hydrant
31472804,Hydrant,Hydrant,34.93879162,-89.85658709,red,Hydrant
31472805,Hydrant,Hydrant,34.93799744,-89.85659748,red,Hydrant
31472806,Hydrant,Hydrant,34.94022307,-89.85111739,red,Hydrant
31472807,Hydrant,Hydrant,34.93808858,-89.85527005,red,Hydrant
31472808,Hydrant,Hydrant,34.93808338,-89.85394938,red,Hydrant
31472809,Hydrant,Hydrant,34.93807624,-89.85262641,red,Hydrant
31472810,Hydrant,Hydrant,34.93822703,-89.85119593,red,Hydrant
31472811,Hydrant,Hydrant,34.93946926,-89.85100983,red,Hydrant
31472812,Hydrant,Hydrant,34.93844096,-89.84837271,red,Hydrant
31472813,Hydrant,Hydrant,34.93970611,-89.84835806,red,Hydrant
31472814,Hydrant,Hydrant,34.94106110,-89.84768643,red,Hydrant
31472815,Hydrant,Hydrant,34.94125965,-89.84694234,red,Hydrant
31472816,Hydrant,Hydrant,34.94150323,-89.84582869,red,Hydrant
31472817,Hydrant,Hydrant,34.93834299,-89.84683466,red,Hydrant
31472818,Hydrant,Hydrant,34.93881362,-89.84786412,red,Hydrant
31472819,Hydrant,Hydrant,34.94085432,-89.84716565,red,Hydrant
31472820,Hydrant,Hydrant,34.93982393,-89.84572415,red,Hydrant
31472821,Hydrant,Hydrant,34.94073411,-89.84609239,red,Hydrant
31472822,Hydrant,Hydrant,34.94041341,-89.84784252,red,Hydrant
31472823,Hydrant,Hydrant,34.93958734,-89.84810632,red,Hydrant
31472824,Hydrant,Hydrant,34.93506287,-89.89126685,red,Hydrant
31472825,Hydrant,Hydrant,34.93504895,-89.89235733,red,Hydrant
31472826,Hydrant,Hydrant,34.93420788,-89.89226191,red,Hydrant
31472827,Hydrant,Hydrant,34.93337712,-89.91891711,red,Hydrant
31472828,Hydrant,Hydrant,34.93618601,-89.92104086,red,Hydrant
31472829,Hydrant,Hydrant,34.95616831,-89.78164828,red,Hydrant
31472830,Hydrant,Hydrant,34.95616102,-89.78347267,red,Hydrant
31472831,Hydrant,Hydrant,34.95616641,-89.78264899,red,Hydrant
31472832,Hydrant,Hydrant,34.95617976,-89.78064606,red,Hydrant
31472833,Hydrant,Hydrant,34.95362683,-89.78368515,red,Hydrant
31472834,Hydrant,Hydrant,34.95363159,-89.78268537,red,Hydrant
31472835,Hydrant,Hydrant,34.95363724,-89.78168851,red,Hydrant
31472836,Hydrant,Hydrant,34.95364222,-89.78068736,red,Hydrant
31472837,Hydrant,Hydrant,34.96041077,-89.78095304,red,Hydrant
31472838,Hydrant,Hydrant,34.95960820,-89.78073949,red,Hydrant
31472839,Hydrant,Hydrant,34.95878336,-89.78073692,red,Hydrant
31472840,Hydrant,Hydrant,34.95795941,-89.78073181,red,Hydrant
31472841,Hydrant,Hydrant,34.95713576,-89.78072459,red,Hydrant
31472842,Hydrant,Hydrant,34.96066497,-89.78189387,red,Hydrant
31472843,Hydrant,Hydrant,34.96066164,-89.78277800,red,Hydrant
31472844,Hydrant,Hydrant,34.95936487,-89.78511051,red,Hydrant
31472845,Hydrant,Hydrant,34.95749589,-89.78425487,red,Hydrant
31472846,Hydrant,Hydrant,34.95654308,-89.78575665,red,Hydrant
31472847,Hydrant,Hydrant,34.95734063,-89.78597947,red,Hydrant
31472848,Hydrant,Hydrant,34.95816862,-89.78598367,red,Hydrant
31472849,Hydrant,Hydrant,34.95899816,-89.78598955,red,Hydrant
31472850,Hydrant,Hydrant,34.95646396,-89.78381486,red,Hydrant
31472851,Hydrant,Hydrant,34.95728765,-89.78381888,red,Hydrant
31472852,Hydrant,Hydrant,34.95810656,-89.78382508,red,Hydrant
31472853,Hydrant,Hydrant,34.95893601,-89.78382974,red,Hydrant
31472854,Hydrant,Hydrant,34.95975886,-89.78383089,red,Hydrant
31472855,Hydrant,Hydrant,34.95614410,-89.78624772,red,Hydrant
31472856,Hydrant,Hydrant,34.95615735,-89.78460955,red,Hydrant
31472857,Hydrant,Hydrant,34.95534386,-89.78567102,red,Hydrant
31472858,Hydrant,Hydrant,34.95449967,-89.78566510,red,Hydrant
31472859,Hydrant,Hydrant,34.95394558,-89.78561758,red,Hydrant
31472860,Hydrant,Hydrant,34.95362606,-89.78468745,red,Hydrant
31472861,Hydrant,Hydrant,34.95332481,-89.79013310,red,Hydrant
31472862,Hydrant,Hydrant,34.95333092,-89.78904705,red,Hydrant
31472863,Hydrant,Hydrant,34.95305236,-89.78862364,red,Hydrant
31472864,Hydrant,Hydrant,34.95304550,-89.78964741,red,Hydrant
31472865,Hydrant,Hydrant,34.95257980,-89.79014757,red,Hydrant
31472866,Hydrant,Hydrant,34.95198545,-89.79067986,red,Hydrant
31472867,Hydrant,Hydrant,34.95111965,-89.79067166,red,Hydrant
31472868,Hydrant,Hydrant,34.95044065,-89.79019471,red,Hydrant
31472869,Hydrant,Hydrant,34.95044814,-89.78899195,red,Hydrant
31472870,Hydrant,Hydrant,34.95063182,-89.78782800,red,Hydrant
31472871,Hydrant,Hydrant,34.95170559,-89.78762449,red,Hydrant
31472872,Hydrant,Hydrant,34.95259229,-89.78782544,red,Hydrant
31472873,Hydrant,Hydrant,34.95280409,-89.78910325,red,Hydrant
31472874,Hydrant,Hydrant,34.95306603,-89.78662828,red,Hydrant
31472875,Hydrant,Hydrant,34.95334266,-89.78652759,red,Hydrant
31472876,Hydrant,Hydrant,34.95333760,-89.78772237,red,Hydrant
31472877,Hydrant,Hydrant,34.95394717,-89.79069481,red,Hydrant
31472878,Hydrant,Hydrant,34.95448702,-89.79034942,red,Hydrant
31472879,Hydrant,Hydrant,34.95480093,-89.78910745,red,Hydrant
31472880,Hydrant,Hydrant,34.95481168,-89.78786735,red,Hydrant
31472881,Hydrant,Hydrant,34.95481287,-89.78686767,red,Hydrant
31472882,Hydrant,Hydrant,34.95399104,-89.78631605,red,Hydrant
31472883,Hydrant,Hydrant,34.95308329,-89.78205161,red,Hydrant
31472884,Hydrant,Hydrant,34.95307748,-89.78371788,red,Hydrant
31472885,Hydrant,Hydrant,34.95307394,-89.78462170,red,Hydrant
31472886,Hydrant,Hydrant,34.95034786,-89.78190398,red,Hydrant
31472887,Hydrant,Hydrant,34.95080389,-89.78144419,red,Hydrant
31472888,Hydrant,Hydrant,34.95162678,-89.78144806,red,Hydrant
31472889,Hydrant,Hydrant,34.95227253,-89.78113314,red,Hydrant
31472890,Hydrant,Hydrant,34.95308717,-89.78105084,red,Hydrant
31472891,Hydrant,Hydrant,34.95308186,-89.78271701,red,Hydrant
31472892,Hydrant,Hydrant,34.95309930,-89.77801471,red,Hydrant
31472893,Hydrant,Hydrant,34.95234773,-89.77763857,red,Hydrant
31472894,Hydrant,Hydrant,34.95174669,-89.77763451,red,Hydrant
31472895,Hydrant,Hydrant,34.95150278,-89.77853762,red,Hydrant
31472896,Hydrant,Hydrant,34.95149780,-89.77953876,red,Hydrant
31472897,Hydrant,Hydrant,34.95167016,-89.78051554,red,Hydrant
31472898,Hydrant,Hydrant,34.95229028,-89.78072805,red,Hydrant
31472899,Hydrant,Hydrant,34.95309041,-89.78024877,red,Hydrant
31472900,Hydrant,Hydrant,34.95309085,-89.77971576,red,Hydrant
31472901,Hydrant,Hydrant,34.95309392,-89.77871577,red,Hydrant
31472902,Hydrant,Hydrant,34.99187430,-89.77189417,red,Hydrant
31472903,Hydrant,Hydrant,34.99186958,-89.77293754,red,Hydrant
31472904,Hydrant,Hydrant,34.99186429,-89.77385918,red,Hydrant
31472905,Hydrant,Hydrant,34.99159440,-89.77098954,red,Hydrant
31472906,Hydrant,Hydrant,34.99072682,-89.77090274,red,Hydrant
31472907,Hydrant,Hydrant,34.99070841,-89.77476778,red,Hydrant
31472908,Hydrant,Hydrant,34.99153746,-89.77477374,red,Hydrant
31472909,Hydrant,Hydrant,34.99338242,-89.77165530,red,Hydrant
31472910,Hydrant,Hydrant,34.99397726,-89.77011489,red,Hydrant
31472911,Hydrant,Hydrant,34.99364360,-89.76811393,red,Hydrant
31472912,Hydrant,Hydrant,34.99386946,-89.76908850,red,Hydrant
31472913,Hydrant,Hydrant,34.99211792,-89.76837134,red,Hydrant
31472914,Hydrant,Hydrant,34.99215899,-89.77035868,red,Hydrant
31472915,Hydrant,Hydrant,34.99193844,-89.76939510,red,Hydrant
31472916,Hydrant,Hydrant,34.99246802,-89.77126977,red,Hydrant
31472917,Hydrant,Hydrant,34.98448534,-89.76114150,red,Hydrant
31472918,Hydrant,Hydrant,34.98508603,-89.76006162,red,Hydrant
31472919,Hydrant,Hydrant,34.98639677,-89.76005016,red,Hydrant
31472920,Hydrant,Hydrant,34.98761124,-89.76005560,red,Hydrant
31472921,Hydrant,Hydrant,34.98474455,-89.76290857,red,Hydrant
31472922,Hydrant,Hydrant,34.98556693,-89.76291446,red,Hydrant
31472923,Hydrant,Hydrant,34.98638929,-89.76291803,red,Hydrant
31472924,Hydrant,Hydrant,34.98721452,-89.76292158,red,Hydrant
31472925,Hydrant,Hydrant,34.98803880,-89.76292629,red,Hydrant
31472926,Hydrant,Hydrant,34.98882219,-89.76255455,red,Hydrant
31472927,Hydrant,Hydrant,34.98881490,-89.76161331,red,Hydrant
31472928,Hydrant,Hydrant,34.98881459,-89.76053554,red,Hydrant
31472929,Hydrant,Hydrant,34.99254936,-89.77526063,red,Hydrant
31472930,Hydrant,Hydrant,34.99157625,-89.77525332,red,Hydrant
31472931,Hydrant,Hydrant,34.99069186,-89.77524542,red,Hydrant
31472932,Hydrant,Hydrant,34.99326479,-89.77560761,red,Hydrant
31472933,Hydrant,Hydrant,34.99334872,-89.77674604,red,Hydrant
31472934,Hydrant,Hydrant,34.99090824,-89.77765950,red,Hydrant
31472935,Hydrant,Hydrant,34.99255484,-89.77767841,red,Hydrant
31472936,Hydrant,Hydrant,34.99173770,-89.77765986,red,Hydrant
31472937,Hydrant,Hydrant,34.99333932,-89.77767947,red,Hydrant
31472938,Hydrant,Hydrant,34.98730935,-89.77075282,red,Hydrant
31472939,Hydrant,Hydrant,34.98730483,-89.77163268,red,Hydrant
31472940,Hydrant,Hydrant,34.98730088,-89.77263541,red,Hydrant
31472941,Hydrant,Hydrant,34.98729214,-89.77363585,red,Hydrant
31472942,Hydrant,Hydrant,34.98673473,-89.77594412,red,Hydrant
31472943,Hydrant,Hydrant,34.98685221,-89.77659711,red,Hydrant
31472944,Hydrant,Hydrant,34.98513376,-89.77759874,red,Hydrant
31472945,Hydrant,Hydrant,34.98596100,-89.77760061,red,Hydrant
31472946,Hydrant,Hydrant,34.98678447,-89.77760635,red,Hydrant
31472947,Hydrant,Hydrant,34.98760877,-89.77761469,red,Hydrant
31472948,Hydrant,Hydrant,34.98844357,-89.77762528,red,Hydrant
31472949,Hydrant,Hydrant,34.98926121,-89.77764168,red,Hydrant
31472950,Hydrant,Hydrant,34.99020865,-89.77808168,red,Hydrant
31472951,Hydrant,Hydrant,34.98641345,-89.77543963,red,Hydrant
31472952,Hydrant,Hydrant,34.98688279,-89.77439665,red,Hydrant
31472953,Hydrant,Hydrant,34.98688600,-89.77343566,red,Hydrant
31472954,Hydrant,Hydrant,34.98689542,-89.77237610,red,Hydrant
31472955,Hydrant,Hydrant,34.98690051,-89.77141510,red,Hydrant
31472956,Hydrant,Hydrant,34.98644781,-89.77007122,red,Hydrant
31472957,Hydrant,Hydrant,34.98691080,-89.77034162,red,Hydrant
31472958,Hydrant,Hydrant,34.98485995,-89.76998473,red,Hydrant
31472959,Hydrant,Hydrant,34.98567919,-89.77003321,red,Hydrant
31472960,Hydrant,Hydrant,34.98465677,-89.77546333,red,Hydrant
31472961,Hydrant,Hydrant,34.98554793,-89.77546439,red,Hydrant
31472962,Hydrant,Hydrant,34.98628027,-89.77790555,red,Hydrant
31472963,Hydrant,Hydrant,34.98608591,-89.77953191,red,Hydrant
31472964,Hydrant,Hydrant,34.98644425,-89.78133461,red,Hydrant
31472965,Hydrant,Hydrant,34.94206339,-89.83404071,red,Hydrant
31472966,Hydrant,Hydrant,34.94204881,-89.83502094,red,Hydrant
31472967,Hydrant,Hydrant,34.94204563,-89.83599242,red,Hydrant
31472968,Hydrant,Hydrant,34.94203394,-89.83698132,red,Hydrant
31472969,Hydrant,Hydrant,34.94202524,-89.83800496,red,Hydrant
31472970,Hydrant,Hydrant,34.94201052,-89.83895912,red,Hydrant
31472971,Hydrant,Hydrant,34.94276356,-89.83903976,red,Hydrant
31472972,Hydrant,Hydrant,34.94365368,-89.83904658,red,Hydrant
31472973,Hydrant,Hydrant,34.94403428,-89.83885748,red,Hydrant
31472974,Hydrant,Hydrant,34.94419980,-89.83777517,red,Hydrant
31472975,Hydrant,Hydrant,34.94420706,-89.83674977,red,Hydrant
31472976,Hydrant,Hydrant,34.94421170,-89.83578522,red,Hydrant
31472977,Hydrant,Hydrant,34.94422190,-89.83478239,red,Hydrant
31472978,Hydrant,Hydrant,34.94423517,-89.83344932,red,Hydrant
31472979,Hydrant,Hydrant,34.94343154,-89.83307273,red,Hydrant
31472980,Hydrant,Hydrant,34.94269594,-89.83305982,red,Hydrant
31472981,Hydrant,Hydrant,34.94207421,-89.83306881,red,Hydrant
31472982,Hydrant,Hydrant,34.94489950,-89.84430700,red,Hydrant
31472983,Hydrant,Hydrant,34.94404663,-89.84429461,red,Hydrant
31472984,Hydrant,Hydrant,34.94319117,-89.84428295,red,Hydrant
31472985,Hydrant,Hydrant,34.94276738,-89.84346245,red,Hydrant
31472986,Hydrant,Hydrant,34.94334508,-89.84270521,red,Hydrant
31472987,Hydrant,Hydrant,34.94510275,-89.84316050,red,Hydrant
31472988,Hydrant,Hydrant,34.94490174,-89.84271969,red,Hydrant
31472989,Hydrant,Hydrant,34.94633654,-89.83983223,red,Hydrant
31472990,Hydrant,Hydrant,34.94449766,-89.83982587,red,Hydrant
31472991,Hydrant,Hydrant,34.94368051,-89.83981513,red,Hydrant
31472992,Hydrant,Hydrant,34.94277152,-89.83974237,red,Hydrant
31472993,Hydrant,Hydrant,34.94221473,-89.83971095,red,Hydrant
31472994,Hydrant,Hydrant,34.94247357,-89.84178613,red,Hydrant
31472995,Hydrant,Hydrant,34.94317381,-89.84190360,red,Hydrant
31472996,Hydrant,Hydrant,34.94453329,-89.84226045,red,Hydrant
31472997,Hydrant,Hydrant,34.94556516,-89.84193278,red,Hydrant
31472998,Hydrant,Hydrant,34.94612614,-89.84193812,red,Hydrant
31472999,Hydrant,Hydrant,34.94654610,-89.84139860,red,Hydrant
31473000,Hydrant,Hydrant,34.94655628,-89.84037837,red,Hydrant
31473001,Hydrant,Hydrant,34.94731652,-89.84309872,red,Hydrant
31473002,Hydrant,Hydrant,34.94730530,-89.84410333,red,Hydrant
31473003,Hydrant,Hydrant,34.94649334,-89.84431438,red,Hydrant
31473004,Hydrant,Hydrant,34.94566807,-89.84430306,red,Hydrant
31473005,Hydrant,Hydrant,34.94517862,-89.84381935,red,Hydrant
31473006,Hydrant,Hydrant,34.94519120,-89.84291673,red,Hydrant
31473007,Hydrant,Hydrant,34.94576954,-89.84273254,red,Hydrant
31473008,Hydrant,Hydrant,34.94659481,-89.84274500,red,Hydrant
31473009,Hydrant,Hydrant,34.93906132,-89.83626474,red,Hydrant
31473010,Hydrant,Hydrant,34.94046722,-89.83263270,red,Hydrant
31473011,Hydrant,Hydrant,34.94058115,-89.83249878,red,Hydrant
31473012,Hydrant,Hydrant,34.94109320,-89.83232044,red,Hydrant
31473013,Hydrant,Hydrant,34.94148163,-89.83339842,red,Hydrant
31473014,Hydrant,Hydrant,34.94147218,-89.83429057,red,Hydrant
31473015,Hydrant,Hydrant,34.94124801,-89.83458591,red,Hydrant
31473016,Hydrant,Hydrant,34.94083125,-89.83473904,red,Hydrant
31473017,Hydrant,Hydrant,34.94044752,-89.83450966,red,Hydrant
31473018,Hydrant,Hydrant,34.94045678,-89.83357263,red,Hydrant
31473019,Hydrant,Hydrant,34.97706232,-89.85211203,red,Hydrant
31473020,Hydrant,Hydrant,34.97610585,-89.85244623,red,Hydrant
31473021,Hydrant,Hydrant,34.97680984,-89.85125169,red,Hydrant
31473022,Hydrant,Hydrant,34.97584045,-89.85146020,red,Hydrant
31473023,Hydrant,Hydrant,34.96243904,-89.77933272,red,Hydrant
31473024,Hydrant,Hydrant,34.96244293,-89.78110330,red,Hydrant
31473025,Hydrant,Hydrant,34.96243089,-89.78262240,red,Hydrant
31473026,Hydrant,Hydrant,34.96253722,-89.78408753,red,Hydrant
31473027,Hydrant,Hydrant,34.96381106,-89.78482939,red,Hydrant
31473028,Hydrant,Hydrant,34.96842811,-89.78042746,red,Hydrant
31473029,Hydrant,Hydrant,34.96919133,-89.78043102,red,Hydrant
31473030,Hydrant,Hydrant,34.97001417,-89.78043274,red,Hydrant
31473031,Hydrant,Hydrant,34.97076939,-89.78025237,red,Hydrant
31473032,Hydrant,Hydrant,34.97051172,-89.77814190,red,Hydrant
31473033,Hydrant,Hydrant,34.96969012,-89.77814889,red,Hydrant
31473034,Hydrant,Hydrant,34.96886487,-89.77814142,red,Hydrant
31473035,Hydrant,Hydrant,34.96813819,-89.77830423,red,Hydrant
31473036,Hydrant,Hydrant,34.96735531,-89.77791403,red,Hydrant
31473037,Hydrant,Hydrant,34.96836481,-89.77779609,red,Hydrant
31473038,Hydrant,Hydrant,34.97457256,-89.77780003,red,Hydrant
31473039,Hydrant,Hydrant,34.97937490,-89.77780141,red,Hydrant
31473040,Hydrant,Hydrant,34.98029153,-89.77781695,red,Hydrant
31473041,Hydrant,Hydrant,34.98098297,-89.77782300,red,Hydrant
31473042,Hydrant,Hydrant,34.98177102,-89.77783275,red,Hydrant
31473043,Hydrant,Hydrant,34.98262395,-89.77784438,red,Hydrant
31473044,Hydrant,Hydrant,34.98342869,-89.77795833,red,Hydrant
31473045,Hydrant,Hydrant,34.98378758,-89.77862474,red,Hydrant
31473046,Hydrant,Hydrant,34.98464022,-89.77787751,red,Hydrant
31473047,Hydrant,Hydrant,34.98558959,-89.77863738,red,Hydrant
31473048,Hydrant,Hydrant,34.97278592,-89.79145857,red,Hydrant
31473049,Hydrant,Hydrant,34.97278068,-89.79255747,red,Hydrant
31473050,Hydrant,Hydrant,34.97278739,-89.79366209,red,Hydrant
31473051,Hydrant,Hydrant,34.97871961,-89.80064644,red,Hydrant
31473052,Hydrant,Hydrant,34.97871126,-89.80200609,red,Hydrant
31473053,Hydrant,Hydrant,34.97871122,-89.80297972,red,Hydrant
31473054,Hydrant,Hydrant,34.97868838,-89.80463387,red,Hydrant
31473055,Hydrant,Hydrant,34.97868111,-89.80597844,red,Hydrant
31473056,Hydrant,Hydrant,34.97868097,-89.80731964,red,Hydrant
31473057,Hydrant,Hydrant,34.98003556,-89.80573171,red,Hydrant
31473058,Hydrant,Hydrant,34.98024556,-89.80302242,red,Hydrant
31473059,Hydrant,Hydrant,34.98006529,-89.80734824,red,Hydrant
31473060,Hydrant,Hydrant,34.98255238,-89.77864913,red,Hydrant
31473061,Hydrant,Hydrant,34.98272910,-89.77935211,red,Hydrant
31473062,Hydrant,Hydrant,34.98269225,-89.78063465,red,Hydrant
31473063,Hydrant,Hydrant,34.98255712,-89.78175759,red,Hydrant
31473064,Hydrant,Hydrant,34.98253718,-89.78319823,red,Hydrant
31473065,Hydrant,Hydrant,34.98224242,-89.78420430,red,Hydrant
31473066,Hydrant,Hydrant,34.98114889,-89.78420290,red,Hydrant
31473067,Hydrant,Hydrant,34.98063859,-89.78369630,red,Hydrant
31473068,Hydrant,Hydrant,34.98063770,-89.78113325,red,Hydrant
31473069,Hydrant,Hydrant,34.98066115,-89.77862682,red,Hydrant
31473070,Hydrant,Hydrant,34.98145132,-89.77863874,red,Hydrant
31473071,Hydrant,Hydrant,34.98376423,-89.77976242,red,Hydrant
31473072,Hydrant,Hydrant,34.98375824,-89.78095986,red,Hydrant
31473073,Hydrant,Hydrant,34.98375422,-89.78217467,red,Hydrant
31473074,Hydrant,Hydrant,34.98387521,-89.78366278,red,Hydrant
31473075,Hydrant,Hydrant,34.98471879,-89.78403242,red,Hydrant
31473076,Hydrant,Hydrant,34.98555086,-89.78370404,red,Hydrant
31473077,Hydrant,Hydrant,34.98574157,-89.78221207,red,Hydrant
31473078,Hydrant,Hydrant,34.98572984,-89.77984279,red,Hydrant
31473079,Hydrant,Hydrant,34.99303783,-89.78082649,red,Hydrant
31473080,Hydrant,Hydrant,34.99185569,-89.77810213,red,Hydrant
31473081,Hydrant,Hydrant,34.98688237,-89.78058392,red,Hydrant
31473082,Hydrant,Hydrant,34.99206231,-89.78109854,red,Hydrant
31473083,Hydrant,Hydrant,34.98818459,-89.76967625,red,Hydrant
31473084,Hydrant,Hydrant,34.98736793,-89.76967026,red,Hydrant
31473085,Hydrant,Hydrant,34.98653982,-89.76966202,red,Hydrant
31473086,Hydrant,Hydrant,34.98571743,-89.76965143,red,Hydrant
31473087,Hydrant,Hydrant,34.98483761,-89.76939781,red,Hydrant
31473088,Hydrant,Hydrant,34.98468219,-89.76859326,red,Hydrant
31473089,Hydrant,Hydrant,34.98469219,-89.76787336,red,Hydrant
31473090,Hydrant,Hydrant,34.98479794,-89.76722698,red,Hydrant
31473091,Hydrant,Hydrant,34.98552477,-89.76699825,red,Hydrant
31473092,Hydrant,Hydrant,34.98579669,-89.76700450,red,Hydrant
31473093,Hydrant,Hydrant,34.98633763,-89.76700773,red,Hydrant
31473094,Hydrant,Hydrant,34.98713328,-89.76701152,red,Hydrant
31473095,Hydrant,Hydrant,34.98879524,-89.76703253,red,Hydrant
31473096,Hydrant,Hydrant,34.98801371,-89.76702173,red,Hydrant
31473097,Hydrant,Hydrant,34.99254197,-89.76056699,red,Hydrant
31473098,Hydrant,Hydrant,34.99432832,-89.76254099,red,Hydrant
31473099,Hydrant,Hydrant,34.99461999,-89.76157385,red,Hydrant
31473100,Hydrant,Hydrant,34.99411831,-89.76048703,red,Hydrant
31473101,Hydrant,Hydrant,34.99119044,-89.75806849,red,Hydrant
31473102,Hydrant,Hydrant,34.99145748,-89.80403732,red,Hydrant
31473103,Hydrant,Hydrant,34.99238822,-89.80403567,red,Hydrant
31473104,Hydrant,Hydrant,34.99293396,-89.80377451,red,Hydrant
31473105,Hydrant,Hydrant,34.99378518,-89.80382011,red,Hydrant
31473106,Hydrant,Hydrant,34.99428933,-89.80316758,red,Hydrant
31473107,Hydrant,Hydrant,34.99055552,-89.80207053,red,Hydrant
31473108,Hydrant,Hydrant,34.99148780,-89.80175295,red,Hydrant
31473109,Hydrant,Hydrant,34.99318864,-89.80178717,red,Hydrant
31473110,Hydrant,Hydrant,34.97469305,-89.85100467,red,Hydrant
31473111,Hydrant,Hydrant,34.97469846,-89.85208696,red,Hydrant
31473112,Hydrant,Hydrant,34.93511003,-89.89020370,red,Hydrant
31473113,Hydrant,Hydrant,34.92950232,-89.80285743,red,Hydrant
31473114,Hydrant,Hydrant,34.93225955,-89.91897932,red,Hydrant
31473115,Hydrant,Hydrant,34.92682956,-89.91308408,red,Hydrant
31473116,Hydrant,Hydrant,34.92819566,-89.91280796,red,Hydrant
31473117,Hydrant,Hydrant,34.92892006,-89.91386557,red,Hydrant
31473118,Hydrant,Hydrant,34.92944817,-89.91464248,red,Hydrant
31473119,Hydrant,Hydrant,34.92926877,-89.91283944,red,Hydrant
31473120,Hydrant,Hydrant,34.92976933,-89.91302489,red,Hydrant
31473121,Hydrant,Hydrant,34.92750856,-89.91109789,red,Hydrant
31473122,Hydrant,Hydrant,34.92825364,-89.91114317,red,Hydrant
31473123,Hydrant,Hydrant,34.92895446,-89.91063090,red,Hydrant
31473124,Hydrant,Hydrant,34.92658129,-89.91128493,red,Hydrant
31473125,Hydrant,Hydrant,34.92610979,-89.91180792,red,Hydrant
31473126,Hydrant,Hydrant,34.92537694,-89.91195173,red,Hydrant
31473127,Hydrant,Hydrant,34.92486434,-89.91271437,red,Hydrant
31473128,Hydrant,Hydrant,34.92403640,-89.91299168,red,Hydrant
31473129,Hydrant,Hydrant,34.92432588,-89.91353596,red,Hydrant
31473130,Hydrant,Hydrant,34.93029749,-89.91416254,red,Hydrant
31473131,Hydrant,Hydrant,34.93017346,-89.91516241,red,Hydrant
31473132,Hydrant,Hydrant,34.96368280,-89.87636119,red,Hydrant
31473133,Hydrant,Hydrant,34.95728335,-89.86654630,red,Hydrant
31473134,Hydrant,Hydrant,34.95788414,-89.86796627,red,Hydrant
31473135,Hydrant,Hydrant,34.95716460,-89.86785053,red,Hydrant
31473136,Hydrant,Hydrant,34.95642987,-89.86703950,red,Hydrant
31473137,Hydrant,Hydrant,34.95580773,-89.86616441,red,Hydrant
31473138,Hydrant,Hydrant,34.96236259,-89.84276399,red,Hydrant
31473139,Hydrant,Hydrant,34.96290185,-89.84399629,red,Hydrant
31473140,Hydrant,Hydrant,34.96336895,-89.84278330,red,Hydrant
31473141,Hydrant,Hydrant,34.97652283,-89.77447819,red,Hydrant
31473142,Hydrant,Hydrant,34.97651999,-89.77552018,red,Hydrant
31473143,Hydrant,Hydrant,34.97652852,-89.77343617,red,Hydrant
31473144,Hydrant,Hydrant,34.97653230,-89.77239532,red,Hydrant
31473145,Hydrant,Hydrant,34.97653512,-89.77135332,red,Hydrant
31473146,Hydrant,Hydrant,34.97653983,-89.77031131,red,Hydrant
31473147,Hydrant,Hydrant,34.97654549,-89.76926929,red,Hydrant
31473148,Hydrant,Hydrant,34.97587772,-89.76864441,red,Hydrant
31473149,Hydrant,Hydrant,34.97506404,-89.76863991,red,Hydrant
31473150,Hydrant,Hydrant,34.97436936,-89.76927054,red,Hydrant
31473151,Hydrant,Hydrant,34.97437237,-89.77030421,red,Hydrant
31473152,Hydrant,Hydrant,34.97436642,-89.77134519,red,Hydrant
31473153,Hydrant,Hydrant,34.97436361,-89.77238832,red,Hydrant
31473154,Hydrant,Hydrant,34.97435793,-89.77446763,red,Hydrant
31473155,Hydrant,Hydrant,34.97435885,-89.77342451,red,Hydrant
31473156,Hydrant,Hydrant,34.97435129,-89.77551310,red,Hydrant
31473157,Hydrant,Hydrant,34.97449468,-89.77651242,red,Hydrant
31473158,Hydrant,Hydrant,34.97601337,-89.77701443,red,Hydrant
31473159,Hydrant,Hydrant,34.97533481,-89.77700888,red,Hydrant
31473160,Hydrant,Hydrant,34.97240183,-89.77184866,red,Hydrant
31473161,Hydrant,Hydrant,34.97322109,-89.77185248,red,Hydrant
31473162,Hydrant,Hydrant,34.97378431,-89.77257374,red,Hydrant
31473163,Hydrant,Hydrant,34.97356281,-89.77354446,red,Hydrant
31473164,Hydrant,Hydrant,34.97355403,-89.77519918,red,Hydrant
31473165,Hydrant,Hydrant,34.97174310,-89.77597286,red,Hydrant
31473166,Hydrant,Hydrant,34.97145333,-89.77531386,red,Hydrant
31473167,Hydrant,Hydrant,34.97145753,-89.77435913,red,Hydrant
31473168,Hydrant,Hydrant,34.97146101,-89.77335485,red,Hydrant
31473169,Hydrant,Hydrant,34.97176644,-89.77244438,red,Hydrant
31473170,Hydrant,Hydrant,34.97397702,-89.77690142,red,Hydrant
31473171,Hydrant,Hydrant,34.97397926,-89.77589612,red,Hydrant
31473172,Hydrant,Hydrant,34.97397900,-89.77489658,red,Hydrant
31473173,Hydrant,Hydrant,34.97398208,-89.77389710,red,Hydrant
31473174,Hydrant,Hydrant,34.97398695,-89.77289620,red,Hydrant
31473175,Hydrant,Hydrant,34.97399216,-89.77189502,red,Hydrant
31473176,Hydrant,Hydrant,34.97399330,-89.77089523,red,Hydrant
31473177,Hydrant,Hydrant,34.97399664,-89.76989393,red,Hydrant
31473178,Hydrant,Hydrant,34.97400000,-89.76889171,red,Hydrant
31473179,Hydrant,Hydrant,34.96468507,-89.83014221,red,Hydrant
31473180,Hydrant,Hydrant,34.96621035,-89.82008779,red,Hydrant
31473181,Hydrant,Hydrant,34.96520699,-89.82008801,red,Hydrant
31473182,Hydrant,Hydrant,34.96621288,-89.81911982,red,Hydrant
31473183,Hydrant,Hydrant,34.96427851,-89.82018165,red,Hydrant
31473184,Hydrant,Hydrant,34.90848645,-89.86072582,red,Hydrant
31473185,Hydrant,Hydrant,34.91878131,-89.83083875,red,Hydrant
31473186,Hydrant,Hydrant,34.91838646,-89.83642581,red,Hydrant
31473187,Hydrant,Hydrant,34.91744645,-89.85523582,red,Hydrant
31473188,Hydrant,Hydrant,34.90773645,-89.85454582,red,Hydrant
31473189,Hydrant,Hydrant,34.90883246,-89.83476252,red,Hydrant
31473190,Hydrant,Hydrant,34.90718733,-89.84555129,red,Hydrant
31473191,Hydrant,Hydrant,34.90740645,-89.83854581,red,Hydrant
31473192,Hydrant,Hydrant,34.90829645,-89.83535581,red,Hydrant
31473193,Hydrant,Hydrant,34.90816275,-89.83204240,red,Hydrant
31473194,Hydrant,Hydrant,34.90679645,-89.84906582,red,Hydrant
31473195,Hydrant,Hydrant,34.91796646,-89.83784581,red,Hydrant
31473196,Hydrant,Hydrant,34.91791587,-89.83572290,red,Hydrant
31473197,Hydrant,Hydrant,34.91651645,-89.83567581,red,Hydrant
31473198,Hydrant,Hydrant,34.91678645,-89.83778581,red,Hydrant
31473199,Hydrant,Hydrant,34.91792412,-89.83993027,red,Hydrant
31473200,Hydrant,Hydrant,34.91719645,-89.84272581,red,Hydrant
31473201,Hydrant,Hydrant,34.91645646,-89.84142581,red,Hydrant
31473202,Hydrant,Hydrant,34.91649645,-89.84005581,red,Hydrant
31473203,Hydrant,Hydrant,34.91558645,-89.83663581,red,Hydrant
31473204,Hydrant,Hydrant,34.91552766,-89.83837960,red,Hydrant
31473205,Hydrant,Hydrant,34.91450446,-89.83996558,red,Hydrant
31473206,Hydrant,Hydrant,34.91357697,-89.84122960,red,Hydrant
31473207,Hydrant,Hydrant,34.91274446,-89.84207278,red,Hydrant
31473208,Hydrant,Hydrant,34.91252645,-89.84045581,red,Hydrant
31473209,Hydrant,Hydrant,34.91107645,-89.83984581,red,Hydrant
31473210,Hydrant,Hydrant,34.90946645,-89.83982581,red,Hydrant
31473211,Hydrant,Hydrant,34.90796557,-89.83974363,red,Hydrant
31473212,Hydrant,Hydrant,34.90820645,-89.84141581,red,Hydrant
31473213,Hydrant,Hydrant,34.90963654,-89.84115068,red,Hydrant
31473214,Hydrant,Hydrant,34.91079645,-89.84119581,red,Hydrant
31473215,Hydrant,Hydrant,34.91192776,-89.84173960,red,Hydrant
31473216,Hydrant,Hydrant,34.91243502,-89.84320753,red,Hydrant
31473217,Hydrant,Hydrant,34.91302766,-89.84482987,red,Hydrant
31473218,Hydrant,Hydrant,34.91299182,-89.84678551,red,Hydrant
31473219,Hydrant,Hydrant,34.91424645,-89.84583582,red,Hydrant
31473220,Hydrant,Hydrant,34.91428645,-89.84401581,red,Hydrant
31473221,Hydrant,Hydrant,34.91476676,-89.84272643,red,Hydrant
31473222,Hydrant,Hydrant,34.91603855,-89.84275715,red,Hydrant
31473223,Hydrant,Hydrant,34.91526646,-89.84133581,red,Hydrant
31473224,Hydrant,Hydrant,34.91589646,-89.83929581,red,Hydrant
31473225,Hydrant,Hydrant,34.90776251,-89.84695892,red,Hydrant
31473226,Hydrant,Hydrant,34.90915831,-89.84700336,red,Hydrant
31473227,Hydrant,Hydrant,34.91017645,-89.84699582,red,Hydrant
31473228,Hydrant,Hydrant,34.92761037,-89.84745580,red,Hydrant
31473229,Hydrant,Hydrant,34.92681887,-89.84655479,red,Hydrant
31473230,Hydrant,Hydrant,34.92611701,-89.84558315,red,Hydrant
31473231,Hydrant,Hydrant,34.92699100,-89.84444694,red,Hydrant
31473232,Hydrant,Hydrant,34.92587219,-89.84431805,red,Hydrant
31473233,Hydrant,Hydrant,34.92509473,-89.84455013,red,Hydrant
31473234,Hydrant,Hydrant,34.92560007,-89.84695779,red,Hydrant
31473235,Hydrant,Hydrant,34.92440179,-89.84642899,red,Hydrant
31473236,Hydrant,Hydrant,34.92335353,-89.84650990,red,Hydrant
31473237,Hydrant,Hydrant,34.92180238,-89.84712619,red,Hydrant
31473238,Hydrant,Hydrant,34.92264617,-89.84625029,red,Hydrant
31473239,Hydrant,Hydrant,34.92422294,-89.84458059,red,Hydrant
31473240,Hydrant,Hydrant,34.92283788,-89.84451602,red,Hydrant
31473241,Hydrant,Hydrant,34.91961287,-89.84435161,red,Hydrant
31473242,Hydrant,Hydrant,34.91988941,-89.84535174,red,Hydrant
31473243,Hydrant,Hydrant,34.91969552,-89.84665431,red,Hydrant
31473244,Hydrant,Hydrant,34.92079332,-89.84596860,red,Hydrant
31473245,Hydrant,Hydrant,34.91879832,-89.84524337,red,Hydrant
31473246,Hydrant,Hydrant,34.92085371,-89.84437157,red,Hydrant
31473247,Hydrant,Hydrant,34.91378686,-89.83083845,red,Hydrant
31473248,Hydrant,Hydrant,34.91390326,-89.83206423,red,Hydrant
31473249,Hydrant,Hydrant,34.91416646,-89.83318581,red,Hydrant
31473250,Hydrant,Hydrant,34.91389645,-89.83667581,red,Hydrant
31473251,Hydrant,Hydrant,34.91307742,-89.83800987,red,Hydrant
31473252,Hydrant,Hydrant,34.91230645,-89.83775581,red,Hydrant
31473253,Hydrant,Hydrant,34.91201314,-89.83532918,red,Hydrant
31473254,Hydrant,Hydrant,34.91232645,-89.83307581,red,Hydrant
31473255,Hydrant,Hydrant,34.91261950,-89.83169941,red,Hydrant
31473256,Hydrant,Hydrant,34.92235176,-89.84284791,red,Hydrant
31473257,Hydrant,Hydrant,34.92167783,-89.84176915,red,Hydrant
31473258,Hydrant,Hydrant,34.91979042,-89.84040123,red,Hydrant
31473259,Hydrant,Hydrant,34.91899760,-89.84164264,red,Hydrant
31473260,Hydrant,Hydrant,34.91995544,-89.84171323,red,Hydrant
31473261,Hydrant,Hydrant,34.91939133,-89.84289893,red,Hydrant
31473262,Hydrant,Hydrant,34.92119484,-89.84294062,red,Hydrant
31473263,Hydrant,Hydrant,34.92150866,-89.83791297,red,Hydrant
31473264,Hydrant,Hydrant,34.91986486,-89.83874700,red,Hydrant
31473265,Hydrant,Hydrant,34.91944000,-89.83796579,red,Hydrant
31473266,Hydrant,Hydrant,34.91924107,-89.85319529,red,Hydrant
31473267,Hydrant,Hydrant,34.92062157,-89.85342842,red,Hydrant
31473268,Hydrant,Hydrant,34.92192203,-89.85337028,red,Hydrant
31473269,Hydrant,Hydrant,34.92360479,-89.85342819,red,Hydrant
31473270,Hydrant,Hydrant,34.92495574,-89.85329866,red,Hydrant
31473271,Hydrant,Hydrant,34.91913326,-89.85475233,red,Hydrant
31473272,Hydrant,Hydrant,34.92032930,-89.85476581,red,Hydrant
31473273,Hydrant,Hydrant,34.92311329,-89.85585247,red,Hydrant
31473274,Hydrant,Hydrant,34.92194702,-89.85582102,red,Hydrant
31473275,Hydrant,Hydrant,34.92492010,-89.85503687,red,Hydrant
31473276,Hydrant,Hydrant,34.92779945,-89.85322770,red,Hydrant
31473277,Hydrant,Hydrant,34.92689043,-89.85024070,red,Hydrant
31473278,Hydrant,Hydrant,34.92191019,-89.85079807,red,Hydrant
31473279,Hydrant,Hydrant,34.92664759,-89.85535834,red,Hydrant
31473280,Hydrant,Hydrant,34.92100646,-89.84020581,red,Hydrant
31473281,Hydrant,Hydrant,34.92885682,-89.86047626,red,Hydrant
31473282,Hydrant,Hydrant,34.93130115,-89.86077970,red,Hydrant
31473283,Hydrant,Hydrant,34.90550017,-89.84330950,red,Hydrant
31473284,Hydrant,Hydrant,34.93158234,-89.85825535,red,Hydrant
31473285,Hydrant,Hydrant,34.92936802,-89.89115032,red,Hydrant
31473286,Hydrant,Hydrant,34.92938973,-89.88751659,red,Hydrant
31473287,Hydrant,Hydrant,34.92682303,-89.88552900,red,Hydrant
31473288,Hydrant,Hydrant,34.93063707,-89.85802992,red,Hydrant
31473289,Hydrant,Hydrant,34.92939889,-89.85796102,red,Hydrant
31473290,Hydrant,Hydrant,34.95258068,-89.84459302,red,Hydrant
31473291,Hydrant,Hydrant,34.96547007,-89.79246736,red,Hydrant
31473292,Hydrant,Hydrant,34.96549786,-89.79126791,red,Hydrant
31473293,Hydrant,Hydrant,34.96332769,-89.79328761,red,Hydrant
31473294,Hydrant,Hydrant,34.96416352,-89.79329284,red,Hydrant
31473295,Hydrant,Hydrant,34.94301882,-89.80331911,red,Hydrant
31473296,Hydrant,Hydrant,34.92924289,-89.91889427,red,Hydrant
31473297,Hydrant,Hydrant,34.93144896,-89.91706681,red,Hydrant
31473298,Hydrant,Hydrant,34.96301079,-89.79104916,red,Hydrant
31473299,Hydrant,Hydrant,34.93879536,-89.80487139,red,Hydrant
31473300,Hydrant,Hydrant,34.96426447,-89.89611406,red,Hydrant
31473301,Hydrant,Hydrant,34.96381998,-89.79102709,red,Hydrant
31473302,Hydrant,Hydrant,34.96358254,-89.88841899,red,Hydrant
31473303,Hydrant,Hydrant,34.90480034,-89.84231653,red,Hydrant
31473304,Hydrant,Hydrant,34.90499748,-89.84438672,red,Hydrant
31473305,Hydrant,Hydrant,34.90685334,-89.84300922,red,Hydrant
31473306,Hydrant,Hydrant,34.93291938,-89.85799364,red,Hydrant
31473307,Hydrant,Hydrant,34.92834512,-89.83003214,red,Hydrant
31473308,Hydrant,Hydrant,34.96051556,-89.80977241,red,Hydrant
31473309,Hydrant,Hydrant,34.96812560,-89.86589600,red,Hydrant
31473310,Hydrant,Hydrant,34.96695791,-89.86585191,red,Hydrant
31473311,Hydrant,Hydrant,34.96215989,-89.81060281,red,Hydrant
31473312,Hydrant,Hydrant,34.94832868,-89.79681115,red,Hydrant
31473313,Hydrant,Hydrant,34.92679164,-89.86040651,red,Hydrant
31473314,Hydrant,Hydrant,34.95996941,-89.80247483,red,Hydrant
31473315,Hydrant,Hydrant,34.95943443,-89.82776911,red,Hydrant
31473316,Hydrant,Hydrant,34.95639275,-89.81406343,red,Hydrant
31473317,Hydrant,Hydrant,34.92065473,-89.89018956,red,Hydrant
31473318,Hydrant,Hydrant,34.95081245,-89.80999709,red,Hydrant
31473319,Hydrant,Hydrant,34.95146896,-89.80935621,red,Hydrant
31473320,Hydrant,Hydrant,34.94982671,-89.81081496,red,Hydrant
31473321,Hydrant,Hydrant,34.95056782,-89.81031513,red,Hydrant
31473322,Hydrant,Hydrant,34.93336549,-89.89237636,red,Hydrant
31473323,Hydrant,Hydrant,34.96437283,-89.81794782,red,Hydrant
31473324,Hydrant,Hydrant,34.96540519,-89.81766051,red,Hydrant
31473325,Hydrant,Hydrant,34.96620278,-89.81810036,red,Hydrant
31473326,Hydrant,Hydrant,34.92258214,-89.84055854,red,Hydrant
31473327,Hydrant,Hydrant,34.92370620,-89.83941360,red,Hydrant
31473328,Hydrant,Hydrant,34.92429161,-89.84044870,red,Hydrant
31473329,Hydrant,Hydrant,34.92335008,-89.84189111,red,Hydrant
31473330,Hydrant,Hydrant,34.92321247,-89.84091152,red,Hydrant
31473331,Hydrant,Hydrant,34.92215014,-89.83945479,red,Hydrant
31473332,Hydrant,Hydrant,34.92305086,-89.83847829,red,Hydrant
31473333,Hydrant,Hydrant,34.92432226,-89.83827998,red,Hydrant
31473334,Hydrant,Hydrant,34.92526412,-89.83964933,red,Hydrant
31473335,Hydrant,Hydrant,34.92525223,-89.84115631,red,Hydrant
31473336,Hydrant,Hydrant,34.92467935,-89.84273940,red,Hydrant
31473337,Hydrant,Hydrant,34.92378099,-89.84307417,red,Hydrant
31473338,Hydrant,Hydrant,34.92292538,-89.84367966,red,Hydrant
31473339,Hydrant,Hydrant,34.95283519,-89.78910693,red,Hydrant
31473340,Hydrant,Hydrant,34.95242152,-89.78704207,red,Hydrant
31473341,Hydrant,Hydrant,34.95238635,-89.78657090,red,Hydrant
31473342,Hydrant,Hydrant,34.95238965,-89.78530534,red,Hydrant
31473343,Hydrant,Hydrant,34.95239532,-89.78422888,red,Hydrant
31473344,Hydrant,Hydrant,34.95034207,-89.78327279,red,Hydrant
31473345,Hydrant,Hydrant,34.95033758,-89.78426375,red,Hydrant
31473346,Hydrant,Hydrant,34.95033355,-89.78560385,red,Hydrant
31473347,Hydrant,Hydrant,34.95032861,-89.78660521,red,Hydrant
31473348,Hydrant,Hydrant,34.95453253,-89.79529913,red,Hydrant
31473349,Hydrant,Hydrant,34.95451601,-89.79661094,red,Hydrant
31473350,Hydrant,Hydrant,34.95450571,-89.79802991,red,Hydrant
31473351,Hydrant,Hydrant,34.97312815,-89.85400208,red,Hydrant
31473352,Hydrant,Hydrant,34.97399870,-89.84820420,red,Hydrant
31473353,Hydrant,Hydrant,34.95092169,-89.75913453,red,Hydrant
31473354,Hydrant,Hydrant,34.95824065,-89.78424849,red,Hydrant
31473355,Hydrant,Hydrant,34.95905712,-89.78424648,red,Hydrant
31473356,Hydrant,Hydrant,34.97484576,-89.85887565,red,Hydrant
31473357,Hydrant,Hydrant,34.97340837,-89.85790470,red,Hydrant
31473358,Hydrant,Hydrant,34.97397102,-89.85684254,red,Hydrant
31473359,Hydrant,Hydrant,34.92998396,-89.83514028,red,Hydrant
31473360,Hydrant,Hydrant,34.92997942,-89.83936145,red,Hydrant
31473361,Hydrant,Hydrant,34.92965028,-89.83011110,red,Hydrant
31473362,Hydrant,Hydrant,34.96315654,-89.89405450,red,Hydrant
31473363,Hydrant,Hydrant,34.96338938,-89.81270262,red,Hydrant
31473364,Hydrant,Hydrant,34.93305300,-89.79507612,red,Hydrant
31473365,Hydrant,Hydrant,34.92524510,-89.89716996,red,Hydrant
31473366,Hydrant,Hydrant,34.99002525,-89.75968213,red,Hydrant
31473367,Hydrant,Hydrant,34.92735406,-89.82933808,red,Hydrant
31473368,Hydrant,Hydrant,34.92982399,-89.82907954,red,Hydrant
31473369,Hydrant,Hydrant,34.99142753,-89.82456819,red,Hydrant
31473370,Hydrant,Hydrant,34.92380337,-89.81962000,red,Hydrant
31473371,Hydrant,Hydrant,34.96694534,-89.90208604,red,Hydrant
31473372,Hydrant,Hydrant,34.96466431,-89.90686004,red,Hydrant
31473373,Hydrant,Hydrant,34.96809105,-89.90311031,red,Hydrant
31473374,Hydrant,Hydrant,34.96902519,-89.90314250,red,Hydrant
31473375,Hydrant,Hydrant,34.96922301,-89.90208839,red,Hydrant
31473376,Hydrant,Hydrant,34.91943909,-89.85602996,red,Hydrant
31473377,Hydrant,Hydrant,34.97828684,-89.89913578,red,Hydrant
31473378,Hydrant,Hydrant,34.96139840,-89.90098384,red,Hydrant
31473379,Hydrant,Hydrant,34.97945684,-89.89955437,red,Hydrant
31473380,Hydrant,Hydrant,34.97781103,-89.90007573,red,Hydrant
31473381,Hydrant,Hydrant,34.97781577,-89.90109413,red,Hydrant
31473382,Hydrant,Hydrant,34.97850462,-89.89767096,red,Hydrant
31473383,Hydrant,Hydrant,34.97730122,-89.89713292,red,Hydrant
31473384,Hydrant,Hydrant,34.97947271,-89.89805527,red,Hydrant
31473385,Hydrant,Hydrant,34.96218343,-89.80021613,red,Hydrant
31473386,Hydrant,Hydrant,34.92097212,-89.85058537,red,Hydrant
31473387,Hydrant,Hydrant,34.96919993,-89.90397021,red,Hydrant
31473388,Hydrant,Hydrant,34.96917397,-89.90565397,red,Hydrant
31473389,Hydrant,Hydrant,34.96914114,-89.91041489,red,Hydrant
31473390,Hydrant,Hydrant,34.96802044,-89.90704871,red,Hydrant
31473391,Hydrant,Hydrant,34.96805080,-89.90522330,red,Hydrant
31473392,Hydrant,Hydrant,34.91834998,-89.84859756,red,Hydrant
31473393,Hydrant,Hydrant,34.94157965,-89.81873967,red,Hydrant
31473394,Hydrant,Hydrant,34.94541431,-89.81432576,red,Hydrant
31473395,Hydrant,Hydrant,34.96716130,-89.87359192,red,Hydrant
31473396,Hydrant,Hydrant,34.97659343,-89.85979623,red,Hydrant
31473397,Hydrant,Hydrant,34.97585070,-89.85358399,red,Hydrant
31473398,Hydrant,Hydrant,34.92881127,-89.85779473,red,Hydrant
31473399,Hydrant,Hydrant,34.92822319,-89.85909572,red,Hydrant
31473400,Hydrant,Hydrant,34.92790309,-89.86030322,red,Hydrant
31473401,Hydrant,Hydrant,34.92680148,-89.85910528,red,Hydrant
31473402,Hydrant,Hydrant,34.92675737,-89.85825518,red,Hydrant
31473403,Hydrant,Hydrant,34.92977723,-89.86052618,red,Hydrant
31473404,Hydrant,Hydrant,34.93011368,-89.85914685,red,Hydrant
31473405,Hydrant,Hydrant,34.93058096,-89.86065191,red,Hydrant
31473406,Hydrant,Hydrant,34.93160569,-89.85971280,red,Hydrant
31473407,Hydrant,Hydrant,34.97229292,-89.90153564,red,Hydrant
31473408,Hydrant,Hydrant,34.97229477,-89.90335302,red,Hydrant
31473409,Hydrant,Hydrant,34.97230141,-89.90476687,red,Hydrant
31473410,Hydrant,Hydrant,34.97223559,-89.90575386,red,Hydrant
31473411,Hydrant,Hydrant,34.91882746,-89.80000385,red,Hydrant
31473412,Hydrant,Hydrant,34.92631186,-89.80195467,red,Hydrant
31473413,Hydrant,Hydrant,34.92632396,-89.80335042,red,Hydrant
31473414,Hydrant,Hydrant,34.98983956,-89.77571251,red,Hydrant
31473415,Hydrant,Hydrant,34.91900601,-89.84715268,red,Hydrant
31473416,Hydrant,Hydrant,34.93015452,-89.79522818,red,Hydrant
31473417,Hydrant,Hydrant,34.92023982,-89.84765694,red,Hydrant
31473418,Hydrant,Hydrant,34.92098657,-89.84740448,red,Hydrant
31473419,Hydrant,Hydrant,34.96624337,-89.87353986,red,Hydrant
31473420,Hydrant,Hydrant,34.96313058,-89.87610315,red,Hydrant
31473421,Hydrant,Hydrant,34.96321081,-89.87535515,red,Hydrant
31473422,Hydrant,Hydrant,34.95827275,-89.87364666,red,Hydrant
31473423,Hydrant,Hydrant,34.95723517,-89.87378077,red,Hydrant
31473424,Hydrant,Hydrant,34.95061201,-89.87425553,red,Hydrant
31473425,Hydrant,Hydrant,34.96439940,-89.90154921,red,Hydrant
31473426,Hydrant,Hydrant,34.95990916,-89.82348927,red,Hydrant
31473427,Hydrant,Hydrant,34.92183262,-89.84478350,red,Hydrant
31473428,Hydrant,Hydrant,34.95805845,-89.83283450,red,Hydrant
31473429,Hydrant,Hydrant,34.95824684,-89.83199138,red,Hydrant
31473430,Hydrant,Hydrant,34.95921587,-89.83202462,red,Hydrant
31473431,Hydrant,Hydrant,34.94775723,-89.83739198,red,Hydrant
31473432,Hydrant,Hydrant,34.94779112,-89.84023548,red,Hydrant
31473433,Hydrant,Hydrant,34.94943252,-89.83249761,red,Hydrant
31473434,Hydrant,Hydrant,34.99389475,-89.81448320,red,Hydrant
31473435,Hydrant,Hydrant,34.98121010,-89.81350857,red,Hydrant
31473436,Hydrant,Hydrant,34.95798631,-89.86696119,red,Hydrant
31473437,Hydrant,Hydrant,34.93797846,-89.82353622,red,Hydrant
31473438,Hydrant,Hydrant,34.95544639,-89.85488017,red,Hydrant
31473439,Hydrant,Hydrant,34.95481080,-89.85564460,red,Hydrant
31473440,Hydrant,Hydrant,34.95451320,-89.85626486,red,Hydrant
31473441,Hydrant,Hydrant,34.95412051,-89.85730723,red,Hydrant
31473442,Hydrant,Hydrant,34.95398875,-89.85826713,red,Hydrant
31473443,Hydrant,Hydrant,34.95376080,-89.85658404,red,Hydrant
31473444,Hydrant,Hydrant,34.97521911,-89.81125572,red,Hydrant
31473445,Hydrant,Hydrant,34.97615674,-89.79942986,red,Hydrant
31473446,Hydrant,Hydrant,34.97667102,-89.79915627,red,Hydrant
31473447,Hydrant,Hydrant,34.97639630,-89.79762205,red,Hydrant
31473448,Hydrant,Hydrant,34.97531746,-89.79941376,red,Hydrant
31473449,Hydrant,Hydrant,34.97433916,-89.79946808,red,Hydrant
31473450,Hydrant,Hydrant,34.97341826,-89.79948350,red,Hydrant
31473451,Hydrant,Hydrant,34.97160831,-89.80166615,red,Hydrant
31473452,Hydrant,Hydrant,34.97129017,-89.80093256,red,Hydrant
31473453,Hydrant,Hydrant,34.97251769,-89.80155282,red,Hydrant
31473454,Hydrant,Hydrant,34.97250670,-89.80341763,red,Hydrant
31473455,Hydrant,Hydrant,34.97303364,-89.80042361,red,Hydrant
31473456,Hydrant,Hydrant,34.97344958,-89.79554266,red,Hydrant
31473457,Hydrant,Hydrant,34.97438751,-89.79574651,red,Hydrant
31473458,Hydrant,Hydrant,34.97467872,-89.79665712,red,Hydrant
31473459,Hydrant,Hydrant,34.97510290,-89.79762004,red,Hydrant
31473460,Hydrant,Hydrant,34.97468257,-89.79771358,red,Hydrant
31473461,Hydrant,Hydrant,34.97467817,-89.79871907,red,Hydrant
31473462,Hydrant,Hydrant,34.97328529,-89.79735181,red,Hydrant
31473463,Hydrant,Hydrant,34.96583124,-89.83344056,red,Hydrant
31473464,Hydrant,Hydrant,34.92216676,-89.90822284,red,Hydrant
31473465,Hydrant,Hydrant,34.97797511,-89.79546153,red,Hydrant
31473466,Hydrant,Hydrant,34.96518498,-89.81523310,red,Hydrant
31473467,Hydrant,Hydrant,34.99318664,-89.80179422,red,Hydrant
31473468,Hydrant,Hydrant,34.96273986,-89.74232227,red,Hydrant
31473469,Hydrant,Hydrant,34.94099627,-89.84842066,red,Hydrant
31473470,Hydrant,Hydrant,34.97274614,-89.79068336,red,Hydrant
31473471,Hydrant,Hydrant,34.96510979,-89.78382609,red,Hydrant
31473472,Hydrant,Hydrant,34.96510810,-89.77902011,red,Hydrant
31473473,Hydrant,Hydrant,34.96485702,-89.77793622,red,Hydrant
31473474,Hydrant,Hydrant,34.96383171,-89.77794667,red,Hydrant
31473475,Hydrant,Hydrant,34.98159201,-89.77613715,red,Hydrant
31473476,Hydrant,Hydrant,34.98232271,-89.77581170,red,Hydrant
31473477,Hydrant,Hydrant,34.98342863,-89.77586101,red,Hydrant
31473478,Hydrant,Hydrant,34.98314549,-89.77756917,red,Hydrant
31473479,Hydrant,Hydrant,34.98190245,-89.77754338,red,Hydrant
31473480,Hydrant,Hydrant,34.98973929,-89.76051957,red,Hydrant
31473481,Hydrant,Hydrant,34.99049372,-89.76048185,red,Hydrant
31473482,Hydrant,Hydrant,34.99106330,-89.76028893,red,Hydrant
31473483,Hydrant,Hydrant,34.99169489,-89.76090473,red,Hydrant
31473484,Hydrant,Hydrant,34.99207938,-89.76171999,red,Hydrant
31473485,Hydrant,Hydrant,34.99229989,-89.76268242,red,Hydrant
31473486,Hydrant,Hydrant,34.99255203,-89.76458816,red,Hydrant
31473487,Hydrant,Hydrant,34.99044200,-89.76529627,red,Hydrant
31473488,Hydrant,Hydrant,34.99022335,-89.76433967,red,Hydrant
31473489,Hydrant,Hydrant,34.99000178,-89.76337324,red,Hydrant
31473490,Hydrant,Hydrant,34.98980309,-89.76240435,red,Hydrant
31473491,Hydrant,Hydrant,34.98970479,-89.76138356,red,Hydrant
31473492,Hydrant,Hydrant,34.99184675,-89.78156263,red,Hydrant
31473493,Hydrant,Hydrant,34.99051716,-89.78154622,red,Hydrant
31473494,Hydrant,Hydrant,34.98798842,-89.78153566,red,Hydrant
31473495,Hydrant,Hydrant,34.98678275,-89.78152418,red,Hydrant
31473496,Hydrant,Hydrant,34.98653803,-89.78396663,red,Hydrant
31473497,Hydrant,Hydrant,34.98771680,-89.78422538,red,Hydrant
31473498,Hydrant,Hydrant,34.96488448,-89.85214215,red,Hydrant
31473499,Hydrant,Hydrant,34.96555090,-89.85275537,red,Hydrant
31473500,Hydrant,Hydrant,34.96608310,-89.85253931,red,Hydrant
31473501,Hydrant,Hydrant,34.96596788,-89.85145178,red,Hydrant
31473502,Hydrant,Hydrant,34.96453829,-89.85126980,red,Hydrant
31473503,Hydrant,Hydrant,34.96675308,-89.84453424,red,Hydrant
31473504,Hydrant,Hydrant,34.96778669,-89.84195505,red,Hydrant
31473505,Hydrant,Hydrant,34.96654756,-89.83317663,red,Hydrant
31473506,Hydrant,Hydrant,34.97700943,-89.86907264,red,Hydrant
31473507,Hydrant,Hydrant,34.97726883,-89.87025244,red,Hydrant
31473508,Hydrant,Hydrant,34.97752699,-89.87143758,red,Hydrant
31473509,Hydrant,Hydrant,34.97778824,-89.87262154,red,Hydrant
31473510,Hydrant,Hydrant,34.97803062,-89.87267710,red,Hydrant
31473511,Hydrant,Hydrant,34.97849900,-89.87297485,red,Hydrant
31473512,Hydrant,Hydrant,34.97989953,-89.87252253,red,Hydrant
31473513,Hydrant,Hydrant,34.97996836,-89.87128570,red,Hydrant
31473514,Hydrant,Hydrant,34.97973050,-89.87020329,red,Hydrant
31473515,Hydrant,Hydrant,34.97949018,-89.86910133,red,Hydrant
31473516,Hydrant,Hydrant,34.97822000,-89.86769153,red,Hydrant
31473517,Hydrant,Hydrant,34.97733628,-89.86798340,red,Hydrant
31473518,Hydrant,Hydrant,34.98149636,-89.87138350,red,Hydrant
31473519,Hydrant,Hydrant,34.98218834,-89.87146829,red,Hydrant
31473520,Hydrant,Hydrant,34.98287615,-89.87155498,red,Hydrant
31473521,Hydrant,Hydrant,34.98356753,-89.87164094,red,Hydrant
31473522,Hydrant,Hydrant,34.98450209,-89.87248695,red,Hydrant
31473523,Hydrant,Hydrant,34.98442298,-89.87341993,red,Hydrant
31473524,Hydrant,Hydrant,34.98084789,-89.87296034,red,Hydrant
31473525,Hydrant,Hydrant,34.98092891,-89.87199927,red,Hydrant
31473526,Hydrant,Hydrant,34.98072593,-89.87099198,red,Hydrant
31473527,Hydrant,Hydrant,34.98063512,-89.86956940,red,Hydrant
31473528,Hydrant,Hydrant,34.98143873,-89.86988870,red,Hydrant
31473529,Hydrant,Hydrant,34.98217188,-89.87089912,red,Hydrant
31473530,Hydrant,Hydrant,34.98921394,-89.81162737,red,Hydrant
31473531,Hydrant,Hydrant,34.99011168,-89.81163254,red,Hydrant
31473532,Hydrant,Hydrant,34.99072924,-89.81090409,red,Hydrant
31473533,Hydrant,Hydrant,34.99072829,-89.80957676,red,Hydrant
31473534,Hydrant,Hydrant,34.99073089,-89.80825526,red,Hydrant
31473535,Hydrant,Hydrant,34.99073245,-89.80693331,red,Hydrant
31473536,Hydrant,Hydrant,34.99070723,-89.80561968,red,Hydrant
31473537,Hydrant,Hydrant,34.99017505,-89.80488698,red,Hydrant
31473538,Hydrant,Hydrant,34.98928235,-89.80488837,red,Hydrant
31473539,Hydrant,Hydrant,34.98853623,-89.80501690,red,Hydrant
31473540,Hydrant,Hydrant,34.98836755,-89.80620907,red,Hydrant
31473541,Hydrant,Hydrant,34.98836755,-89.80753057,red,Hydrant
31473542,Hydrant,Hydrant,34.98836755,-89.80885381,red,Hydrant
31473543,Hydrant,Hydrant,34.98836467,-89.81017533,red,Hydrant
31473544,Hydrant,Hydrant,34.98839176,-89.81148275,red,Hydrant
31473545,Hydrant,Hydrant,34.98868511,-89.81282635,red,Hydrant
31473546,Hydrant,Hydrant,34.99388949,-89.79631338,red,Hydrant
31473547,Hydrant,Hydrant,34.99417855,-89.79689295,red,Hydrant
31473548,Hydrant,Hydrant,34.99417466,-89.79891594,red,Hydrant
31473549,Hydrant,Hydrant,34.99360474,-89.80132353,red,Hydrant
31473550,Hydrant,Hydrant,34.99218686,-89.80131227,red,Hydrant
31473551,Hydrant,Hydrant,34.99190594,-89.80088589,red,Hydrant
31473552,Hydrant,Hydrant,34.99160206,-89.79890857,red,Hydrant
31473553,Hydrant,Hydrant,34.99160540,-89.79789289,red,Hydrant
31473554,Hydrant,Hydrant,34.99136201,-89.79840554,red,Hydrant
31473555,Hydrant,Hydrant,34.99148312,-89.79720710,red,Hydrant
31473556,Hydrant,Hydrant,34.99111922,-89.79635057,red,Hydrant
31473557,Hydrant,Hydrant,34.99110958,-89.79903110,red,Hydrant
31473558,Hydrant,Hydrant,34.99135354,-89.79951293,red,Hydrant
31473559,Hydrant,Hydrant,34.99135013,-89.80052759,red,Hydrant
31473560,Hydrant,Hydrant,34.99044478,-89.80112554,red,Hydrant
31473561,Hydrant,Hydrant,34.99007329,-89.80027764,red,Hydrant
31473562,Hydrant,Hydrant,34.99008108,-89.79895606,red,Hydrant
31473563,Hydrant,Hydrant,34.99008879,-89.79760840,red,Hydrant
31473564,Hydrant,Hydrant,34.99009722,-89.79628060,red,Hydrant
31473565,Hydrant,Hydrant,34.98852505,-89.80105307,red,Hydrant
31473566,Hydrant,Hydrant,34.98968137,-89.80183883,red,Hydrant
31473567,Hydrant,Hydrant,34.98891058,-89.80202462,red,Hydrant
31473568,Hydrant,Hydrant,34.98668259,-89.80869959,red,Hydrant
31473569,Hydrant,Hydrant,34.98722030,-89.79951036,red,Hydrant
31473570,Hydrant,Hydrant,34.98558456,-89.80142853,red,Hydrant
31473571,Hydrant,Hydrant,34.98497970,-89.80284083,red,Hydrant
31473572,Hydrant,Hydrant,34.97873274,-89.79473772,red,Hydrant
31473573,Hydrant,Hydrant,34.97095596,-89.79225687,red,Hydrant
31473574,Hydrant,Hydrant,34.97501617,-89.79265349,red,Hydrant
31473575,Hydrant,Hydrant,34.97762098,-89.79432863,red,Hydrant
31473576,Hydrant,Hydrant,34.97700582,-89.79428789,red,Hydrant
31473577,Hydrant,Hydrant,34.97667338,-89.79429963,red,Hydrant
31473578,Hydrant,Hydrant,34.97487369,-89.79261414,red,Hydrant
31473579,Hydrant,Hydrant,34.97580074,-89.78139189,red,Hydrant
31473580,Hydrant,Hydrant,34.97579737,-89.78251864,red,Hydrant
31473581,Hydrant,Hydrant,34.97589662,-89.78427637,red,Hydrant
31473582,Hydrant,Hydrant,34.97793265,-89.78140212,red,Hydrant
31473583,Hydrant,Hydrant,34.97793177,-89.78257336,red,Hydrant
31473584,Hydrant,Hydrant,34.97785291,-89.78411776,red,Hydrant
31473585,Hydrant,Hydrant,34.97793936,-89.77987093,red,Hydrant
31473586,Hydrant,Hydrant,34.97794307,-89.77846409,red,Hydrant
31473587,Hydrant,Hydrant,34.97754483,-89.77795169,red,Hydrant
31473588,Hydrant,Hydrant,34.97650767,-89.77815359,red,Hydrant
31473589,Hydrant,Hydrant,34.97525336,-89.77809024,red,Hydrant
31473590,Hydrant,Hydrant,34.97416279,-89.77831318,red,Hydrant
31473591,Hydrant,Hydrant,34.97323958,-89.77842740,red,Hydrant
31473592,Hydrant,Hydrant,34.97323669,-89.77967378,red,Hydrant
31473593,Hydrant,Hydrant,34.97321200,-89.78035290,red,Hydrant
31473594,Hydrant,Hydrant,34.97322514,-89.78224383,red,Hydrant
31473595,Hydrant,Hydrant,34.97322234,-89.78359988,red,Hydrant
31473596,Hydrant,Hydrant,34.97479733,-89.78378694,red,Hydrant
31473597,Hydrant,Hydrant,34.97531937,-89.78289528,red,Hydrant
31473598,Hydrant,Hydrant,34.97532018,-89.78194470,red,Hydrant
31473599,Hydrant,Hydrant,34.97532228,-89.78097617,red,Hydrant
31473600,Hydrant,Hydrant,34.97532239,-89.77999259,red,Hydrant
31473601,Hydrant,Hydrant,34.97532463,-89.77899335,red,Hydrant
31473602,Hydrant,Hydrant,34.98042870,-89.78113400,red,Hydrant
31473603,Hydrant,Hydrant,34.98043533,-89.78232199,red,Hydrant
31473604,Hydrant,Hydrant,34.98044988,-89.78048218,red,Hydrant
31473605,Hydrant,Hydrant,34.96541696,-89.78137393,red,Hydrant
31473606,Hydrant,Hydrant,34.96541752,-89.78029483,red,Hydrant
31473607,Hydrant,Hydrant,34.96542094,-89.77921414,red,Hydrant
31473608,Hydrant,Hydrant,34.96597244,-89.77803198,red,Hydrant
31473609,Hydrant,Hydrant,34.96692318,-89.77814334,red,Hydrant
31473610,Hydrant,Hydrant,34.96698694,-89.77918086,red,Hydrant
31473611,Hydrant,Hydrant,34.96698528,-89.78012321,red,Hydrant
31473612,Hydrant,Hydrant,34.96698316,-89.78109960,red,Hydrant
31473613,Hydrant,Hydrant,34.96642909,-89.78198553,red,Hydrant
31473614,Hydrant,Hydrant,34.98798255,-89.78105855,red,Hydrant
31473615,Hydrant,Hydrant,34.99018580,-89.78108121,red,Hydrant
31473616,Hydrant,Hydrant,34.98922791,-89.78106915,red,Hydrant
31473617,Hydrant,Hydrant,34.99110865,-89.78108755,red,Hydrant
31473618,Hydrant,Hydrant,34.99284211,-89.77843016,red,Hydrant
31473619,Hydrant,Hydrant,34.98921935,-89.77807826,red,Hydrant
31473620,Hydrant,Hydrant,34.98799518,-89.77806479,red,Hydrant
31473621,Hydrant,Hydrant,34.99112876,-89.77809135,red,Hydrant
31473622,Hydrant,Hydrant,34.98909540,-89.78422992,red,Hydrant
31473623,Hydrant,Hydrant,34.98934906,-89.78420736,red,Hydrant
31473624,Hydrant,Hydrant,34.99040379,-89.78390877,red,Hydrant
31473625,Hydrant,Hydrant,34.99198132,-89.78424398,red,Hydrant
31473626,Hydrant,Hydrant,34.99216127,-89.78290209,red,Hydrant
31473627,Hydrant,Hydrant,34.99214047,-89.78304829,red,Hydrant
31473628,Hydrant,Hydrant,34.95506005,-89.77514188,red,Hydrant
31473629,Hydrant,Hydrant,34.95506397,-89.77381857,red,Hydrant
31473630,Hydrant,Hydrant,34.95506933,-89.77249815,red,Hydrant
31473631,Hydrant,Hydrant,34.95507562,-89.77117482,red,Hydrant
31473632,Hydrant,Hydrant,34.95744160,-89.77081619,red,Hydrant
31473633,Hydrant,Hydrant,34.95743936,-89.77213654,red,Hydrant
31473634,Hydrant,Hydrant,34.95743283,-89.77346019,red,Hydrant
31473635,Hydrant,Hydrant,34.95742937,-89.77478049,red,Hydrant
31473636,Hydrant,Hydrant,34.96499236,-89.79331855,red,Hydrant
31473637,Hydrant,Hydrant,34.96450826,-89.79100495,red,Hydrant
31473638,Hydrant,Hydrant,34.96251414,-89.79185279,red,Hydrant
31473639,Hydrant,Hydrant,34.96246256,-89.79280106,red,Hydrant
31473640,Hydrant,Hydrant,34.98514711,-89.79609225,red,Hydrant
31473641,Hydrant,Hydrant,34.98523423,-89.79604025,red,Hydrant
31473642,Hydrant,Hydrant,34.98633968,-89.79617131,red,Hydrant
31473643,Hydrant,Hydrant,34.98661166,-89.79726474,red,Hydrant
31473644,Hydrant,Hydrant,34.98500784,-89.79708908,red,Hydrant
31473645,Hydrant,Hydrant,34.98499743,-89.79763028,red,Hydrant
31473646,Hydrant,Hydrant,34.98554410,-89.80100013,red,Hydrant
31473647,Hydrant,Hydrant,34.98572670,-89.79058430,red,Hydrant
31473648,Hydrant,Hydrant,34.98662851,-89.79391104,red,Hydrant
31473649,Hydrant,Hydrant,34.98661977,-89.79419916,red,Hydrant
31473650,Hydrant,Hydrant,34.98661674,-89.79459040,red,Hydrant
31473651,Hydrant,Hydrant,34.98660021,-89.79505708,red,Hydrant
31473652,Hydrant,Hydrant,34.93063287,-89.80540815,red,Hydrant
31473653,Hydrant,Hydrant,34.93134926,-89.80938429,red,Hydrant
31473654,Hydrant,Hydrant,34.93175255,-89.80794517,red,Hydrant
31473655,Hydrant,Hydrant,34.93032094,-89.80638858,red,Hydrant
31473656,Hydrant,Hydrant,34.94260047,-89.84515177,red,Hydrant
31473657,Hydrant,Hydrant,34.94259681,-89.84575570,red,Hydrant
31473658,Hydrant,Hydrant,34.94270116,-89.84688582,red,Hydrant
31473659,Hydrant,Hydrant,34.94377315,-89.84710541,red,Hydrant
31473660,Hydrant,Hydrant,34.94485361,-89.84711467,red,Hydrant
31473661,Hydrant,Hydrant,34.94576046,-89.84665398,red,Hydrant
31473662,Hydrant,Hydrant,34.94579082,-89.84637400,red,Hydrant
31473663,Hydrant,Hydrant,34.94585238,-89.84566804,red,Hydrant
31473664,Hydrant,Hydrant,34.94542510,-89.84480683,red,Hydrant
31473665,Hydrant,Hydrant,34.94433370,-89.84480200,red,Hydrant
31473666,Hydrant,Hydrant,34.94327946,-89.84478798,red,Hydrant
31473667,Hydrant,Hydrant,34.95128353,-89.84620402,red,Hydrant
31473668,Hydrant,Hydrant,34.95213843,-89.84775061,red,Hydrant
31473669,Hydrant,Hydrant,34.95229947,-89.84627376,red,Hydrant
31473670,Hydrant,Hydrant,34.95292573,-89.84449337,red,Hydrant
31473671,Hydrant,Hydrant,34.95279051,-89.84758620,red,Hydrant
31473672,Hydrant,Hydrant,34.95287958,-89.84633296,red,Hydrant
31473673,Hydrant,Hydrant,34.95392255,-89.84621655,red,Hydrant
31473674,Hydrant,Hydrant,34.81762119,-89.99416905,red,Hydrant
31473675,Hydrant,Hydrant,34.80913675,-89.91889284,red,Hydrant
31473676,Hydrant,Hydrant,34.80964114,-89.91956173,red,Hydrant
31473677,Hydrant,Hydrant,34.80942562,-89.91154815,red,Hydrant
31473678,Hydrant,Hydrant,34.84617511,-89.91527662,red,Hydrant
31473679,Hydrant,Hydrant,34.84789750,-89.91507435,red,Hydrant
31473680,Hydrant,Hydrant,34.84485273,-89.92925179,red,Hydrant
31473681,Hydrant,Hydrant,34.84375427,-89.92923471,red,Hydrant
31473682,Hydrant,Hydrant,34.84315176,-89.92927253,red,Hydrant
31473683,Hydrant,Hydrant,34.84274589,-89.93596857,red,Hydrant
31473684,Hydrant,Hydrant,34.84183452,-89.93532646,red,Hydrant
31473685,Hydrant,Hydrant,34.84126358,-89.93416819,red,Hydrant
31473686,Hydrant,Hydrant,34.84128004,-89.93309257,red,Hydrant
31473687,Hydrant,Hydrant,34.84046529,-89.93307594,red,Hydrant
31473688,Hydrant,Hydrant,34.83930946,-89.93305384,red,Hydrant
31473689,Hydrant,Hydrant,34.84214350,-89.93326663,red,Hydrant
31473690,Hydrant,Hydrant,34.84287547,-89.93394583,red,Hydrant
31473691,Hydrant,Hydrant,34.84355150,-89.93482016,red,Hydrant
31473692,Hydrant,Hydrant,34.84365065,-89.93578043,red,Hydrant
31473693,Hydrant,Hydrant,34.84660302,-89.95180256,red,Hydrant
31473694,Hydrant,Hydrant,34.84728837,-89.95110624,red,Hydrant
31473695,Hydrant,Hydrant,34.84794640,-89.94990754,red,Hydrant
31473696,Hydrant,Hydrant,34.84880416,-89.94989143,red,Hydrant
31473697,Hydrant,Hydrant,34.84968429,-89.94982664,red,Hydrant
31473698,Hydrant,Hydrant,34.84919811,-89.95056371,red,Hydrant
31473699,Hydrant,Hydrant,34.85666564,-89.93745279,red,Hydrant
31473700,Hydrant,Hydrant,34.85667500,-89.93804873,red,Hydrant
31473701,Hydrant,Hydrant,34.82252432,-89.93634390,red,Hydrant
31473702,Hydrant,Hydrant,34.82375927,-89.93595862,red,Hydrant
31473703,Hydrant,Hydrant,34.82400124,-89.93466995,red,Hydrant
31473704,Hydrant,Hydrant,34.82393426,-89.93313383,red,Hydrant
31473705,Hydrant,Hydrant,34.82401058,-89.93220929,red,Hydrant
31473706,Hydrant,Hydrant,34.82289323,-89.93276357,red,Hydrant
31473707,Hydrant,Hydrant,34.82183652,-89.93632617,red,Hydrant
31473708,Hydrant,Hydrant,34.85384521,-89.95381370,red,Hydrant
31473709,Hydrant,Hydrant,34.85374592,-89.95249030,red,Hydrant
31473710,Hydrant,Hydrant,34.85375360,-89.95103858,red,Hydrant
31473711,Hydrant,Hydrant,34.85375764,-89.94970525,red,Hydrant
31473712,Hydrant,Hydrant,34.85375632,-89.94817104,red,Hydrant
31473713,Hydrant,Hydrant,34.86122382,-89.96236733,red,Hydrant
31473714,Hydrant,Hydrant,34.86236291,-89.96226513,red,Hydrant
31473715,Hydrant,Hydrant,34.86212913,-89.96132172,red,Hydrant
31473716,Hydrant,Hydrant,34.86138353,-89.96130530,red,Hydrant
31473717,Hydrant,Hydrant,34.86046633,-89.96823995,red,Hydrant
31473718,Hydrant,Hydrant,34.85587392,-89.89991241,red,Hydrant
31473719,Hydrant,Hydrant,34.85586938,-89.89833033,red,Hydrant
31473720,Hydrant,Hydrant,34.85560142,-89.89714865,red,Hydrant
31473721,Hydrant,Hydrant,34.85418722,-89.90011318,red,Hydrant
31473722,Hydrant,Hydrant,34.85423641,-89.89853023,red,Hydrant
31473723,Hydrant,Hydrant,34.85392719,-89.89721540,red,Hydrant
31473724,Hydrant,Hydrant,34.89058887,-89.90114046,red,Hydrant
31473725,Hydrant,Hydrant,34.89108754,-89.89977187,red,Hydrant
31473726,Hydrant,Hydrant,34.89006352,-89.89786473,red,Hydrant
31473727,Hydrant,Hydrant,34.89005375,-89.89550984,red,Hydrant
31473728,Hydrant,Hydrant,34.89120982,-89.89582959,red,Hydrant
31473729,Hydrant,Hydrant,34.89241222,-89.89642863,red,Hydrant
31473730,Hydrant,Hydrant,34.89256191,-89.89829778,red,Hydrant
31473731,Hydrant,Hydrant,34.89251803,-89.90068236,red,Hydrant
31473732,Hydrant,Hydrant,34.90162220,-89.93554016,red,Hydrant
31473733,Hydrant,Hydrant,34.90161887,-89.93292765,red,Hydrant
31473734,Hydrant,Hydrant,34.90301147,-89.93217972,red,Hydrant
31473735,Hydrant,Hydrant,34.90359966,-89.93229969,red,Hydrant
31473736,Hydrant,Hydrant,34.90160340,-89.92753736,red,Hydrant
31473737,Hydrant,Hydrant,34.90160840,-89.92954000,red,Hydrant
31473738,Hydrant,Hydrant,34.90255921,-89.92993508,red,Hydrant
31473739,Hydrant,Hydrant,34.90255931,-89.92754609,red,Hydrant
31473740,Hydrant,Hydrant,34.90360687,-89.92829303,red,Hydrant
31473741,Hydrant,Hydrant,34.90361826,-89.92961379,red,Hydrant
31473742,Hydrant,Hydrant,34.90336496,-89.93068542,red,Hydrant
31473743,Hydrant,Hydrant,34.90393965,-89.93072409,red,Hydrant
31473744,Hydrant,Hydrant,34.90303586,-89.93381181,red,Hydrant
31473745,Hydrant,Hydrant,34.90302965,-89.93495721,red,Hydrant
31473746,Hydrant,Hydrant,34.91208068,-89.99988908,red,Hydrant
31473747,Hydrant,Hydrant,34.91152751,-89.99942865,red,Hydrant
31473748,Hydrant,Hydrant,34.91215051,-89.99879466,red,Hydrant
31473749,Hydrant,Hydrant,34.91086565,-90.00019001,red,Hydrant
31473750,Hydrant,Hydrant,34.91036830,-89.99942462,red,Hydrant
31473751,Hydrant,Hydrant,34.91000210,-89.99813974,red,Hydrant
31473752,Hydrant,Hydrant,34.90930074,-89.99679051,red,Hydrant
31473753,Hydrant,Hydrant,34.90917481,-89.99542696,red,Hydrant
31473754,Hydrant,Hydrant,34.90876501,-89.99407882,red,Hydrant
31473755,Hydrant,Hydrant,34.90866655,-89.99258875,red,Hydrant
31473756,Hydrant,Hydrant,34.90978546,-89.99208870,red,Hydrant
31473757,Hydrant,Hydrant,34.91028650,-89.99195064,red,Hydrant
31473758,Hydrant,Hydrant,34.91048579,-89.99330760,red,Hydrant
31473759,Hydrant,Hydrant,34.91092186,-89.99469042,red,Hydrant
31473760,Hydrant,Hydrant,34.91134648,-89.99608733,red,Hydrant
31473761,Hydrant,Hydrant,34.91173769,-89.99740519,red,Hydrant
31473762,Hydrant,Hydrant,34.91595324,-89.99767771,red,Hydrant
31473763,Hydrant,Hydrant,34.91588766,-89.99705737,red,Hydrant
31473764,Hydrant,Hydrant,34.91586250,-89.99616160,red,Hydrant
31473765,Hydrant,Hydrant,34.91585450,-89.99527790,red,Hydrant
31473766,Hydrant,Hydrant,34.91587533,-89.99436791,red,Hydrant
31473767,Hydrant,Hydrant,34.91572406,-89.99325168,red,Hydrant
31473768,Hydrant,Hydrant,34.91535413,-89.99241315,red,Hydrant
31473769,Hydrant,Hydrant,34.91463704,-89.99241697,red,Hydrant
31473770,Hydrant,Hydrant,34.91391716,-89.99227002,red,Hydrant
31473771,Hydrant,Hydrant,34.91351441,-89.99296825,red,Hydrant
31473772,Hydrant,Hydrant,34.91338694,-89.99407296,red,Hydrant
31473773,Hydrant,Hydrant,34.91338535,-89.99505078,red,Hydrant
31473774,Hydrant,Hydrant,34.91339470,-89.99603236,red,Hydrant
31473775,Hydrant,Hydrant,34.91574639,-89.99796720,red,Hydrant
31473776,Hydrant,Hydrant,34.91556848,-89.99917280,red,Hydrant
31473777,Hydrant,Hydrant,34.91536309,-89.99899941,red,Hydrant
31473778,Hydrant,Hydrant,34.91475108,-89.99916990,red,Hydrant
31473779,Hydrant,Hydrant,34.91461486,-89.99901677,red,Hydrant
31473780,Hydrant,Hydrant,34.91387315,-89.99917698,red,Hydrant
31473781,Hydrant,Hydrant,34.91388205,-89.99901103,red,Hydrant
31473782,Hydrant,Hydrant,34.91353675,-89.99801039,red,Hydrant
31473783,Hydrant,Hydrant,34.91339112,-89.99698223,red,Hydrant
31473784,Hydrant,Hydrant,34.91353960,-89.99969408,red,Hydrant
31473785,Hydrant,Hydrant,34.91339336,-90.00060533,red,Hydrant
31473786,Hydrant,Hydrant,34.91339352,-90.00142858,red,Hydrant
31473787,Hydrant,Hydrant,34.91339228,-90.00227761,red,Hydrant
31473788,Hydrant,Hydrant,34.91577103,-90.00019680,red,Hydrant
31473789,Hydrant,Hydrant,34.91576140,-90.00129612,red,Hydrant
31473790,Hydrant,Hydrant,34.91577190,-90.00200468,red,Hydrant
31473791,Hydrant,Hydrant,34.91555556,-90.00283661,red,Hydrant
31473792,Hydrant,Hydrant,34.91475813,-90.00301057,red,Hydrant
31473793,Hydrant,Hydrant,34.91414606,-90.00296461,red,Hydrant
31473794,Hydrant,Hydrant,34.91595820,-90.00264069,red,Hydrant
31473795,Hydrant,Hydrant,34.91596929,-90.00101985,red,Hydrant
31473796,Hydrant,Hydrant,34.91595957,-89.99937431,red,Hydrant
31473797,Hydrant,Hydrant,34.91657844,-90.00628926,red,Hydrant
31473798,Hydrant,Hydrant,34.91607006,-90.00752517,red,Hydrant
31473799,Hydrant,Hydrant,34.91619658,-90.00867823,red,Hydrant
31473800,Hydrant,Hydrant,34.91681843,-90.00894690,red,Hydrant
31473801,Hydrant,Hydrant,34.91728158,-90.00864772,red,Hydrant
31473802,Hydrant,Hydrant,34.91838458,-90.00918373,red,Hydrant
31473803,Hydrant,Hydrant,34.91842877,-90.01050133,red,Hydrant
31473804,Hydrant,Hydrant,34.91733585,-90.01116123,red,Hydrant
31473805,Hydrant,Hydrant,34.91624492,-90.01119781,red,Hydrant
31473806,Hydrant,Hydrant,34.91530728,-90.01052654,red,Hydrant
31473807,Hydrant,Hydrant,34.91527937,-90.00939897,red,Hydrant
31473808,Hydrant,Hydrant,34.91499143,-90.00797906,red,Hydrant
31473809,Hydrant,Hydrant,34.91384125,-90.00729885,red,Hydrant
31473810,Hydrant,Hydrant,34.91266455,-90.00660002,red,Hydrant
31473811,Hydrant,Hydrant,34.91199580,-90.00565158,red,Hydrant
31473812,Hydrant,Hydrant,34.91260498,-90.00414927,red,Hydrant
31473813,Hydrant,Hydrant,34.91378129,-90.00393166,red,Hydrant
31473814,Hydrant,Hydrant,34.91491874,-90.00463537,red,Hydrant
31473815,Hydrant,Hydrant,34.91607679,-90.00531561,red,Hydrant
31473816,Hydrant,Hydrant,34.81148527,-89.99220087,red,Hydrant
31473817,Hydrant,Hydrant,34.81228037,-89.99281755,red,Hydrant
31473818,Hydrant,Hydrant,34.81210479,-89.99355954,red,Hydrant
31473819,Hydrant,Hydrant,34.81100760,-89.99329103,red,Hydrant
31473820,Hydrant,Hydrant,34.82950182,-89.97987730,red,Hydrant
31473821,Hydrant,Hydrant,34.81645249,-89.97131409,red,Hydrant
31473822,Hydrant,Hydrant,34.83428430,-89.97334758,red,Hydrant
31473823,Hydrant,Hydrant,34.83441479,-89.97452822,red,Hydrant
31473824,Hydrant,Hydrant,34.82131635,-89.97177242,red,Hydrant
31473825,Hydrant,Hydrant,34.88404890,-89.99428063,red,Hydrant
31473826,Hydrant,Hydrant,34.88385989,-89.99536219,red,Hydrant
31473827,Hydrant,Hydrant,34.87909973,-90.00574180,red,Hydrant
31473828,Hydrant,Hydrant,34.87820339,-90.00571364,red,Hydrant
31473829,Hydrant,Hydrant,34.87773296,-90.00411320,red,Hydrant
31473830,Hydrant,Hydrant,34.87829527,-90.00403978,red,Hydrant
31473831,Hydrant,Hydrant,34.87734826,-90.00582481,red,Hydrant
31473832,Hydrant,Hydrant,34.87618236,-90.00490219,red,Hydrant
31473833,Hydrant,Hydrant,34.89531831,-89.99484821,red,Hydrant
31473834,Hydrant,Hydrant,34.89606550,-89.99579291,red,Hydrant
31473835,Hydrant,Hydrant,34.83908436,-89.99465922,red,Hydrant
31473836,Hydrant,Hydrant,34.90010910,-90.16985670,red,Hydrant
31473837,Hydrant,Hydrant,34.89920494,-90.17054725,red,Hydrant
31473838,Hydrant,Hydrant,34.89912396,-90.17100750,red,Hydrant
31473839,Hydrant,Hydrant,34.89935261,-90.17205386,red,Hydrant
31473840,Hydrant,Hydrant,34.90045440,-90.17227272,red,Hydrant
31473841,Hydrant,Hydrant,34.90134374,-90.17286628,red,Hydrant
31473842,Hydrant,Hydrant,34.90104644,-90.17189492,red,Hydrant
31473843,Hydrant,Hydrant,34.90106285,-90.17041969,red,Hydrant
31473844,Hydrant,Hydrant,34.90345420,-90.17441316,red,Hydrant
31473845,Hydrant,Hydrant,34.92837523,-89.91900223,red,Hydrant
31473846,Hydrant,Hydrant,34.91853890,-89.82011700,red,Hydrant
